Key,Item Type,Author,Title,ISBN,ISSN,Date,Date Added,Num Pages,Series,Publisher,Place,Language,Archive,Archive Location,Subject Tags,Editor,Contributor,OCLC
2468,book,,"A dictionary of Iraqi Arabic, English-Arabic. Edited by Beverly E. Clarity, Karl Stowasser [and] Ronald G. Wolfe.",,,1964,2025-10-28 14:35:59,202,"Georgetown University. Institute of Languages and Linguistics. Arabic series, no. 6",Georgetown University Press,Washington,eng,Rif'at al-Sa'id Library,"Range 1, Shelf A",;Iraq; Arabic; Arabic language; Dialects; English language,"Clarity, Beverly E.; Stowasser, Karl; Wolfe, Ronald G.",,OCLC: 51818732
2470,book,"Kirkpatrick, Samuel A.",Quantitative analysis of political data [by] Samuel A. Kirkpatrick.,978-0-675-08903-6,,1974,2025-10-28 17:22:11,xiv+509,Merrill political science series,Merrill,"Columbus, Ohio",eng,Rif'at al-Sa'id Library,"Range 1, Shelf A", Mathematical models; Political science,,,OCLC: 799419
2472,book,"Kousoulas, D. George",On government: a comparative introduction [by] D. George Kousoulas.,,,1968,2025-10-28 17:36:04,xii+403,Wadsworth series in world politics,Wadsworth Pub. Co.,"Belmont, Calif",eng,Rif'at al-Sa'id Library,"Range 1, Shelf A", Political science; Comparative government,,,OCLC: 437562
2474,book,"Hoskins, W. G.",Two thousand years in Exeter,978-0-85033-340-4,,1963,2025-10-28 17:55:49,xi+164,,Phillimore,"Chichester, Sussex",eng,Rif'at al-Sa'id Library,"Range 1, Shelf A", Exeter (England); History,,,OCLC: 220390869
2476,book,"Duchacek, Ivo D.",Conflict and cooperation among nations. With the collaboration of Kenneth W. Thompson.,,6000-7974,1960,2025-10-28 17:57:48,649,,"Holt, Rinehart and Winston",New York,eng,Rif'at al-Sa'id Library,"Range 1, Shelf A", International relations,,,OCLC: 503038
2478,book,"Leiserson, Avery; Ford, Harry",Parties and politics: an institutional and behavioral approach,,,1958,2025-10-28 18:09:34,xvii+379+x,Borzoi books in political science,Knopf,New York,eng,Rif'at al-Sa'id Library,"Range 1, Shelf A", Political parties,,"Ford, Harry",OCLC: 512212
2480,book,"Self, Peter",Political theories of modern government: its role and reform,978-0-04-320174-9,,1985,2025-10-28 18:19:36,xiii+223,,Allen & Unwin,London ;,eng,Rif'at al-Sa'id Library,"Range 1, Shelf A"," Political science; State, The",,,OCLC: 11841181
2482,book,Middle East Studies Association of North America,Roster of Members 1994,,,1994,2025-10-28 18:28:07,,,,"Tucson, Arizona",eng,Rif'at al-Sa'id Library,"Range 1, Shelf A", ,,,
2484,book,Social Science Research Council,Annual Report 1968-1969,,,1968,2025-10-29 19:29:43,,,,New York,eng,Rif'at al-Sa'id Library,"Range 1, Shelf A", ,,,
2486,book,The Canadian Association of University Teachers,C.A.U.T. Bulletin,,,1971,2025-10-29 19:37:05,,,,"Ottawa, Ontario",eng,Rif'at al-Sa'id Library,"Range 1, Shelf A", ,,,
2488,book,,Studies on Asia,,,c1964.,2025-11-11 0:19:18,,,University of Nebraska Press,,,Rif'at al-Sa'id Library,"Range 1, Shelf A", ,"Sakai, Robert K.",,
2490,book,"Purnell, Robert",The Society of States: An Introduction to International Politics,978-0-297-76644-5,,1973,2025-11-11 0:24:49,332,,Wiedenfeld & Nicolson,,en,Rif'at al-Sa'id Library,"Range 1, Shelf A", Political Science / History & Theory; Political Science / International Relations / General,,,
2492,book,"Kantor, Harry",Patterns of politics and political systems in Latin America.,,6801-6840,1969,2025-11-11 0:29:44,xiii+742,Rand McNally political science series,Rand McNally,Chicago,eng,Rif'at al-Sa'id Library,"Range 1, Shelf A", Comparative government; Latin America; Politics and government,,,
2494,book,Middle East Studies Association of North America,Roster of Members 1984,,,1984,2025-11-11 0:30:59,,,,"Tucson, Arizona",eng,Rif'at al-Sa'id Library,"Range 1, Shelf A", ,,,
2496,book,"Fagg, John Edwin","Latin America, a general history.",,6300-8637,1967,2025-11-11 0:42:59,1070,,Macmillan,New York,eng,Rif'at al-Sa'id Library,"Range 1, Shelf A", History; Latin America,,,
2498,book,"Muʻallah, ʻAbd al-Amīr",The long days,,,1980,2025-11-11 0:46:18,,,Ithaca Press,London,eng,Rif'at al-Sa'id Library,"Range 1, Shelf A", ,,,OCLC: 154004123
2500,book,"Padmore, George",Africa: Britain's Third Empire,978-0-8371-2182-6,,1949,2025-11-11 0:52:53,276,,Dobson,,en,Rif'at al-Sa'id Library,"Range 1, Shelf A", ,,,
2502,book,,Jusoor: Culture and Survival /جسور:الثقافة ومقاومة الموت,1 85649 041 6,1066-4955,1993,2025-11-11 0:56:02,,Spring-Summer,,"Bethesda, Maryland",en/ara,Rif'at al-Sa'id Library,"Range 1, Shelf A", ,"Akash, Munir",,
2504,book,"Ṭā Hā/طه, ʿAbd al-Wāḥid Dhnūn/عبد الواحد ذنون","al-ʿIrāq fī ʿahd al-Ḥajjāj ibn Yūsuf al-Thaqafī min al-nāḥiya al-siyāsiyya wa-l-idāriyya, 75–95 H, 694–714 C.E/العراق في عهد الحجاج بن يوسف الثقفي من الناحية السياسية والإدارية، 75–95هـ، 694–714م",,,1985,2025-11-11 1:07:47,,,al-Mawṣil : Manshūrāt Maktabat Absām/الموصل : منشورات مكتبة ابسام,,ara,Rif'at al-Sa'id Library,"Range 1, Shelf B", ,,,OCLC: 784466465
2506,book,"al-Rāwī/الراوي, Thābit Ismāʿīl/ثابت اسماعيل",al-ʿIrāq fī al-ʿaṣr al-Umawī min al-nāḥiya al-siyāsiyya wa-l-idāriyya wa-l-ijtimāʿiyya/العراق في العصر الأموي من الناحية السياسية والإدارية والاجتماعية,,,1965,2025-11-11 1:22:03,288,,Maktabat al-Nahḍah/ مكتبة النهضة,Baghdad/ بغداد,ara,Rif'at al-Sa'id Library,"Range 1, Shelf B", ,,,OCLC: 784468091
2508,book,"ʿAlī/علي, ʿAlī Shākir/علي شاكر","Tārīkh al-ʿIrāq fī al-ʿahd al-ʿUthmānī, 1638–1750 C.E., 1048–1164 H. Dirāsa fī Aḥwālihi al-Siyāsiyya/ تاريخ العراق في العهد العثماني، 1638–1750م، 1048–1164هـ. دراسة في أحواله السياسية",,,1985,2025-11-11 1:28:59,,,Maktabat 3 Tammūz/مكتبة 3 تموز,Baghdad/ بغداد,,Rif'at al-Sa'id Library,"Range 1, Shelf B", ,,,OCLC: 949583735
2510,book,"al-Kharbūṭlī/الخربوطلي, ʿAlī Ḥusnī/علي حسني","Tārīkh al-ʿIrāq: fī ẓil al-ḥukm al-Umawī, al-siyāsī, al-ijtimāʿī, al-iqtiṣādī/ تاريخ العراق: في ظل الحكم الأموي، السياسي، الاجتماعي، الاقتصادي",,,1959,2025-11-11 1:34:35,,,Dār al-Maʿārif/دار المعارف,Miṣr/مصر,ara,Rif'at al-Sa'id Library,"Range 1, Shelf B", ,,,OCLC: 235994822
2512,book,"Wardī/ وردي, ʻAlī/علي",Wuʻʻāẓ al-salāṭīn: baḥth ṣarīḥ fī ṭabīʻat al-insān min ghayr nifāq/ وعاظ السلاطين : بحث صريح في طبيعة الانسان من غير نفاق,,,1954,2025-11-11 1:39:27,416,,Maṭbaʻat al-Maʻārif,Baghdād,ara,Rif'at al-Sa'id Library,"Range 1, Shelf B", Islamic philosophy,,,
2514,book,"Wardī/ وردي, ʿAlī/علي",Usṭurat al-Adab al-Rafīʿ/أسطورة الأدب الرفيع,,,1957,2025-11-11 1:46:26,,,Maṭbaʿat al-Rābiṭa/مطبعة الرابطة,Baghdad/ بغداد,ara,Rif'at al-Sa'id Library,"Range 1, Shelf B", ,,,
2516,book,"Bābū Isḥāq/بابو اسحاق, Rufāʼīl/رفائيل",Madāris al-ʻIrāq qabla al-Islām/ مدارس العراق قبل الاسلام,,,1955,2025-11-11 1:51:47,172,,Maṭbaʼt Shafiq,Baghdād,ara,Rif'at al-Sa'id Library,"Range 1, Shelf B", Iraq; History; Education; Schools,,,
2518,book,"Badr al-Dīn/بدر الدين, Ṣalāḥ/صلاح",Kurdistān wa al-ḥarakah al-taḥarruriyyah al-kurdiyyah/كردستان والحركة التحررية الكردية,,,1983,2025-11-11 1:56:26,94,,al-Sharq al-Jadīd,Nicosia,ara,Rif'at al-Sa'id Library,"Range 1, Shelf B", History; Kurdistan; Kurds,,,OCLC: 54825687
2520,book,"Wardī/ وردي, ʻAlī/علي",Mahzalat al-ʻaql al-bashari ̄: muhạ̄walah jadīdah fi ̄naqd al-mantịq al-qadīm la ̄takhlu ̄min safsatạh /مهزلة العقل البشري : محاولة جديدة في نقد المنطق القديم لا تخلوا من سفسطة,,,1955,2025-11-11 2:02:24,400,,Matḅaʻat al-Rab̄itạh,Baghdād,ara,Rif'at al-Sa'id Library,"Range 1, Shelf B", History; Arab countries; Intellectual life; Islam and state; Social conditions,,,
2522,book,"Shabīb/شبيب, Maḥmūd/محمود",Ṣafaḥāt maṭwīyah min tārīkh al-ʻIrāq/صفحات مطوية من تاريخ العراق,,,1981,2025-11-11 2:06:27,169,,al-Muʼassasah al-ʻArabīyah lil-Dirāsāt wa-al-Nashr,Bayrūt,ara,Rif'at al-Sa'id Library,"Range 1, Shelf B", Iraq; History,,,
2524,book,"Jawad/جواد, Hashim/هاشم",Muqaddimah fī kiyān al-ʻIrāq al-ijtimāʻī/مقدمة في كيان العراق الاجتماعي,,,1946,2025-11-11 2:09:27,133,,Maṭbaʻat al-Maʻārif,Baghdād,ara,Rif'at al-Sa'id Library,"Range 1, Shelf B", Iraq; Social conditions,,,
2526,book,"Shīrgūhشيرگوه/, Balah/بله",Al-Quḍiyya al-Kurdiyya: Māḍī al-Kurd wa-Ḥāḍiruhum/القضية الكردية: ماضي الكرد وحاضرهم,,,1986,2025-11-11 2:13:02,159,,Dār al-Kātib/دار الكاتب,Beirut/بيروت,ara,Rif'at al-Sa'id Library,"Range 1, Shelf B", ,,,OCLC: 897445391
2528,book,"Mallāḥ/ملاح, ʻAbd al-Ghanī/عبد الغني",Tārīkh al-ḥarakah al-dīmuqrāṭīyah fī al-ʻIrāq/تاريخ الحركة الديمقراطية في العراق,,7696-0749,1975,2025-11-11 2:18:44,225,"Silsilat ""Kitāb al-jamāhīr""","al-Jumhūrīyah al-ʻIrāqīyah, Wizārat al-Iʻlām",Baghdād,ara,Rif'at al-Sa'id Library,"Range 1, Shelf B", Iraq; History; 1921-,,,
2530,book,"Bresheeth, Haim; Yuval-Davis, Nira",The Gulf War and the new world order,978-1-85649-041-2,,1991,2025-11-11 2:25:15,,,Zed Books,,eng,Rif'at al-Sa'id Library,"Range 1, Shelf B"," 1979-; Persian Gulf War, 1991;World politics--1989-;Persian Gulf Region--Foreign relations;Middle East--Foreign relations;Middle East--Politics and government",,,
2532,book,"al-Ḥusaynī/الحسينى, ʿAbd al-Razzāq/عبد الرزاق",Al-ʿIrāq: Qadīman wa-Ḥadīthan/العراق: قديماً وحديثاً,,,1948,2025-11-11 2:32:35,,,,,,Rif'at al-Sa'id Library,"Range 1, Shelf B", ,,,
2534,book,"ʻUmarī/العمري, Muḥammad Amīn/محمد امين",Tārīkh ḥarb al-ʻIrāq khilāl al-ḥarb al-ʻuẓmá 1914-1918/تاريخ حرب العراق خلال الحرب العظمى سنة,,,1935,2025-11-11 2:36:02,,,al-Maṭbaʻah al-ʻArabīyah,Baghdād,ara,Rif'at al-Sa'id Library,"Range 1, Shelf B", ,,,OCLC: 1041874041
2536,book,"Baṣrī/بصري, Mīr/ مير",Mabāḥith fī al-iqtiṣād al-ʻIrāqī : 20 maqālah mukhtārah fī al-iqtiṣād wa-al-tijārah wa-al-zirāʻah wa-al-ṣināʻah wa-al-māl wa-al-naqd wa-al-ʻumrān /مباحث في الاقتصاد العراقي : ٢٠ مقالة مختارة في الاقتصاد والتجارة والزراعة والصناعة والمال والنقد والعمران,,,1948,2025-11-11 2:42:36,335,,شركة التجارة,بغداد,ara,Rif'at al-Sa'id Library,"Range 1, Shelf B", ,,,OCLC: 43404697
2538,book,"Ismāʿīl/إسماعيل, Maḥmūd/محمود",Al-Aghāliba Sīāsatuhum al-Khārijiyya/الأغالبة: سياستهم الخارجية,,,1972,2025-11-11 2:49:17,,,Jāmiʿat ʿAyn Shams/جامعة عين شمس,Al-Qāhira/ القاهرة,ara,Rif'at al-Sa'id Library,"Range 1, Shelf B", ,,,
2540,book,"Saʻd/سعد, Fahmī ʻAbd al-Razzāq/فهمي عبد الرزاق",al-ʻĀmmah fī Baghdād fī al-qarnayn al-thālith wa-al-rābiʻ al-Hijriyayn/العامة في بغداد في القرنين الثالث والرابع الهجريين,,,1983,2025-11-11 2:54:45,373,,al-Ahlīyah lil-Nashr wa-al-Tawzīʻ,Bayrūt,ara,Rif'at al-Sa'id Library,"Range 1, Shelf A", Economic conditions; Baghdad (Iraq); Social life and customs,,,
2542,book,Iraq Committee of officials,An introduction to the past and present of the kingdom of Iraq,,,1946,2025-11-11 2:57:28,,,Printed by the Lord Baltimore press,Baltimore,eng,Rif'at al-Sa'id Library,"Range 1, Shelf B", Iraq; History,,,
2544,book,"Der Hagopian/دير هاكوبيان, Moses K./موسيس",Ḥālat al-ʻIrāq al-ṣiḥḥīyah fī niṣf qarn/حالة العراق الصحية في نصف قرن,,,1981,2025-11-11 3:00:02,264+3,Silsilat al-dirāsāt,"al-Jumhūrīyah al-ʻIrāqīyah, Wizārat al-Thaqāfah wa-al-Iʻlām, Dār al-Rashīd lil-Nashr",Baghdad,ara,Rif'at al-Sa'id Library,"Range 1, Shelf B", Iraq; Public health,,,
2546,book,"ʻUmarī/عمري, Muḥammad Ṭāhir/محمد طاهر",Tārīkh muqaddarāt al-ʻIrāq al-siyāsīyah/تأريخ مقدرات العراق السياسية,,,1924,2025-11-11 3:03:35,,١،٢،٣,al-Maṭbaʻah al-ʻAṣrīyah,Baghdād,ara,Rif'at al-Sa'id Library,"Range 1, Shelf B"," Iraq; History; (Iraq :; 1920); Revolt; Revolt, 1920",,,
2548,book,Muḥammad Salmān / محمد سلمان Ḥasan / حسن,al-Taṭawwur al-iqtiṣādī fī al-ʻIrāq / التطور الاقتصادي في العراق,,,1965,2025-11-11 3:06:57,,,al-Maktabah al-ʻAṣrīyah,Ṣāyḍā,ara,Rif'at al-Sa'id Library,"Range 1, Shelf B", Commerce; Economic conditions; Iraq,,,
2550,book,"Muḥammad/محمد, ʻAlāʼ Jāsim/علاء جاسم",Jaʻfar al-ʻAskarī wa-dawruhu al-siyāsī wa-al-ʻaskarī fī tārīkh al-ʻIrāq ḥattá ʻām 1936/جعفر العسكري ودوره السياسي والعسكري في تاريخ العراق حتى عام,,,1987,2025-11-11 3:10:47,304,,Maktabat al-Yaqẓah al-ʻArabīyah,Baghdād,ara,Rif'at al-Sa'id Library,"Range 1, Shelf B"," Iraq; History; Politics and government; Biography; Generals; Hashemite Kingdom, 1921-1958; ʻAskarī, Jaʻfar, 1885-1936; Iraq$$QGenerals; Iraq$$QStatesmen; Statesmen",,,
2552,book,"ʻUmarī/العمري, Muḥammad Amīn/محمد امين",Tārīkh ḥarb al-ʻIrāq khilāl al-ḥarb al-ʻuẓmá 1914-1918/تاريخ حرب العراق خلال الحرب العظمى سنة,,,1935,2025-11-11 3:12:51,,,al-Maṭbaʻah al-ʻArabīyah,Baghdād,ara,Rif'at al-Sa'id Library,"Range 1, Shelf B", ,,,OCLC: 1041874041
2554,book,,Qawānīn al-ʿAmal/قوانين العمل,,,1953,2025-11-11 18:07:42,,,Dār al-Fikr al-ʿArabī/دار الفكر العربي,Al-Qāhira/ القاهرة,ara,Rif'at al-Sa'id Library,"Range 1, Shelf C", ,,,OCLC: 784308630
2556,book,"al-ʿĀnī/العاني, Nūrī ʿAbd al-Ḥamīd/نوري عبد الحميد","Al-ʿIrāq fī al-ʿahd al-Jalāʾirī: 738–814 H / 1337–1411 C.E., Dirāsa fī Awḍāʿihi al-Idāriyya wa-l-Iqtiṣādiyya/العراق في العهد الجلائري: ٧٣٨–٨١٤هـ / ١٣٣٧–١٤١١م، دراسة في أوضاعه الإدارية والاقتصادية",,,1986,2025-11-11 18:13:36,,,Dār al-Shuʾūn al-Thaqāfiyya al-ʿĀmma Āfāq ʿArabiyya/دار الشؤون الثقافية العامة آفاق عربية,Baghdad/ بغداد,ara,Rif'at al-Sa'id Library,"Range 1, Shelf C", ,,,
2558,book,"Fayyāḍ/فياض, ʻĀmir Ḥasan/عامر حسن",Al-Amn al-Thaqāfī/الأمن الثقافي,,,1984,2025-11-11 18:38:16,,,Dār al-Qādisiyya li-l-Ṭibāʿa/دار القادسية للطباعة,Baghdad/ بغداد,ara,Rif'at al-Sa'id Library,"Range 1, Shelf C", ,,,
2560,book,Ittiḥād al-Ishtirākī lil-Qūwāt al-Shaʻbīyah Lajnat al-Thaqāfah wa-al-Dirāsāt,al-Mashrūʻ: min ajl tawṭīd al-fikr al-ishtirākī/ المشروع : من اجل توطيد الفكر الاشتراكي.,,,c. 1980s,2025-11-11 18:53:19,,,al-Lajnat al-Thaqāfah wa-al-Dirāsāt al-Tābiʻah lil-Ittiḥād al-Ishtirākī lil-Qūwāt al-Shaʻbīyah/ اللجنة الثقافة والدراسات التابعة للاتحاد الاشتراكي للقوات الشعبية,"al-Rabāṭ, al-Maghrib",ara,Rif'at al-Sa'id Library,"Range 1, Shelf C", Morocco; Morocco$$QMorocco; Morocco$$QSocialism; Periodicals; Socialism; Socialism$$QSocialism,,,
2562,book,"Cleveland, William L.",The making of an Arab nationalist: Ottomanism and Arabism in the life and thought of Satiʻ al-Husri,978-0-691-03088-3,,1971,2025-11-11 18:58:25,xvi+211,Princeton studies on the Near East,Princeton University Press,"Princeton, N.J",eng,Rif'at al-Sa'id Library,"Range 1, Shelf C"," al-Ḥuṣrī, Sāṭiʻ; Arab nationalism; Arabische Staaten; Arabism; Arabisme; Geschichte; Ḥuṣrī, Abū Khaldūn Sāṭiʻ, 1881-1968; Ḥuṣrī, Abū-Ḫaldūn Sāṭiʿ al- 1880-1968; Husri, Sati' al- ((1880-1968)); Ḥuṣrī, Sāṭiʻ al-; Nationalisme; Nationalismus; Pays arabes; Studies",,,
2564,book,"Binder, Leonard",The ideological revolution in the Middle East.,,,1964,2025-11-11 19:01:06,,,Wiley,New York,eng,Rif'at al-Sa'id Library,"Range 1, Shelf C", Middle East; Nationalism,,,
2566,book,"Mikhail, Mona; Asfor, G.",Images of Arab women: fact and fiction : essays,978-0-89410-023-9,,1979,2025-11-11 19:08:15,,,Three Continents Press,Washington,eng,Rif'at al-Sa'id Library,"Range 1, Shelf C", Arab countries; 20th century; Arabic literature; History and criticism; Women; Women in literature; Womyn,,"Asfor, G.",
2568,book,"Al-ʿAbṭa/العبطة, Maḥmūd/محمود",Al-Mūsīqā fī Baghdād/الموسيقى في بغداد,,,,2025-11-11 19:15:38,,,Maṭbaʿat al-Umma/مطبعة الأمة,Baghdad/ بغداد,,Rif'at al-Sa'id Library,"Range 1, Shelf C", ,,,
2570,book,"Izzi, Khalid",The Shatt al-Arab dispute: a legal study,978-0-86199-014-6,,1981,2025-11-11 19:20:33,,,"Third World Centre for Research and Pub., in cooperation with Dar Al-Maʼmun for Translation and Pub., Baghdad",London,eng,Rif'at al-Sa'id Library,"Range 1, Shelf C", Iraq; Middle East; Chaṭṭ al-ʼArab (Irak et Iran); Diplomatic relations; Foreign relations; Grensconflicten; Irak; Iran; Relations extérieures; Schatt al-Arab; Shatt al-Arab; Shatt al-Arab (Iraq and Iran); Völkerrecht,,,
2572,book,Fulanain,"The marsh Arab, Haji Rikkan",,,1928,2025-11-11 19:22:29,,,J. B. Lippincott company,Philadelphia,eng,Rif'at al-Sa'id Library,"Range 1, Shelf C", Iraq; Social life and customs; Arabs; Description and travel; Mesopotamia,,,
2574,book,"Casey, Robert J.",Baghdad & points east,,,1928,2025-11-11 19:25:15,,,J.H. Sears,New York,eng,Rif'at al-Sa'id Library,"Range 1, Shelf C", Iraq; Baghdad (Iraq); Description and travel; Baghdad; Descriptions et voyages; Syria; Syrie; Travel,,,
2576,book,"Fāʼiq Bik/فائق, Sulaymān/سليمان; Nawrasنورس, ʻAlāʼ Mūsá Kāẓim/علاء موسى كاظم",Tārīkh Baghdād/ تاريخ بغداد,,,1962,2025-11-11 19:36:17,,,Maṭbaʻat al-Maʻārif,Baghdād,ara,Rif'at al-Sa'id Library,"Range 1, Shelf C", Iraq; History; Baghdad (Iraq); Irak; Baghdad; Histoire,,"Nawrasنورس, ʻAlāʼ Mūsá Kāẓim/علاء موسى كاظم",
2578,book,"Al-Baḥrānī/البحراني, Raʾūf/رؤوف",Al-Siyāsa al-Māliyya al-Salīma fī ʿAhd al-Wizāra al-Hāshimiyya al-Thāniya/السياسة المالية السليمة في عهد الوزارة الهاشمية الثانية,,,,2025-11-11 19:48:20,,,Maṭbaʿat Ibn Zaydūn/مطبعة ابن زيدون,Dimashq/دمشق,,Rif'at al-Sa'id Library,"Range 1, Shelf C", ,,,
2580,book,"Rabīʻī/ربيعي, Shawkat/شوكت","al-Fann al-tashkīlī al-muʻāṣir fī al-waṭan al-ʻArabī, 1885-1985/الفن التشكيلي المعاصر في الوطن العربي",,,1986,2025-11-11 19:54:51,270,Silsilat kutub shahrīyah,"Wizārat al-Thaqāfah wa-al-Iʻlām, Dār al-Shuʼūn al-Thaqāfīyah al-ʻĀmmah",Baghdād,ara,Rif'at al-Sa'id Library,"Range 1, Shelf C"," Arab countries; 20th century; Art, Modern; Artists",,,
2582,book,"Ibrāhīm/ابراهيم, Nabīlah/نبيلة","Qaṣaṣunā al-shaʻbī, min al-rūmānsīyah ilá al-wāqiʻīyah/قصصنا الشعبي، من الرومانسية الى الواقعية",,,1974,2025-11-11 19:57:02,215,,Dār al-ʻAwdah,Bayrūt,,Rif'at al-Sa'id Library,"Range 1, Shelf C"," Folk literature, Arabic",,,OCLC: 21614876
2584,book,"Carter, Gwendolen Margaret; Bustin, Edouard","Five African States; responses to diversity: the Congo, Dahomey, the Cameroun Federal Republic, the Rhodesias and Nyasaland [and] South Africa.",,,1963,2025-11-12 0:33:45,,,Cornell University Press,"Ithaca, N. Y",eng,Rif'at al-Sa'id Library,"Range 1, Shelf C", Benin; Cameroon; Democratic Republic of the Congo; Rhodesia and Nyasaland; South Africa,,"Bustin, Edouard",
2586,book,"Al-Dawrī/الدوري, Ḥāzim Majīd Aḥmad/حازم مجيد أحمد",Al-Ḍubbāṭ al-ʿIrāqiyyūn wa-Taʾsīs al-Dawla al-Qawmiyya 1908–1941/الضباط العراقيون وتأسيس الدولة القومية 1908 - 1941,978-1-908018-34-5,,2012,2025-11-12 0:36:07,,,Dār al-Ḥikma/دار الحكمة,London/لندن,ara,Rif'at al-Sa'id Library,"Range 1, Shelf C", ,,,
2588,book,"Shrōyder/شرويدر, Bernard Phiilip/يرند فيليب",Ḥarb al-ʿIrāq 1941/حرب العراق 1941,,,1982,2025-11-12 0:41:40,,,Mudīrat al-Maṭābiʿ al-ʿAskariyya/مديرة المطابع العسكرية,Baghdad/ بغداد,ara,Rif'at al-Sa'id Library,"Range 1, Shelf C", كتب نادرة ، تاريخ,,,
2590,book,"Asʿad/أسعد, Fāʾiz ʿAzīz/فائز عزيز",Inḥirāf al-Niẓām al-Barlamānī fī al-ʿIrāq/انحراف النظام البرلماني في العراق,,,1975,2025-11-12 0:47:09,264,,Wizārat al-Iʿlām/وزارة الإعلام,Baghdad/ بغداد,ara,Rif'at al-Sa'id Library,"Range 1, Shelf C", ,,,
2592,book,"al-Ḥusaynī/الحسينى, ʿAbd al-Razzāq/عبد الرزاق",Thawrat al-Najaf baʿd Maqtal Ḥākimiha al-Kābṭan Mārs̱hāl kamā Tuqraʾuhā al-Bayānāt wa-l-Murāsalāt al-Rasmiyya Muḍāfān ilā Shuhūd al-ʿAyān fīhā/ثورة النجف بعد مقتل حاكمها الكابتن مارشال كما تقرؤها البيانات والمراسلات الرسمية مضافاً إلى شهود العيان فيها,,,1978,2025-11-12 4:03:36,150,,Maṭbaʿat Dār al-Kutub/مطبعة دار الكتب,Bairūt/ بيروت,ara,Rif'at al-Sa'id Library,"Range 1, Shelf C", الكتاب العراقي ، عبد الرزاق الحسني ، ثورة النجف ، تاريخ العراق,,,
2594,book,"Saʻīd/سعيد, ʻAlī Karīm/علي كريم","al-ʻIrāq, al-bīrīyah al-musallaḥah: ḥarakat Ḥasan Sarīʻ wa-qiṭār al-mawt, 1963 : min tārīkh al-ʻIrāq al-siyāsī al-muʻāṣir, madrasat al-ʻurafāʼ/العراق، البيرية المسلحة : حركة حسن سريع وقطار الموت ٣٦٩١ : من تاريخ العراق السياسي المعاصر، مدرسة العرفاء",,,2002,2025-11-12 4:08:16,335,,al-Tawzīʻ al-Furāt lil-Nashr wa-al-Tawzīʻ,Bayrūt,ara,Rif'at al-Sa'id Library,"Range 1, Shelf C"," Iraq; Politics and government; 1958-; Sarīʻ, Ḥasan",,,
2596,book,"Al-Saʿīd/السعيد, Rifʿat/رفعت",Al-Ikhwān al-Muslimūn fī Liʿbat al-Siyāsa/الإخوان المسلمون في لعبة السياسة,,,2014,2025-11-12 19:16:29,150,,,,,Rif'at al-Sa'id Library,"Range 1, Shelf C", ,,,
2598,book,Partido Ba'th Arabe y Socialista Congreso Regional,"Revolutionary Iraq, 1968-1973 : The political report adopted by the Eight Regional Congress of the Arab Ba'ath Socialist Party-Iraq,",,,1974,2025-11-12 19:22:33,,,,,eng,Rif'at al-Sa'id Library,"Range 1, Shelf C", ,,,
2600,book,"Jamālī/جمالي, Muḥammad Fāḍil/محمد فاضل",Min wāqiʻ al-siyāsah al-ʻIrāqīyah/ من واقع السياسة العراقية,,,1956,2025-11-12 19:25:21,,,مطابع دار الكشاف,,ara,Rif'at al-Sa'id Library,"Range 1, Shelf C", Iraq; Politics and government,,,
2602,book,"Jamālī/جمالي, Muḥammad Fāḍil/محمد فاضل",Ṣafḥāt min al-Kifāḥ al-ʿArabī fī Sabīl al-Taḥrīr wa-l-Tawḥīd wa-l-Tajdīd/صفحات من الكفاح العربي في سبيل التحرير والتوحيد والتجديد,,,1980,2025-11-12 19:27:56,,,Al-Dār al-Tūnisiyya/الدار التونسية,Tunis/تونس,,Rif'at al-Sa'id Library,"Range 1, Shelf C", ,,,OCLC: 949523004
2604,book,"Bakr/بكر, Aḥmad Ḥasan/أحمد حسن","Masīrat al-thawrah: fī khuṭab wa-taṣrīḥāt al-Sayyid Raʾīs al-Jumhūrīyah al-ʻIrāqīyah Aḥmad Ḥasan al-Bakr, 1968-1970/مسيرة الثورة : في خطب و تصريحات السيد رئيسالجمهورية العراقية أحمد حسن البكر",,,1971,2025-11-12 19:34:24,266,,Mudīrīyat al-Taʾlīf wa-al-Tarjamah wa-al-Nashr,Bagdad,ara,Rif'at al-Sa'id Library,"Range 1, Shelf C", Iraq; Politics and government,,,
2606,book,Wizārat al-Khārijīyah/ وزارة الخارجية,Ḥaqīqat al-Kuwayt/ حقيقة الكويت,,,1961,2025-11-13 15:49:12,,,وزارة الخارجية,بغداد,ara,Rif'at al-Sa'id Library,"Range 1, Shelf C", ,,,
2608,book,,Jumhūriyyat al-ʿIrāq al-Futayya wa-Asrār al-Inqilāb al-ʿIrāqī/جمهورية العراق الفتية وأسرار الانقلاب العراقي,,,1958,2025-11-13 15:54:52,160,,Maktabat Muḥammad Ḥusayn al-Nūrī/مكتبة محمد حسين النوري,Dimashq/دمشق,,Rif'at al-Sa'id Library,"Range 1, Shelf C", ,,,OCLC: 929565712
2610,book,"Mutawallī/متولي, Muḥsin Muḥammad/محسن محمد",Kurd al-ʻIrāq: mundhu al-Ḥarb al-ʻĀlamīyah al-Ūlá ʻām 1914 ḥattá suqūṭ al-malakīyah fī al-ʻIrāq ʻām 1958/ كرد العراق : منذ الحرب العالمية الأولى عام 1914 حتى سقوط الملكية في العراق عام 1958,,,2001,2025-11-13 16:05:30,368,,al-Dār al-ʻArabīyah lil-Mawsūʻāt,Bayrūt,ara,Rif'at al-Sa'id Library,"Range 1, Shelf C", Iraq; History; Politics and government; Kurds; 20th century,,,OCLC: 48745302
2612,book,"al-Barāk/البراك, Fāḍil/فاضل",al- Madāris al-yahūdīya wa-'l-īrānīya fi 'l-ʻIrāq: dirāsa muqārana/ 	 المدارس اليهودية و الايرانية في العراق : دراسة مقارنة,,,1985,2025-11-14 0:13:46,351,,الدار العربية,بغداد,ara,Rif'at al-Sa'id Library,"Range 1, Shelf C", ,,,OCLC: 838532120
2614,book,"Ḥannā/حنا, Ḥannā/حنا",Azmat al-Zawāj - al-Bughāʾ fī Miṣr/ أزمة الزواج - البغاء في مصر,,,1941,2025-11-14 0:27:18,,,,,ara,Rif'at al-Sa'id Library,"Range 1, Shelf D", ,,,
2616,book,"Ṣāliḥ/صالح, Ṣāliḥ Muḥammad/صالح محمد",Al-Iqṭāʿ wa-l-Rāʾsmaliyya al-Zirāʿiyya fī Miṣr min ʿAhd Muḥammad ʿAlī ilā ʿAhd ʿAbd al-Nāṣir/الإقطاع والرأسمالية الزراعية في مصر من عهد محمد علي إلى عهد عبد الناصر,,,1979,2025-11-14 0:30:33,286,,Dār Ibn Khaldūn/دار ابن خلدون,Bairūt/ بيروت,ara,Rif'at al-Sa'id Library,"Range 1, Shelf D", ,,,OCLC: 784319927
2618,book,,Al-Aqlām: Majalla Fikriyya ʿĀmma/الأقلام: مجلة فكرية عامة,,,1965,2025-11-14 0:35:48,,,Dār al-Aqlām/دار الأقلام,Baghdād/ بغداد,ara,Rif'at al-Sa'id Library,"Range 1, Shelf D", ,,,
2620,book,"ʻAzzām/عزام, ʻAbd al-Raḥmān/عبد الرحمن; ʻĀrif/عارف, Jamīl/جميل",Ṣafaḥāt min al-mudhakkirāt al-sirrīyah li-awwal amīn ʻāmm lil-Jāmiʻah al-ʻArabīyah/صفحات من المذكرات السرية لأول أمين عام للجامعة العربية,978-977-704-928-3,,1977,2025-11-14 0:42:38,,,al-Maktab al-Miṣrī al-Ḥadīth,al-Qāhirah,ara,Rif'at al-Sa'id Library,"Range 1, Shelf D"," Politics and government; Arab countries; Biography; 1945-; Arab countries$$QNationalists; ʻAzzām, ʻAbd al-Raḥmān; League of Arab States; Nationalists; Officials and employees; Officials and employees$$QLeague of Arab States; عزام, عبد الرحمن",,"ʻĀrif/عارف, Jamīl/جميل",OCLC: 14821207
2622,book,Al-Markaz al-Dawlī li-l-Tarbiyya al-Asāsiyya fī al-ʿĀlam al-ʿArabī/المركز الدولي للتربية الأساسية في العالم العربي,Al-Khibra bi-l-ʿAwāmil al-Bashariyya fī Manāṭiq al-ʿĀlam al-Zirāʿiyya/الخبرة بالعوامل البشرية في مناطق العالم الزراعية,,,1954,2025-11-14 0:46:05,,,,Al-Qāhira/ القاهرة,.,Rif'at al-Sa'id Library,"Range 1, Shelf D", ,,,
2624,book,,Majmūʿat al-Muḥāḍarāt al-Asāsiyya/مجموعة المحاضرات الأساسية,,,,2025-11-14 0:51:50,,,Maktabat al-Thaqāfa al-ʿAmāliyya/مكتبة الثقافة العمالية,Al-Qāhira/ القاهرة,,Rif'at al-Sa'id Library,"Range 1, Shelf D", ,,,
2626,book,Lajnah al-Ahlīyah li-Masāʼil al-Sukkān,Mushkilat al-sukkān fī Miṣr/مشكلة السكان في مصر,,,1955,2025-11-14 0:56:00,29 صفحة ؛ 24 سم,,al-Maṭbaʻah al-ʻĀlamīyah,al-Qāhirah,ara,Rif'at al-Sa'id Library,"Range 1, Shelf D", ,,,OCLC: 1086411062
2628,book,"Nawār/نوار, ʿAbd al-ʿAzīz/عبدالعزيز",Tārīkh Miṣr al-Ijtimāʿī/تاريخ مصر الاجتماعي,,,1981,2025-11-14 1:03:32,,,Jāmiʿat ʿAyn Shams/جامعة عين شمس,Al-Qāhira/ القاهرة,ara,Rif'at al-Sa'id Library,"Range 1, Shelf D", ,,,
2630,book,"Al-ʿAqqād/العقاد, ʿAbbās Maḥmūd/عباس محمود",Al-Shiyūʿiyya wa-l-Qawmī: Lā Baqāʾ li-l-Shiyūʿiyya fī Bilād Tadīn bi-l-Islām wa-fī Muqaddimatihā al-Bilād al-ʿArabiyya/الشيوعية والقومي: لا بقاء للشيوعية في بلاد تدين بالإسلام وفي مقدمتها البلاد العربية,,,,2025-11-15 22:34:36,,,Khalaf al-Qaysī/خلف القيسي,,,Rif'at al-Sa'id Library,"Range 1, Shelf D", ,,,
2632,book,,Al-Ṭarīq/الطريق,,,1984,2025-11-15 22:39:11,,Al-Sana al-Thālitha wa-l-Arbaʿūn/السنة الثالثة والأربعون,,Bairūt/ بيروت,ara,Rif'at al-Sa'id Library,"Range 1, Shelf D", ,"Tābit/تابت, Anṭūn/انطون; Marwa/مروة, Ḥusayn/حسين",,
2634,book,"Stevens, Mark Power",Post-Election Seminar: A Discussion of Jordan's 1993 Parliamentary Election,,,1994,2025-11-15 22:45:05,,,Al-Urdun Al-Jadid Research Center,Amman,eng,Rif'at al-Sa'id Library,"Range 1, Shelf D", ,,,
2636,book,"ʻAbd Allāh/عبد الله, Aḥmad/أحمد",al-Dīmuqrāṭīyah ʻalá ʻukkāz: al-masār al-mutaʻarrij lil-tajribah al-dīmuqrāṭīyah fī Miṣr/ الديمقراطيه على عكاز : المسار المتعرج للتجربة الديمقراطية في مصر,,,1992,2025-11-15 22:53:06,103,,al-ʻArabī lil-Nashr wa-al-Tawzīʻ/ العربي للنشر و التوزيع,al-Qāhirah/القاهرة,ara,Rif'at al-Sa'id Library,"Range 1, Shelf D", Politics and government; Democracy; Egypt,,,
2638,book,"McGinnis, Joe",The Selling of the President 1968,,,1970,2025-11-15 23:00:09,278,,Pocket Books,New York,ara,Rif'at al-Sa'id Library,"Range 1, Shelf D", ,,,OCLC: 1413760861
2640,book,"Holborn, Hajo",The political collapse of Europe,,,1965,2025-11-15 23:04:18,,,A.A. Knopf,New York,,Rif'at al-Sa'id Library,"Range 1, Shelf D", ,,,OCLC: 1414825874
2642,book,"Spiegel, Avi",Young Islam: the new politics and religion in Morocco and the Arab world,978-0-691-17628-4,,2017,2025-11-15 23:07:13,,Princeton studies in Muslim politics,Princeton University Press,"Princeton, New Jersey",eng,Rif'at al-Sa'id Library,"Range 1, Shelf D", Arab countries; Morocco; Islam and politics; Muslim youth,,,OCLC: 994878491
2644,book,"MacIntyre, Alasdair C.",After virtue: a study in moral theory,978-0-268-00610-5,,1984,2025-11-15 23:09:05,xi+286,,University of Notre Dame Press,"Notre Dame, Ind",eng,Rif'at al-Sa'id Library,"Range 1, Shelf D", Ethics; Virtue; Virtues,,,OCLC: 10751724
2646,book,"ʿImāra/عمارة, Muḥammad/محمد",Al-Aʿmāl al-Kāmila li-Rifāʿa Rāfiʿ al-Ṭahtaūī: al-Siyāsa wa-l-Waṭaniyya wa-l-Tarbiyya/الأعمال الكاملة لرفاعة رافع الطهطاوي: السياسة والوطنية والتربية,,,1973,2025-11-15 23:15:50,,,Al-Muʾassasa al-ʿArabiyya li-l-Dirāsāt wa-l-Nashr/المؤسسة العربية للدراسات و النشر,Beirut/بيروت,ara,Rif'at al-Sa'id Library,"Range 1, Shelf D", ,,,OCLC: 1227666872
2648,book,"ʿImāra/عمارة, Muḥammad/محمد",Al-Aʿmāl al-Kāmila li-Rifāʿa Rāfiʿ al-Ṭahtaūī: al-Tamaddun wa-l-Ḥaḍāra wa-l-ʿImrān/الأعمال الكاملة لرفاعة رافع الطهطاوي: التمدن والحضارة والعمران,,,1973,2025-11-15 23:22:54,,,Al-Muʾassasa al-ʿArabiyya li-l-Dirāsāt wa-l-Nashr/المؤسسة العربية للدراسات و النشر,Bairūt/ بيروت,ara,Rif'at al-Sa'id Library,"Range 1, Shelf D", ,,,OCLC: 1227667046
2650,book,United Arab Republic Jihāz al-Markazī lil-Taʻbiʼah al-ʻĀmmah wa-al-Iḥṣāʼ,"Statistical handbook of the United Arab Republic, 1952-1964.",,,1965,2025-11-15 23:26:20,329,,,Cairo,eng,Rif'at al-Sa'id Library,"Range 1, Shelf D", Egypt -- Statistics; United Arab Republic -- Statistics,,,OCLC: 1326698
2652,book,"Al-ʿAqqād/العقاد, ʿAbbās Maḥmūd/عباس محمود",ʿAbd al-Raḥmān al-Kawākibī/عبد الرحمن الكواكبي,,,1959,2025-11-15 23:30:58,185,,Al-Majlis al-Aʿlā li-Riʿāyat al-Funūn wa-l-Ādāb wa-l-ʿUlūm al-Ijtimāʿiyya/المجلس الأعلى لرعاية الفنون والآداب والعلوم الاجتماعية,Al-Qāhira/ القاهرة,ara,Rif'at al-Sa'id Library,"Range 1, Shelf D", ,,,OCLC: 754739192
2654,book,"Al-Mallāḥ/الملاح, Maḥmūd/محمود",Tārīkhunā al-Qawmī: Bayn al-Salb wa-l-ʾĪjāb/تاريخنا القومي: بين السلب والإيجاب,,,1957,2025-11-15 23:34:24,144,,Maṭbaʿat al-Sijill/مطبعة السجل,Baghdad/ بغداد,ara,Rif'at al-Sa'id Library,"Range 1, Shelf D", ,,,OCLC: 495753910
2656,book,"Ḫadīǧa/خديجة, al- Ḥadīṯī/ الحديثي",Sībawayhi : ḥayātuhu wa-kitābuh/سيبويه : حياته وكتابه,,,1975,2025-11-16 0:55:46,240,,Wizārat al-I`lām/ وزارة الاعلام,بغداد,ara,Rif'at al-Sa'id Library,"Range 1, Shelf E", ,,,OCLC: 1292460130
2658,book,"Ṣāliḥ/صالح, al-Ṭayyib/صالح",ʻUrs al-zayn/عرس الزين,,,1970,2025-11-16 1:00:24,96,,Dār al-ʻAwdah/ دار العودة,Beirut/بيروت,ara,Rif'at al-Sa'id Library,"Range 1, Shelf E", القصص العربية,,,OCLC: 6852778
2660,book,"Mūsā/موسى, Sulaymān/سليمان",al-Harakah al 'Arabīyah/ الحركة العربية : سيرة المرحلة الاولى للنهضة العربية الحديثة، ١٩٠٨-١٩٢٤,,,1970,2025-11-16 1:03:24,,,دار النهار للنشر,بيروت,,Rif'at al-Sa'id Library,"Range 1, Shelf E", ,,,OCLC: 236018472
2662,book,"Nāyif/نايف, Ḥawātima/حواتمة; al-Ǧabha ad-Dīmuqrāṭīya li-Taḥrīr Filasṭīn/الجبهة الديمقراطية لتحرير فلسطين",at- Taqrīr an-naẓarī wa-'s-siyāsī wa-'t-tanẓīmī : al-Muʼtamar al-Waṭanī al-ʻĀmm aṯ-Ṯānī/التقرير النظري و السياسي و التنظيمي : المؤتمر الوطني العام الثاني,,,1981,2025-11-16 1:10:44,527,,Dār Ibn-Ḫaldūn/دار ابن خلدون,Bairūt/بيروت,ara,Rif'at al-Sa'id Library,"Range 1, Shelf E", ,,,LCCN: 82-121575 OCLC: 863090140
2664,book,"Al-Bayḍānī/البيضاني, ʿAbd al-Raḥmān/عبد الرحمن",Al-Ẓurūf al-Muḥīṭa bi-Ittifāqiyyat al-Waḥda al-Yamaniyya/الظروف المحيطة باتفاقية الوحدة اليمنية,,,1972,2025-11-16 1:19:03,,,Al-Maṭbaʿa al-ʿArabiyya al-Ḥadītha/المطبعة العربية الحديثة,Al-ʿAbbāsiyya/العباسية,,Rif'at al-Sa'id Library,"Range 1, Shelf E", ,,,
2666,book,"جورج, حداد",Munāqashāt Ḥawl al-Tanzīm al-Ṭalīʿī/مناقشات حول التنظيم الطليعي,,,1976,2025-11-16 1:22:19,111,,دار الهدف,بيروت,ara,Rif'at al-Sa'id Library,"Range 1, Shelf E", ,,,OCLC: 784315858
2668,book,"Fakhri/فخري, Karīm/كريم",Al-Nihāj: Wathāʾiq al-Aḥzāb al-Shiyūʿiyya wa-l-ʿAmaliyya fī al-Bulūd al-ʿArabiyya/النهاج: وثائق الأحزاب الشيوعية والعملية في البلدان العربية,,,1987,2025-11-16 1:27:22,,Al-Sana al-Thālitha/السنة الثالثة,Markaz al-Buḥūth wa-l-Dirāsāt al-Ishtirākiyya fī al-ʿĀlam al-ʿArabī/مركز البحوث والدراسات الاشتراكية في العالم العربي,,ara,Rif'at al-Sa'id Library,"Range 1, Shelf E", ,,,
2670,book,,Zionism : enemy of peace and social progress,,,1983,2025-11-16 1:34:35,168,,Progress Publishers,Moscow,,Rif'at al-Sa'id Library,"Range 1, Shelf E", ,,,OCLC: 601809559
2672,book,"Zurayq/زريق, Qusṭanṭīn/قسطنطين","Hādhā al-ʻaṣr al-mutafajjir, naẓarāt fī wāqiʻinā wa-wāqiʻ al-insānīyah/هذا العصر المتفجر : نظرات في واقعنا وواقع الإنسانية",,,1963,2025-11-16 1:37:18,190,,Dār al-ʻIlm lil-Malāyīn/,Bayrūt/بيروت,ara,Rif'at al-Sa'id Library,"Range 1, Shelf E", ,,,
2674,book,"Ḥarb/حرب, ʻAlī/علي",Asʼilat al-ḥaqīqah wa-rihānāt al-fikr/أسئلة الحقيقة ورهانات الفكر,,,1994,2025-11-16 1:40:48,207,,Dār al-Ṭalīʻah lil-Ṭibāʻah wa-al-Nashr/دار الطليعة للطباعة والنشر,Bayrūt/بيروت,ara,Rif'at al-Sa'id Library,"Range 1, Shelf E"," Arabic literature; History and criticism; Criticism, interpretation, etc",,,OCLC: 32852184
2676,book,"Youssef, Shahera; Samuel, Rizk",The Ibn Khaldoun Center for Development Studies: ICDS Brochure,,,1996,2025-11-16 1:42:53,,,,Cairo,,Rif'at al-Sa'id Library,"Range 1, Shelf E", ,,,
2678,book,"Al-Ḥāfiẓ/الحافظ, Yāsīn/ياسين",Al-Lāʿaqlāniyya fī al-Siyāsa: Naqd al-Siyāsāt al-ʿArabiyya fī al-Marḥala Mā Baʿd al-Nāṣiriyya/اللاعقلانية في السياسة: نقد السياسات العربية في المرحلة ما بعد الناصرية,,,1975,2025-11-16 1:46:43,172,,Dār al-Ṭalīʿa/دار الطليعة,Bairūt/ بيروت,ara,Rif'at al-Sa'id Library,"Range 1, Shelf E", ,,,OCLC: 1044657167
2680,book,"Maḥfūẓ/محفوظ, Najīb/نجيب",Yawma qutila al-zaʻīm/يوم قتل الزعيم,978-977-11-0192-5,,1985,2025-11-16 1:51:12,,,Maktabat Miṣr,Cairo/ القاهرة,ara,Rif'at al-Sa'id Library,"Range 1, Shelf E"," Social conditions; Egypt; القصص العربية; 18.74 modern Arabic literature; 1981-; 1981-$$QEgypt; 1981-$$QÉgypte; Assassination; Assassination$$QSadat, Anwar, 1918-1981; Cairo; Cairo$$QFamilies; Conditions sociales; Égypte; Families; Familles; Fiction; Le Caire; Le Caire$$QFamilles; Romans, nouvelles, etc; Sadat, Anwar, 1918-1981; Since 1981",,,OCLC: 32312523
2682,book,,al-Sh'ir wū al-mujtama'a/ الشعر و المجتمع,,,1974,2025-11-17 20:05:27,177,"Silsilat ""Kitāb al-jamāhīr""/ سلسلة كتاب الجماهير",Manshurat wizarat al-'ilam wu dar al-hurriyah lil-tiba'ah,Baghdad/ بغداد,ara,Rif'at al-Sa'id Library,"Range 1, Shelf E", Arabic literature; History and criticism; Arabic poetry; Heroes in literature; Symbolism in literature,,,OCLC: 879337184
2684,book,Ṣāḥib Jaʻfar Abū Janāḥ/صاحب جعفر ابو جناح,Min aʻlām al-Baṣrah-- Sībawayhi : hawāmish wa-mulāḥaẓāt ḥawla sīratihi wa-kitābih /من اعلام البصرة-- سيبويه : هوامش وملاحظات حول سيرته وكتابه,,,1974,2025-11-17 20:15:33,125,"Silsilat ""Kitāb al-jamāhīr""/ سلسلة كتاب الجماهير","Wizārat al-Iʻlām, al-Jumhūrīyah al-ʻIrāqīyah/ وزارة الاعلام الجمهورية العراقية،",Baghdād/ بغداد,ara,Rif'at al-Sa'id Library,"Range 1, Shelf E", ,,,OCLC: 29544029
2686,book,"Quʻayd/قعيد, Yūsuf/يوسف",Yaḥduth fī Miṣr al-ān: riwāyah/يحدث في مصر الان : رواية,,,1979,2025-11-17 20:21:45,,,مطبعة ابن رشد,Beirut/بيروت,ara,Rif'at al-Sa'id Library,"Range 1, Shelf E", ,,,
2688,book,"Johnson-Davies, Denys; Fletcher, John; Cassidy, Ali M.; Frazier, W. McClung; Abu-Haidar, Frida; Shaykh al-Arḍ, Rabāḥ Munīr",Modern Arab stories,978-0-905206-50-9,,1980,2025-11-17 20:25:41,132,,Ur,"London (177 Tottenham Court Rd, W1[P 9LF])",eng,Rif'at al-Sa'id Library,"Range 1, Shelf E"," Short stories, Arabic; Translations into English",,,OCLC: 16546316
2690,book,"Ḥusayn/حسين, Ṭahâ/ طه",Al-šayh̲ān /الشيخان,977-247-285-6,,1978,2025-11-17 20:28:09,,,Dār al-Maʻārif/دار المعارف,,ara,Rif'at al-Sa'id Library,"Range 1, Shelf E", ,,,
2692,book,"Ismāʿīl/إسماعيل, ʿInād Ghazwān/عناد غزوان",Al-Shiʿr wa-l-Fikr al-Muʿāṣir/الشعر والفكر المعاصر,,,1974,2025-11-17 20:37:36,211,Silsilat Kitāb al-Jamāhīrī/ سلسلة كتاب الجماهري,Manshūrāt Wizārat al-Iʿlām/منشورات وزارة الإعلام,Baghdād/ بغداد,ara,Rif'at al-Sa'id Library,"Range 1, Shelf E", ,,,
2694,book,"Ḥuṣrī/حصرى, Abū Khaldūn Sāṭiʻ/بو خلدون ساطع",Fī al-lughah wa-al-adab wa-ʻalāqatihimā bi-al-qawmīyah/فى اللغة والأدب وعلاقتهما بالقومية,,,1966,2025-11-17 20:40:59,,,Dār al-Ṭalīʻah/دار الطليعة,Bayrūt/بيروت,ara,Rif'at al-Sa'id Library,"Range 1, Shelf E", Arabic language,,,OCLC: 62626029
2696,book,"H̱alīl/خليل, H̱alīl Ḥ/خليل حسن",Al- Waṣīya: ʿan qissat ḥayāt al-ǧundī allaḏī aṣbaḥa ustāḏan li-l-iqtiṣād as-siyāsī bi-l-ǧāmiʿa/ الوسية : عن قصة حياة الجندي الذي اصبح استاذا للاقتصاد السياسي بالجامعة,978-977-01-0248-0,,1983,2025-11-18 0:17:01,386,Al- Ibdāʿ al-ʿarabī / riwāya,Al-Haiʾa al-Miṣrīya al-ʿĀmma li-l-Kitāb/الهيئة المصرية العامة للكتاب,Al-Qāhira/ القاهرة,ara,Rif'at al-Sa'id Library,"Range 1, Shelf E", ,,,
2698,book,"Naǧīb/نجيب, Maḥfūẓ/محفوظ",Layālī alf laylaẗ/ ليالي الف ليلة,,,1981,2025-11-18 0:25:26,,,مكتبة مصر,القاهرة,,Rif'at al-Sa'id Library,"Range 1, Shelf E", ,,,
2700,book,"El Hefny/الحفني, Mahmoud/محمود",Sayyid Darwīsh: ḥayātuhu wa-āthār ʻabqarītih/سيد درويش : حياته وآثار عبقريته,,,1974,2025-11-18 0:28:43,,,al-Hayʼah al-Miṣrīyah al-ʻĀmmah lil-Kitāb/لهيئة المصرية العامة للكتاب,al-Qāhirah/القاهرة,ara,Rif'at al-Sa'id Library,"Range 1, Shelf E"," Sayyid Darwīsh, 1892-1923",,,OCLC: 21801764
2702,book,"Ziyāda/زيادة, Maʿan/ معن; Tūnisī/تونسي, Khayr al-Dīn/خير الدين",Khayr al-Dīn al-Tūnisī wa-Kitābuhu Aqūm al-Masālik fī Maʿrifat Aḥwāl al-Mamālik/خير الدين التونسي و كتابه أقوم المسالك في معرفة أحوال الممالك,,,1985,2025-11-18 0:32:57,280,,Al-Muʾassasa al-Jāmiʿiyya li-l-Dirāsāt wa-l-Nashr wa-l-Tawzīʿ/ المؤسسة الجامعية للدراسات والنشر والتوزيع,Bairūt/ بيروت,ara,Rif'at al-Sa'id Library,"Range 1, Shelf E", ,,,OCLC: 784431664
2704,book,"Abū al-ʿUyūn/أبو العيون, Maḥmūd/محمود",Al-Jāmiʿ al-Azhar/الجامع الأزهر,,,1949,2025-11-18 0:37:51,162,,Maṭbaʿat al-Azhar/ مطبعة الأزهر,Al-Qāhira/ القاهرة,ara,Rif'at al-Sa'id Library,"Range 1, Shelf E", ,,,
2706,book,"Gardiner, Alan H.","Egypt of the Pharaohs, an introduction.",,,1961,2025-11-18 0:43:31,,,Clarendon Press,Oxford,eng,Rif'at al-Sa'id Library,"Range 1, Shelf E", History; Egypt; To 332 B.C,,,OCLC: 300350
2708,book,,الاتحاد العربي في القاهرة : أعماله وملخص عن الحوادث التي مرت بالبلاد العربية مند اول 1946 حتى نهاية سنة 1949,,,1950,2025-11-18 0:47:21,,,مكتبة ومطبعة مصطفى البابي الحلبي,القاهرة,ara,Rif'at al-Sa'id Library,"Range 1, Shelf E", ,,,OCLC: 929696432
2710,book,"Rāshid/راشد, Nabīlah/نبيلة",Ḥikāyat kifāḥ ḍidd al-istiʻmār/حكاية كفاح ضد الاستعمار,,,1971,2025-11-18 0:50:09,166,,Al-Haiʼat al-Miṣrīyat al-ʻÄmmah li l-Taʼiīf wa al-Nashr/الهيئة المصرية العامة للتأليف والنشر,al-Qāhirah/القاهرة,ara,Rif'at al-Sa'id Library,"Range 1, Shelf E"," History; Politics and government; Nationalism; Egypt; 1919-1952; British occupation, 1882-1936",,,OCLC: 34051289
2712,book,"ʿAbd al-Hādī/ عبدالهادي, Yamūt/ يموت",Al-Taʿāwun al-Iqtiṣādī al-ʿArabī wa-Ahammiyyat al-Takāmul fī Sabīl al-Tanmiyya/ التعاون الاقتصادي العربي و اهمية التكامل في سبيل التنمية,,,1983,2025-11-18 0:54:45,,,ʿAhd al-Inmāʾ al-ʿArabī/ عهد الانماء العربي,Bairūt/ بيروت,ara,Rif'at al-Sa'id Library,"Range 1, Shelf E", ,,,
2714,book,"Al-Kattānī/الكتاني, Zayn al-ʿĀbidīn/زين العابدين","Al-Ṣiḥāfa al-Maghribiyya: Nashʾatuhā wa-Tatawwuruhā, 1820–1912/ الصحافة المغربية نشأتها وتطورها، 1820-1912",,,1968,2025-11-18 0:58:44,,,Wizārat al-Anbāʾ/ وزارة الأنباء,Ar-Ribāṭ/الرباط,ara,Rif'at al-Sa'id Library,"Range 1, Shelf E", ,,,OCLC: 949399911
2716,book,"Rifāʻī/رفاعي, Shams al-Dīn/شمس الدين",Tārīkh al-ṣiḥāfah al-Sūrīyah/تاريخ الصحافة السورية,,,1969,2025-11-18 1:02:06,,Dirāsāt ṣuḥufīyah/دراسات صحفية,Dār al-Maʻārif/دار المعارف,Miṣr/مصر,ara,Rif'at al-Sa'id Library,"Range 1, Shelf E", Syria; Press,,,
2718,book,"Al-Shāmikh/ الشامخ, Muḥammad ʿAbd al-Raḥmān/ محمد عبد الرحمن","Al-Ṣiḥāfa fī al-Ḥijāz, 1908–1941: Dirāsa wa-Nuṣūṣ/ الصحافة في الحجاز، 1908-1941: دراسة ونصوص",,,1971,2025-11-18 1:05:50,,,Dār al-Amāna/ دار الامانة,Bairūt/ بيروت,,Rif'at al-Sa'id Library,"Range 1, Shelf E", ,,,OCLC: 1201176189
2720,book,"Ṣābāt/صابات, Khalīl/خليل",Tārīkh al-ṭibāʻah fī al-Sharq al-ʻArabī/تاريخ الطباعة فى الشرق العربى,,,1966,2025-11-18 1:09:23,378,Maktabat al-dirāsāt al-tārīkhīyah/مكتبة الدراسات التاريخية,Dār al-Maʻārif/دار المعارف,Miṣr/مصر,ara,Rif'at al-Sa'id Library,"Range 1, Shelf E", History; Arab countries; Printing,,,OCLC: 15480986
2722,book,"Tīzīnī/تيزيني, Ṭayyib/طيب",Mashrūʻ ruʼyah jadīdah ilá al-fikr al-ʻArabī fī al-ʻAṣr al-Wasīṭ/مشروع رؤية جديدة الى الفكر العربي في العصر الوسيط,,,1971,2025-11-18 1:13:36,416,,Dār Dimashq lil-Ṭibāʻah wa-al-Nashr/دار دمشق للطباعة والنشر,Dimashq/دمشق,ara,Rif'at al-Sa'id Library,"Range 1, Shelf E", Islamic philosophy,,,OCLC: 13889671
2724,book,"Dostoyevsky, Fyodor; Garnett, Constance",The idiot,978-0-394-60434-3,,1983,2025-11-23 18:32:41,,,Modern Library,New York,eng,Rif'at al-Sa'id Library,"Range 1, Shelf F", Fiction; Historical fiction; Roman russe; Russia; Russia$$QRussia; Russian fiction,,"Garnett, Constance",
2726,book,"Homer; Lang, Andrew; Leaf, Walter; Myers, Ernest; Butcher, S. H.; Moore, Charles Willard",The complete works of Homer; the Iliad and the Odyssey,,,1935,2025-11-23 18:33:50,xii+464+xxiv+383,Modern library of the world's best books,The Modern Library,New York,eng,Rif'at al-Sa'id Library,"Range 1, Shelf F", ,,"Lang, Andrew; Leaf, Walter; Myers, Ernest; Butcher, S. H.; Moore, Charles Willard",
2728,book,"Plato; Jowett, Benjamin; Moore, Charles Willard",Plato's The Republic; translated into English by B. Jowett.,,,1941,2025-11-23 18:35:53,3,The Modern library of the world's best books. [153],The Modern library,New York,eng,Rif'at al-Sa'id Library,"Range 1, Shelf F", Political science; Utopias,,"Jowett, Benjamin; Moore, Charles Willard",OCLC: 964319
2730,book,"Curtis, Michael",The Great political theories,978-0-380-00785-1,,1981,2025-11-23 18:38:58,,,Avon Books,"New York, N.Y",eng,Rif'at al-Sa'id Library,"Range 1, Shelf F", Political science,,,OCLC: 8032827
2732,book,"C O Sylvester Mawson (Christopher Orlando Sylvester); Roget, Peter Mark",Roget's pocket thesaurus,978-0-671-81132-7,,1946,2025-11-23 18:41:59,xxviii+484,,Pocket Books,New York,eng,Rif'at al-Sa'id Library,"Range 1, Shelf F", English language; Synonyms and antonyms,,,OCLC: 3393145
2734,book,"Goldsmith, Oliver",The vicar of Wakefield.,,,1938,2025-11-23 18:44:00,xvi+222,,J.M. Dent,London,eng,Rif'at al-Sa'id Library,"Range 1, Shelf F", ,,,OCLC: 7218448
2736,book,"Pope, Alexander",Selected works,,,1951,2025-11-23 18:45:44,xxxiii+388,Modern Library college editions ; T49,Modern Library,New York,eng,Rif'at al-Sa'id Library,"Range 1, Shelf F", ,,,OCLC: 1710533
2738,book,"Defoe, Daniel?-; Schorer, Mark",Moll Flanders,978-0-375-76010-5,,1950,2025-11-23 18:48:40,,Modern Library college editions ; T8,Modern Library,New York,eng,Rif'at al-Sa'id Library,"Range 1, Shelf F", Social life and customs; Women; Fiction; 17th century; England; Prostitutes,,"Schorer, Mark",OCLC: 3821679
2740,book,"Bazna, Elyesa",I was Cicero,,,1962,2025-11-23 18:50:22,212,,Harper & Row,New York,eng,Rif'at al-Sa'id Library,"Range 1, Shelf F"," Germany; Secret service; World War, 1939-1945",,,
2742,book,"Nietzsche, Friedrich Wilhelm; Kaufmann, Walter",The portable Nietzsche,,,1954,2025-11-23 18:54:43,687,The Viking portable library [62],Viking Press,New York,eng,Rif'at al-Sa'id Library,"Range 1, Shelf F"," Nietzsche, Friedrich Wilhelm, 1844-1900",,,OCLC: 372806
2744,book,"Miller, Arthur",Death of a salesman : certain private conversations in two acts and a requiem,978-0-670-26154-3,,1958,2025-11-23 18:57:47,,,Viking Press,,,Rif'at al-Sa'id Library,"Range 1, Shelf F", ,,,OCLC: 2008827
2746,book,"Lipson, Leslie",The great issues of politics: an introduction to political science,978-0-13-363912-4,,1985,2025-11-23 19:05:16,xvii+373,,Prentice-Hall,"Englewood Cliffs, N.J",eng,Rif'at al-Sa'id Library,"Range 1, Shelf F", Political science,,,OCLC: 10753153
2748,book,"Lettis, Richard; William E., Morris","The Hungarian Revolt: October 23-November 4, 1956",,,1963,2025-11-23 19:07:48,,Scribner Research Anthologies,Charles Scribner's Sons,New York,en,Rif'at al-Sa'id Library,"Range 1, Shelf F", ,,,
2750,book,"Fogelman, Edwin",Hiroshima: the decision to use the A-bomb.,,,1964,2025-11-23 19:12:12,ix+116+ix+,Scribner research anthology,Scribner,New York,eng,Rif'at al-Sa'id Library,"Range 1, Shelf F"," History; Bombardment, 1945; Hiroshima-shi (Japan); Moral and ethical aspects; Nuclear warfare",,,OCLC: 393019
2752,book,"Al-Ghallāyīnī/الغلاييني, Muṣṭafā/ مصطفى","Al-Islām Rūḥ al-Madaniyya, aw al-Dīn al-Islāmī wa-l-Lord Krūmir/ الإسلام روح المدنية، أو الدين الإسلامي واللورد كرومر",,,1958,2025-11-23 19:42:22,,,,Bairūt/ بيروت,ara,Rif'at al-Sa'id Library,"Range 1, Shelf F", ,,,
2754,book,"Minorsky/منورسكي, Vladimir/ڤلاديمير; Khaznadar/خزنه دار, Maruf/معروف",Al-Akrād: mulāḥaẓāt wa-inṭibāʻāt/‏الأكراد :‏ ‏ملاحظات وانطباعات,978-91-87266-14-0,,1987,2025-11-23 23:19:34,,Maktabah al-taqaddumīyah al-Kurdīyah/‏مكتبة التقدمية الكردية,Rābiṭat Kāwā lil-Thaqāfah al-Kurdīyah/ ‏رابطة كاوا,Vällingby Sweden,ara,Rif'at al-Sa'id Library,"Range 1, Shelf F"," Kurds; Kurdes; National characteristics, Kurdish",,"Khaznadar/خزنه دار, Maruf/معروف",OCLC: 45423741
2756,book,"Tūnisī/تونسي, Khayr al-Dīn/خير الدين; Ziyādah/زيادة, Maʻan/معن",Muqaddimat kitāb Aqwam al-masālik fī maʻrifat aḥwāl al-mamālik/مقدمة كتاب أقوم المسالك في معرفة أحوال الممالك,,,1978,2025-11-23 23:25:51,,,Dār al-Ṭalīʻah lil-Ṭibāʻah wa-al-Nashr/دار الطليعة للطباعة والنشر,Bayrūt/بيروت,ara,Rif'at al-Sa'id Library,"Range 1, Shelf F"," History; State, The; Politics and government; 1800-1899; 19th century; État; Islamic countries; Tūnisī, Khayr al-Dīn, -1890 Aqwam al-masālik fī maʻrifat aḥwāl al-mamālik; Tunisia",,"Ziyādah/زيادة, Maʻan/معن",OCLC: 23456972
2758,book,"Lammens, Henri; Ross, E. Denison","Islām: beliefs and institutions, by H. Lammens, S.J. ... translated from the French by Sir E. Denison Ross ...",,,1929,2025-11-23 23:29:13,,,Methuen & Co.,London,eng,Rif'at al-Sa'id Library,"Range 1, Shelf F", Islam,,"Ross, E. Denison",OCLC: 3360200
2760,book,"آلكاشف الغطء, محمد الحسين",Aṣl aš-šīʿa wa-uṣuluhā/اصل الشيعة و اصولها,,,1982,2025-11-23 23:31:03,159,,Muʼassasat al-Aʿlamī li-l-Maṭbūʿāt,Bairūt/بيروت,ara,Rif'at al-Sa'id Library,"Range 1, Shelf F", ,,,OCLC: 1073704235
2762,book,"Al-Mānʿ/المانع, Samīra/سميرة",Al-Sābiqūn wa-l-Lāḥiqūn/ السابقون واللاحقون,,,1972,2025-11-23 23:36:06,117,,Dār al-ʿĀwda/دار العودة,Bairūt/ بيروت,,Rif'at al-Sa'id Library,"Range 1, Shelf F", ,,,
2764,book,"Nietzsche, Friedrich Wilhelm; Common, Thomas; Zimmern, Helen; Samuel, Horace Barnett; Kennedy, J. M.; Fadiman, Clifton",The philosophy of Nietzsche.,,,1954,2025-11-23 23:38:41,1088,Modern library of the world's best books,The Modern library,New York,eng,Rif'at al-Sa'id Library,"Range 1, Shelf F", ,,"Common, Thomas; Zimmern, Helen; Samuel, Horace Barnett; Kennedy, J. M.; Fadiman, Clifton",OCLC: 2506558
2766,book,"Steele, A. T.; Council on Foreign Relations",The American people and China,,,1966,2025-11-23 23:41:55,x+325,United States and China in world affairs,Published for the Council on Foreign Relations by McGraw-Hill,New York,eng,Rif'at al-Sa'id Library,"Range 1, Shelf G", Politics and government; Foreign relations; China; United States; Vietnam,,Council on Foreign Relations,OCLC: 427137
2768,book,"Lee, J. M.; Institute for Strategic Studies",African armies and civil order,701113812,,1969,2025-11-24 0:07:39,,Studies in international security,Published for the Institute for Strategic Studies by Praeger,New York,eng,Rif'at al-Sa'id Library,"Range 1, Shelf G", Politics and government; 1960-; Africa; Armed Forces,,Institute for Strategic Studies,OCLC: 23680
2770,book,"Fayyāḍ/فياض, ʻĀmir Ḥasan/عامر حسن; Murād/مراد, ʻAlī ʻAbbās/علي عباس",Ishkālīyat al-sulṭah fī taʼammulāt al-ʻaql al-sharqī al-qadīm wa-al-Islāmī al-wasīṭ/ اشكالية السلطة في تأملات العقل الشرقي القديم والإسلامي الوسيط,,,2005,2025-11-24 0:16:54,,,Dār al-Shuʼūn al-Thaqāfīyah al-ʻĀmmah/دار الشؤون الثقافية العامة,Baghdād/ بغداد,ara,Rif'at al-Sa'id Library,"Range 1, Shelf G", Political science; History; Histoire; Philosophie; Philosophy,,"Murād/مراد, ʻAlī ʻAbbās/علي عباس",OCLC: 76013649
2772,book,"Birnbaum, Eleazar",Books on Asia from the Near East to the Far East : a guide for the general reader,0-8020-1683-9,,1971,2025-11-24 0:19:48,341,,University of Toronto Press,Toronto,eng,Rif'at al-Sa'id Library,"Range 1, Shelf G", ,,,OCLC: 977234681
2774,book,"Markovitz, Irving Leonard",African politics and society; basic issues and problems of government and development.,,,1970,2025-11-24 0:24:23,,,Free Press,New York,eng,Rif'at al-Sa'id Library,"Range 1, Shelf G"," Politics and government; 1960-; Africa, Sub-Saharan; Economic policy",,,
2776,book,"James, Selwyn",South of the Congo,,0039-9094,1943,2025-11-24 0:26:56,,,Random House,New York,eng,Rif'at al-Sa'id Library,"Range 1, Shelf G", History; Politics and government; Social conditions; South Africa; Africa; Blacks; Colonies; Congo (Democratic Republic); Great Britain; Race relations,,,OCLC: 399094
2778,book,"Gourevitch, Philip; Morris, Errol",Standard operating procedure,978-1-59420-132-5,,2008,2025-11-24 0:29:55,286,,Penguin Press,New York,eng,Rif'at al-Sa'id Library,"Range 1, Shelf G"," Abu Ghraib Prison; Abuse of; Iraq War, 2003-2011; Prisoners and prisons, American; Prisoners of war",,"Morris, Errol",
2780,book,"Lomax, Louis E.",The reluctant African.,,,1960,2025-11-24 0:31:28,117,,Harper,New York,eng,Rif'at al-Sa'id Library,"Range 1, Shelf G", Politics and government; Africa; 1945-1960; Indigenous peoples,,,OCLC: 412921
2782,book,"Puchala, Donald James",International politics today,978-0-06-045295-7,,1971,2025-11-24 0:33:08,,,Harper & Row,New York,eng,Rif'at al-Sa'id Library,"Range 1, Shelf G", International relations; World politics,,,OCLC: 8921747
2784,book,"Bochenski, Joseph M.; Niemeyer, Gerhart",Handbook on communism,,,1962,2025-11-24 0:35:25,,"Praeger publications in Russian history and world communism, no. 111",Praeger,New York,eng,Rif'at al-Sa'id Library,"Range 1, Shelf G", Communism; Soviet Union,,"Niemeyer, Gerhart",OCLC: 1075807
2786,book,"Lyons, David",Rights,978-0-534-00600-6,,1979,2025-11-24 0:37:23,,Wadsworth series in social philosophy,Wadsworth Pub. Co.,"Belmont, Calif",eng,Rif'at al-Sa'id Library,"Range 1, Shelf G", Civil rights,,,OCLC: 3933410
2788,book,Unesco Division of Free Flow of Information; Unesco Department of Mass Communications,"World communications: press, radio, television, film.",,6400-4546,1964,2025-11-24 0:40:24,380,,UNESCO,Paris,eng,Rif'at al-Sa'id Library,"Range 1, Shelf G", Mass media,,,OCLC: 1147362
2790,book,"Gianakos, Perry E.; Karson, Albert",American diplomacy and the sense of destiny; events and attitudes.,,,1966,2025-11-24 0:42:19,,,Wadsworth Pub. Co.,"Belmont, Calif",eng,Rif'at al-Sa'id Library,"Range 1, Shelf G", Foreign relations; United States; 1865-,,"Karson, Albert",OCLC: 959349
2792,book,"Bakhīt/خيت, Abd al Hamīd/عبد الحميد",al-Khilāfat a-Islāmiyya/الخلافة الاسلامية,,,1947,2025-11-24 0:44:29,,,مكتبة محمود توفيق,القاهرة,ara,Rif'at al-Sa'id Library,"Range 1, Shelf G", ,,,OCLC: 784206100
2794,book,"Al-Bannā/البنا, Ḥasan/حسن",Majmūʿat Rasāʾil al-Imām al-Shahīd Ḥasan al-Bannā/مجموعة رسائل الإمام الشهيد حسن البنا,,,,2025-11-24 0:51:10,,,Muʾassasat al-Risāla/ مؤسسة الرسالة,Bairūt/ بيروت,,Rif'at al-Sa'id Library,"Range 1, Shelf G", ,,,OCLC: 1044672372
2796,book,"Dutt, R. Palme",Life and teachings of V.I. Lenin,,3500-2581,1934,2025-11-24 0:52:40,95,,International Publishers,New York,eng,Rif'at al-Sa'id Library,"Range 1, Shelf G"," Socialism; Communist International; Lenin, Vladimir Ilʹich, 1870-1924",,,OCLC: 772758
2798,book,"Darwīš/درويش, Maḥmūd/محمود",al-ʻAṣāfīr tamūt fī l-Ǧalīl/العصافير تموت في الجليل,,,1970,2025-11-24 0:54:23,,,Dār al-Ādāb/دار الآداب,Bairūt/بيروت,,Rif'at al-Sa'id Library,"Range 1, Shelf G", ,,,OCLC: 917376953
2800,book,"Huxley, Julian",From an antique land; ancient and modern in the Middle East,,,1966,2025-11-24 0:57:37,336,,Harper & Row,New York,eng,Rif'at al-Sa'id Library,"Range 1, Shelf G", Middle East; Description and travel,,,OCLC: 1511648
2802,book,"Kadi, Leila S.",A Survey of American-Israeli Relations,,,1969,2025-11-24 1:00:46,298,,Palestine Research Center,,en,Rif'at al-Sa'id Library,"Range 1, Shelf G", ,,,
2804,book,"Faraḥ, Ilyās",Arab revolutionary thought in the face of current challenges,978-84-399-8045-2,,1978,2025-11-24 1:02:19,303,,Arab Baʼth Socialist Party,,ara;eng,Rif'at al-Sa'id Library,"Range 1, Shelf G", Iraq; Politics and government; Arab countries; Ḥizb al-Baʻth al-ʻArabī al-Ishtirākī (Syria),,,OCLC: 6980159
2806,book,Wizārat al-iršād al-Qaumī,The year book,,,1966,2025-11-24 16:28:39,,,,Cairo,eng,Rif'at al-Sa'id Library,"Range 1, Shelf H", ,,,
2808,book,United Arab Republic Jihāz al-Markazī lil-Taʻbiʼah al-ʻĀmmah wa-al-Iḥṣāʼ,Basic statistics/Statistiques de base: 1964,,,1965,2025-11-24 16:32:01,363,,The Agency,Cairo,eng,Rif'at al-Sa'id Library,"Range 1, Shelf H", United Arab Republic,,,OCLC: 1728292
2810,book,"Ṣabra/صبرى, 'Alī/على",Bayān: al-Sayid 'Alī Ṣabra Ra'īs al-Wuzarā' bi-Munāsibah Ihtimām al-Marḥalah al-Awla li-Bunā' al-Sad al-'Āla bi-Majlis al-Umah Awal Yūnīo Sinah 1964/بيان : السيد علي صبرى رئيس الوزراء بمناسبة اهتمام المرحلة الأولى لبناء السد العالى بمجلس الأمة أول يونيو سنة 1964,,,1964,2025-11-24 16:35:34,,,al-Dār al-Qawmīyah lil-Ṭabā'ah wa al-Nashar/ الدار القومية لللطباعة و النشر,al-Qāhirah/القاهرة,ara,Rif'at al-Sa'id Library,"Range 1, Shelf H", Egypt; Economic development,,,OCLC: 1423716339
2812,book,Maṣlaḥat al-Istiqlāʾāt/مصلحة الإستعلامات,Khuṭab al-Raʾīs Jamāl ʿAbd al-Nāṣir/خطب الرئيس جمال عبد الناصر,,,1965,2025-11-24 16:39:16,,,,,ara,Rif'at al-Sa'id Library,"Range 1, Shelf H", ,,,OCLC: 1227685369
2814,book,,"Canadian Journal of Political Science, Vol. V, No.3",,,1972-09,2025-11-24 16:40:41,,,,,,Rif'at al-Sa'id Library,"Range 1, Shelf H", ,,,DELETE
2816,book,,"Canadian Journal of Political Science, Vol. IV, No.1",,,1972-09,2025-11-24 16:44:08,,,,,,Rif'at al-Sa'id Library,"Range 1, Shelf H", ,,,
2818,book,"Ismael, Tareq Y.",Canada and the Middle East : the foreign policy of a client state,978-1-55059-076-0,,c1994,2025-11-24 16:46:59,,,Detselig Enterprises ; Distributed by Temeron Books,"Calgary, Alta. : Bellingham, Wash., U.S.A.",,Rif'at al-Sa'id Library,"Range 1, Shelf H", Middle East; Foreign relations; Canada,,,OCLC: 32313911
2820,book,"Iriye, Akira; United States Congress Senate Committee on Foreign Relations","U.S. policy toward China: testimony taken from the Senate Foreign Relations Committee hearings, 1966",,,1968,2025-11-24 16:48:58,xv+205,Testimony of the times: selections from Congressional hearings,"Little, Brown","Boston, Mass",eng,Rif'at al-Sa'id Library,"Range 1, Shelf H", Foreign relations; China; United States,,,OCLC: 441643
2822,book,"Strickland, Donald A.; Wade, Larry L.; Johnston, Ray Edward",A primer of political analysis,,,1968,2025-11-24 16:50:48,x+106,Markham political science series,Markham Pub. Co.,Chicago,eng,Rif'at al-Sa'id Library,"Range 1, Shelf H", Political science,,"Wade, Larry L.; Johnston, Ray Edward",OCLC: 443256
2824,book,Idārat al-Shuʾūn al-ʿĀmma li-l-Quwāt al-Musallaḥa/ ادارة الشؤون العامة للقوات المسلحة,Miṣr Baʿd al-Jalāʾ/مصر بعد الجلاء,,,1932,2025-11-24 16:52:10,,,Idārat al-Shuʾūn al-ʿĀmma li-l-Quwāt al-Musallaḥa/ادارة الشئون العامة للقوات المسلحة,Al-Qāhira/ القاهرة,ara,Rif'at al-Sa'id Library,"Range 1, Shelf H", ,,,OCLC: 1084787576
2826,book,United Arab Republic Majlis al-Aʻlá lil-Shuʼūn al-Islāmīyah,"The Islamic pact, an obvious trick.",,7929-9121,1966,2025-11-24 16:54:43,170,,Published under the auspices of the Supreme Council for Islamic Affairs,Cairo,eng,Rif'at al-Sa'id Library,"Range 1, Shelf H", Politics and government; Middle East,,,OCLC: 262907
2828,book,"Salmān/سلمان, Ṭalāl/طلال",Maʻa Fatḥ wa-al-fidāʼīyīn/مع فتح والفدائيين,,7196-1445,1969,2025-11-24 16:56:26,103,,Dār al-ʻAwdah/ دار العودة,Bayrūt/بيروت,ara,Rif'at al-Sa'id Library,"Range 1, Shelf H", History; Fatḥ (Organization); Guerrillas; Israel; Palestine,,,OCLC: 19372877
2830,book,Annual Meeting Middle East Studies Association Abstracts,Fifteenth Annual meeting Middle East Studies Association Abstracts,,,1981,2025-11-24 17:02:50,105,,,"Seattle, Washington",eng,Rif'at al-Sa'id Library,"Range 1, Shelf H", ,,,OCLC: 861056635
2832,book,"Najjār/نجار, Ḥusayn Fawzī/حسين فوزي",Thawrātunā wa-al-Mīthāq/ثوراتنا والميثاق,,,1963,2025-11-24 17:06:23,,,,,ara,Rif'at al-Sa'id Library,"Range 1, Shelf H", Politics and government; Egypt; Égypte; 1952-1970; Politique et gouvernement,,,OCLC: 23487328
2834,book,"Ṭāhā/ طه, Jād/جاد",Al-Ittiḥād al-Ishtirākī al-ʿArabī fī Mīzān al-ʿAmal al-Siyāsī/ الاتحاد الاشتراكي العربي في ميزان العمل السياسي,,,1963,2025-11-24 17:09:35,,,Dār al-Qawmiyya li-l-Ṭibāʿa wa-l-Nashr/دار القومية للطباعة والنشر,Miṣr/مصر,ara,Rif'at al-Sa'id Library,"Range 1, Shelf H", ,,,OCLC: 745189974
2836,book,"Starcky, Jean","Palmyra, the bride of the desert",,,1948,2025-11-24 17:12:08,,,Damascus: Directorate-General of Antiquities,,,Rif'at al-Sa'id Library,"Range 1, Shelf H", ,,,OCLC: 16739059
2838,book,"Childers, Erskine B.","Arab nationalism, by Erskine Childers.",,,1964,2025-12-09 18:45:46,15,,Information Dept.,Cairo,eng,Rif'at al-Sa'id Library,"Range 1, Shelf H", Arab countries; Nationalism,,,
2840,book,"Ḥātim/حاتم, Muḥammad ʿAbd al-Qādir/محمد عبد القادر",Buḥūth Siyasiyya: Ishtirākīyatunā Bayn al-Ishtirākīyāt al-ʿĀlamiyya/ بحوث سياسية: إشتراكيتنا بين الإشتراكيات العالمية,,,,2025-12-09 18:53:17,,,Al-Jamʿiyya al-Miṣriyya li-l-ʿUlūm al-Siyāsiyya/الجمعية المصرية للعلوم السياسية,,,Rif'at al-Sa'id Library,"Range 1, Shelf H", ,,,
2842,book,"Aḥmad/احمد, Maḥmūd/محمود",Thawrat Kūbā /ثورة كوبا,,,1959,2025-12-09 18:57:26,,,al-Dār al-Qawmīyah/الدار القومية,Cairo/ القاهرة,ara,Rif'at al-Sa'id Library,"Range 1, Shelf H", ,,,OCLC: 81272052
2844,book,,The Middle East Book: on revolution,,,,2025-12-09 19:09:53,,,,,,Rif'at al-Sa'id Library,"Range 1, Shelf H", ,,,
2846,book,"Academy, East African",Research services in East Africa,,,1966,2025-12-09 19:12:43,,,East African Pub. House,Nairobi,,Rif'at al-Sa'id Library,"Range 1, Shelf H"," Research; Africa, East; Learned institutions and societies",,,OCLC: 720635
2848,book,Jabhat al-Taḥrīr al-Waṭanī/جبهة التحرير الوطني,Mīthāq al-Jazāʾir: Majmūʿ al-Nuṣūṣ al-Muṣādaq ʿAlayhā min Ṭaraf al-Muʾtamar al-Awwal li-Ḥizb Jabhat al-Taḥrīr al-Waṭanī/ميثاق الجزائر: مجموع النصوص المصادق عليها من طرف المؤتمر الأول لحزب جبهة التحرير الوطني,,,1964,2025-12-10 21:23:18,179,,Al-Maṭbaʿa al-Waṭaniyya/المطبعة الوطنية,Al-Jazāʾir/الجزائر,ara,Rif'at al-Sa'id Library,"Range 1, Shelf H", ,,,
2850,book,"Grodzins, Morton",The metropolitan area as a racial problem.,,5805-9695,1958,2025-12-10 21:26:02,28,,University of Pittsburgh Press,Pittsburgh,eng,Rif'at al-Sa'id Library,"Range 1, Shelf H", African Americans; Cities and towns; Growth; Housing,,,OCLC: 423784
2852,book,American Politcal Scinece Association,Books from American University Presses on exhibit,,,1966,2025-12-11 20:21:53,,,,New York,eng,Rif'at al-Sa'id Library,"Range 1, Shelf H", ,,,
2854,book,Lajnat Kutub Siyasiyya/ لجنة كتب سياسية,Afrīqiyā wa-l-Istiqlāl al-Iqtiṣādī/ افريقيا و الاستقلال الاقتصادي,,,,2025-12-11 20:27:19,,Kutub Siyasiyya: Majmūʿa ʿArabiyya/ كتب سياسية: مجموعة عربية,Al-Dār al-Qawmiyya li-l-Ṭibāʿa wa-l-Nashr/ الدار القومية للطباعة و النشر,,,Rif'at al-Sa'id Library,"Range 1, Shelf H", ,,,
2856,book,"Ṣabrī/صبري, ʻAlī/علي","Bayān al-Sayyid ʻAlī Ṣabrī, Raʾīs al-Wuzarāʾ amām Majlis al-Ummah, 17 November sanat [1964]/بيان السيد علي صبري، رئيس الوزراء أمام مجلس الأمة، 17 نوفمبر سنة [1964].",,,1964,2025-12-11 20:31:46,,,Maṣlaḥat al-Istiʻlāmāt/مصلحة الستعلامات,Cairo,ara,Rif'at al-Sa'id Library,"Range 1, Shelf H", Egypt; Economic policy; Social policy,,,OCLC: 122983769
2858,book,,The Arab Community of Alberta Directory 1981/دليل الجالية العربية في البرتا,,,1981,2025-12-11 20:35:32,,,,,,Rif'at al-Sa'id Library,"Range 1, Shelf H", ,,,
2860,book,"Ismael, Tareq Y. author",Canada and the Middle East,,,1973,2025-12-11 20:42:32,,"Behind the headlines ; v. 32, no. 5",Canadian Institute of International Affairs,Toronto,eng,Rif'at al-Sa'id Library,"Range 1, Shelf H", Foreign relations; Canada; Middle East; Middle East,,,OCLC: 939826
2862,book,"Al-Nadwī/الندوي, Abū al-Ḥasan ʿAlī/ابو الحسن علي",Rijāl al-Fikr wa-l-Daʿwa fī al-Islām/ رجال الفكر و الدعوة في الاسلام,,,1960,2025-12-11 20:48:36,,,,Dimashq/دمشق,,Rif'at al-Sa'id Library,"Range 1, Shelf H", ,,,
2864,book,"Shawārabī/شواربي, Muḥammad Yūsuf/ محمد يوسف",Al-Islām fī Amrīkā/ الإسلام في أمريكا,,,1960,2025-12-11 20:52:17,250,,,,ara,Rif'at al-Sa'id Library,"Range 1, Shelf H", ,,,
2866,book,"Fawzī/فوزي, Fārūq ʿUmar//فاروق عمر",Al-Tārīkh al-Islāmī wa-Fikr al-Qarn al-ʿIshrīn: Dirāsāt Naqdiyya fī Tafsīr al-Tārīkh/التاريخ الاسلامي وفكر القرن العشرين : دراسات نقدية في تفسير التاريخ,,,1980,2025-12-11 20:55:06,343,,Muʾassasat al-Maṭbūʿāt al-ʿArabiyya/ مؤسسة المطبوعات العربية,Bairūt/ بيروت,ara,Rif'at al-Sa'id Library,"Range 1, Shelf H", ,,,OCLC: 236025044
2868,book,"Rūzantāl/روزنتال, Farānz/فرانز; Ziyāda/زيادة, Maʿan/ معن; Al-Sayyid/السيد, Riḍwān/رضوان",Mafhūm al-Ḥurriyya fī al-Islām: Dirāsa fī Mushkiliyyāt al-Muṣṭalaḥ wa-Aʾbādih fī al-Turāth al-ʿArabī–al-Islāmī/مفهوم الحرية في الإسلام: دراسة في مشكليات المصطلح وأبعاده في التراث العربي-الإسلامي,,,1978,2025-12-11 20:59:13,,,Maʿhad al-Inmāʾ al-ʿArabī/معهد الإنماء العربي,Bairūt/ بيروت,ara,Rif'at al-Sa'id Library,"Range 1, Shelf H", الاسلام; البلدان الاسلامية; الحرية; الحقوق المدنية; النواحي الدينية,,"Ziyāda/زيادة, Maʿan/ معن; Al-Sayyid/السيد, Riḍwān/رضوان",OCLC: 784303664
2870,book,"Quṭb/قطب, Sayyid/سيد",Al-Islām wa-Mushkilāt al-Ḥaḍāra/ الاسلام و مشكلات الحضارة,,,1980,2025-12-11 21:16:06,193,,Dār Shurūq/ دار شروق,Bairūt/ بيروت,ara,Rif'at al-Sa'id Library,"Range 1, Shelf H", ,,,OCLC: 957292729
2872,book,"Abū Ismāʻīl/أبو اسماعيل, Ṣalāḥ/ صلاح",al-Shahādah: Shahādat haqq fī qaḍīyat al-ʻaṣr : shahādat al-shaykh Ṣalāḥ Abū Ismāʻīl fī qaḍīyat Tanẓīm al-Jihād/الشهادة : شهادة حق في قضية العصر شهادة : شهادة الشيخ صلاح أبو اسماعيل في قضية تنظيم الجهاد,978-977-14-2085-9,,1984,2025-12-11 21:20:37,,,Dār al-Iʻtiṣām/دار الاعتصام,Cairo/ القاهرة,ara,Rif'at al-Sa'id Library,"Range 1, Shelf H", Islam and state; Egypt; Islam and politics,,,
2874,book,"Egypt Maḥkamat Amn al-Dawlah al-ʻUlyā; Sharqāwī/شرقاوي, ʻAbd al-ʻAzīz/عبد العزيز",Qaḍīyat Tanẓīm al-Jihād: asbāb al-ḥukm fī qaḍīyat al-jināyah raqm 48 li-sanat 1982 amn dawlah ʻulyā : wa-tataḍamanu al-tuham al-mansūbah lil-mutahamīn wa-al-waqāʼiʻ/قضية تنظيم الجهاد : أسباب الحكم في قضية الجناية رقم 48 لسنة 1982 أمن دولة عليا ...,,,1985,2025-12-11 21:24:27,1027,,,Cairo/ القاهرة,ara,Rif'at al-Sa'id Library,"Range 1, Shelf H", Politics and government; Egypt; 1981-2011; Jihād (Organization : Egypt),,"Sharqāwī/شرقاوي, ʻAbd al-ʻAzīz/عبد العزيز",OCLC: 20762117
2876,book,"Ḥamūda/حمودة, ʿĀdel/عادل",Qanābil wa-Muṣāḥif: Qiṣat Tanẓīm al-Jihād/قنابل ومصاحف: قصة تنظيم الجهاد,,,1985,2025-12-11 21:31:47,279,,Sīnāʾ li-l-Nashr/سيناء للنشر,Al-Qāhira/ القاهرة,ara,Rif'at al-Sa'id Library,"Range 1, Shelf H", ,,,OCLC: 784306210
2878,book,"Al-Najjār/النجار, ʿAbd al-Raḥmān Muḥammad/عبد الرحمن محمد",Al-Islām fī al-Ṣūmāl/الاسلام فى الصومال,,,1973,2025-12-11 21:34:37,118,,"Al-Majlis al-Aʿlá li-l-Shuʾūn al-Islāmiyya, Lajnat al-Taʿrīf bi-l-Islām/المجلس الأعلى للشؤون الإسلامية، لجنة التعريف بالإسلام",,ara,Rif'at al-Sa'id Library,"Range 1, Shelf H", ,,,OCLC: 236035449
2880,book,"Mušarrafa/مشرفة, ʻAṭīya Muṣṭafā/عطية مصطفى",al-Qaḍāʼ fī l-Islām/القضاء في الإسلام,,,1966,2025-12-11 21:38:07,224,,شركة الشرق الأوسط,القاهرة,ara,Rif'at al-Sa'id Library,"Range 1, Shelf H", ,,,
2882,book,"Daylamī/ديلمي, Abū al-Ḥasan ʻAlī ibn Muḥammad/ابو الحسن علي بن محمد; Shitā/شتا, Ibrāhīm al-Dasūqī/ابراهيم الدسوقي",Sīrat al-Shaykh al-Kabīr Abī ʻAbd Allāh Muḥammad ibn Khafīf al-Shīrāzī/سيرة الشيخ الكبير ابي عبد الله محمد بن خفيف الشيرازي,,,1977,2025-12-11 21:43:03,,,"Majmaʻ al-Buḥūth al-Islāmīyah, al-Amānah al-ʻĀmmah/مجمع البحوث الاسلامية",al-Qāhirah/القاهرة,ara,Rif'at al-Sa'id Library,"Range 1, Shelf H"," Biography; Biographies; Ibn al-Khafīf, Muḥammad ibn Muḥammad, -981 or 982; Ibn Khafīf, Muḥammad, 890-982; Soufis$$QSoufis; Sufis; Sufis$$QSufis; ابن الخفيف، محمد بن محمد،, ت. 981 او 2",,"Shitā/شتا, Ibrāhīm al-Dasūqī/ابراهيم الدسوقي",
2884,book,"Al-Nadwī/الندوي, Abū al-Ḥasan ʿAlī/ابو الحسن علي",Iḏā Habat Rīḥ al-ʾĪmān/ اذا هبت ريح الايمان,,,1980,2025-12-11 21:50:39,240,,Muʾassasat al-Risāla/ مؤسسة الرسالة,,ara,Rif'at al-Sa'id Library,"Range 1, Shelf H", ,,,
2886,book,Wizārat al-iršād al-Qaumī,The year book,,,1965,2025-12-14 1:12:21,,,,Cairo,eng,Rif'at al-Sa'id Library,"Range 1, Shelf H", ,,,
2888,book,United Arab Republic Jihāz al-Markazī lil-Taʻbiʼah al-ʻĀmmah wa-al-Iḥṣāʼ,"Statistical handbook of the United Arab Republic, 1952-1965.",,,1966,2025-12-14 1:14:15,,,,Cairo,eng,Rif'at al-Sa'id Library,"Range 1, Shelf I", Egypt -- Statistics; United Arab Republic -- Statistics,,,
2890,book,United Arab Republic Jihāz al-Markazī lil-Taʻbiʼah al-ʻĀmmah wa-al-Iḥṣāʼ,"Statistical handbook of the United Arab Republic, 1952-1964.",,,1965,2025-12-14 1:15:03,329,,,Cairo,eng,Rif'at al-Sa'id Library,"Range 1, Shelf I", Egypt -- Statistics; United Arab Republic -- Statistics,,,OCLC: 1326698
2892,book,,African Studies Bulletin,,,1967,2025-12-14 1:21:06,,,African Studies Association,,en,Rif'at al-Sa'id Library,"Range 1, Shelf I", ,,,
2894,book,,"The Ecumenical Patriarchate of Constantinople, special issue",,,1965,2025-12-14 16:32:44,160,,International Relations,Athens,eng,Rif'at al-Sa'id Library,"Range 1, Shelf I", ,,,
2896,book,,"Current History, vol. 60, No. 353, January 1971, The Middle East",,,1971,2025-12-14 16:39:42,64,,University of California Press,,eng,Rif'at al-Sa'id Library,"Range 1, Shelf I", ,,,
2898,book,"ʿAbduh/عبده, ʿAlī Ibrāhīm/ على ابراهيم",Al-Nahr al-Khālid/النهر الخالد,,,1964,2025-12-14 16:44:31,326,,Al-Dār al-Qawmiyya li-l-Ṭibāʿa wa-l-Nashr/الدار القومية للطباعة والنشر,Al-Qāhira/ القاهرة,ara,Rif'at al-Sa'id Library,"Range 1, Shelf I", ,,,OCLC: 236005271
2900,book,,"L'Egypte Contemporaine, revue Trimestrielle de la société politique, de statistique et de législation d'Egypte, No. 311",,,1963,2025-12-15 13:30:37,,,,Le Caire,fre,Rif'at al-Sa'id Library,"Range 1, Shelf I", ,,,
2902,book,Western Political Science Association,"The Western political quarterly, Vol. 21, No. 4, Dec., 1968",,,1968,2025-12-15 13:44:01,,,University of Utah,Salt Lake City,,Rif'at al-Sa'id Library,"Range 1, Shelf I", ,,,
2904,book,American Society for Public Administration,"American review of public administration, Vol. 2 Issue 2, August 1968",,,1968,2025-12-15 13:54:00,,,Midwest Review of Public Administration,Parkville,,Rif'at al-Sa'id Library,"Range 1, Shelf I", ,,,
2906,book,,"The Arab journal of international studies, Vol. 3, No. 2, Winter 1991",,,1991,2025-12-15 14:15:14,,,Al-Maʿhad al-ʿArabī li-l-Dirāsāt al-Duwalliyya/المعهد العربي للدراسات الدولية,Washington,,Rif'at al-Sa'id Library,"Range 1, Shelf I", ,,,
2908,book,كويت. مجلس الأمّة/ Kuwait. Majlis al-Ummah.,مجلس الامة / Majlis al-Ummah,,,1960,2025-12-15 14:20:26,,,,الكويت/Kuwait,,Rif'at al-Sa'id Library,"Range 1, Shelf I", ,,,
2910,book,"Yaḥyá/يحيى, Ǧalāl/جلال",Al-Tanāfus al-Duwallī fī Sharq ʾAfrīqiyā/التنافس الدولي  في شرق افريقيا,,,1959,2025-12-16 11:32:52,274,,Dār-al-maʻrifa/ دار المعرفة,,ara,Rif'at al-Sa'id Library,"Range 1, Shelf I", التاريخ,,,
2912,book,"Yaḥyá/يحيى, Ǧalāl/جلال",Al-Tanāfus al-Duwallī fī Bilād al-Ṣūmāl/التنافس الدولي  في بلاد الصومال,,,1959,2025-12-16 11:38:37,,,Dār-al-maʻrifa/ دار المعرفة,,ara,Rif'at al-Sa'id Library,"Range 1, Shelf I", التاريخ,,,
2914,book,,Eight year of development in the U.A.R.,,,1960,2025-12-16 12:05:51,,"The Scibe, Special number, 27 July 1960",,Cairo,,Rif'at al-Sa'id Library,"Range 1, Shelf I", ,,,OCLC: 254797811
2916,book,American University of Beirut Alumni Association,"Middle East forum, Vol. XLIII, No. 2 and 3",,,1967,2025-12-16 12:10:45,,,Alumni Association of the American University of Beirut,Beirut,eng,Rif'at al-Sa'id Library,"Range 1, Shelf I", Middle East,,,OCLC: 7936377
2918,book,American University of Beirut Alumni Association,Middle East forum,,,,2025-12-16 12:12:25,,,Alumni Association of the American University of Beirut,Beirut,eng,Rif'at al-Sa'id Library,"Range 1, Shelf I", Middle East,,,OCLC: 7936377
2920,book,Theodore Herzl Foundation,"Midstream; a monthly Jewish review, Vol. XX, No. 5",,0026-332X,1974,2025-12-16 12:13:54,,,Theodor Herzl Foundation.,New York,eng,Rif'at al-Sa'id Library,"Range 1, Shelf I", United States; Jews; Zionism,,,OCLC: 1714718
2922,book,American University of Beirut Alumni Association,"Middle East forum, Vol. XLVIII,  No. 3 and 4",,,,2025-12-16 12:16:37,,,Alumni Association of the American University of Beirut,Beirut,eng,Rif'at al-Sa'id Library,"Range 1, Shelf I", Middle East,,,OCLC: 7936377
2924,book,"Riyāḍ/رياض, Zāhir/زاهر",Kanīsat al-Iskandarīyah fī Afrīqiyā/كنيسة الاسكندرية في افريقيا,,,1962,2025-12-16 12:19:51,215,,,Cairo,ara,Rif'at al-Sa'id Library,"Range 1, Shelf I", History; Coptic Church,,,OCLC: 23506203
2926,book,"Bāyk/بايك, Dūghlās/دوغلاس; Salīm/سليم, Khalīl/خليل",Al-Fīt Kūnj: al-Asālīb al-Tanzīmiyya wa-l-Niḍāliyya li-Jabhat Taḥrīr Fītnām/ الفيتكونج : الأساليب التنظيمية والنضالية لجبهة تحرير فيتنام,,,1968,2025-12-16 12:23:50,,,Dār al-Ṭalīʿa/دار الطليعة,Bairūt/ بيروت,ara,Rif'at al-Sa'id Library,"Range 1, Shelf I", ,,,OCLC: 929698696
2928,book,"Lyon, Peyton V.; Ismael, Tareq Y.",Canada and the Third World,978-0-7705-1039-8,,1976,2025-12-16 12:31:18,l+342,,Macmillan of Canada,Toronto,eng,Rif'at al-Sa'id Library,"Range 1, Shelf I"," Foreign relations; 1945-; Canada; Developing countries; Economic assistance, Canadian; Technical assistance, Canadian",,,OCLC: 2857083
2930,book,African Studies Association,"African studies review, Vol. XIII, No. 1",,1555-2462,1970,2025-12-16 13:10:37,,,"African Studies Center, Michigan State University","East Lansing, Mich",eng,Rif'at al-Sa'id Library,"Range 1, Shelf I", Periodicals; Africa; African philology; Afrika; Afrique; Afrique noire; Étude et enseignement; Online-Publikation; periodicals; Périodique électronique (Descripteur de forme); Périodiques; Ressource Internet (Descripteur de forme); Zeitschrift,,,OCLC: 51205622
2932,book,"Maḥmūd/محمود, ʻAbd al-Raḥīm/عبد الرحيم",Asrār al-ʻudwān al-Maghribīʻ alá al-Jazāʼir/أسرار العدوان المغربي على الجزائر,,,1963,2025-12-16 13:13:06,133,"Kutub Qawmīyah, 267",al Dār al-Qawmīyah lil-Ṭibāʻah wa-al-Nashr/,al-Qāhirah/القاهرة,ara,Rif'at al-Sa'id Library,"Range 1, Shelf I", History; Morocco; Foreign relations; 1945-1962; Algeria,,,
2934,book,"Helou, Angelina S.","Interaction of political, military and economic factors in Israel",,,1969,2025-12-16 13:21:01,175,Palestine monographs,Palestine Research Center,Beirut,eng,Rif'at al-Sa'id Library,"Range 1, Shelf I", Economic conditions; History; Israel; Zionism,,,OCLC: 785119047
2936,book,"Rūāndūzī/رواندوزي, Khūrshīd Shawkāt/خورشيد شوكت",Al-Dawāfiʿ al-Khafiyya Warāʾ Mushkilat Shatt al-ʿArab/الدوافع الخفية وراء مشكلة شط العرب,,,1971,2025-12-16 13:29:03,70,,Maṭbaʿat al-Zamān/ مطبعة الزمان,Baghdad/ بغداد,ara,Rif'at al-Sa'id Library,"Range 1, Shelf I", ,,,
2938,book,"Mair, Lucy Philip",New nations,,,1967,2025-12-16 13:41:14,,Weidenfeld goldbacks,Weidenfeld & Nicolson,London,eng,Rif'at al-Sa'id Library,"Range 1, Shelf I", Social conditions; Africa; 1945-1960; Acculturation; Asia; Ethnopsychology; Social change,,,OCLC: 461866
2940,book,"Zartman, I. William",International relations in the new Africa [by] I. William Zartman.,,6601-6339,1966,2025-12-16 13:43:23,xi+175,Spectrum book,Prentice-Hall,"Englewood Cliffs, N.J",eng,Rif'at al-Sa'id Library,"Range 1, Shelf I", Foreign relations; 1960-; Africa,,,OCLC: 412795
2942,book,Fatḥ/فتح,Dirāsāt wa-tajārib thawrīyah/دراسات وتجارب ثورية,,7396-3445,1968,2025-12-16 13:48:46,,,"Ḥarakat al-Taḥrīr al-Waṭanī al-Filasṭīnī, Fatḥ, Maktab al-Iʻla̲m wa-al-Tawjīh/حركة التحرير الوطني الفلسطيني",Cairo,ara,Rif'at al-Sa'id Library,"Range 1, Shelf I", Fedayeen,,,
2944,book,"United States Congress Senate Committee on the Judiciary Subcommittee to Investigate Problems Connected with Refugees and Escapees, author","Crisis on Cyprus, 1975: one year after the invasion : a staff report",,,1975,2025-12-16 13:54:11,,U.S. Congressional documents. Committee prints,"U.S. Government Printing Office, For sale by the Superintendent of Documents, U.S. Government Printing Office, William S. Hein & Co., U.S. Govt. Print. Off.",,eng,Rif'at al-Sa'id Library,"Range 1, Shelf I"," Cyprus--History; Refugees;Cyprus--Politics and government;Legislative materials; Turkish Invasion, 1974",,,OCLC: 2188017
2946,book,World Muslim Conference Office of Documents and Information,"Morocco: before the Protectorate, under the Protectorate, failure of the Protectorate.",,,1951,2025-12-16 14:02:13,,,"Office of Documents and Information, World Muslim Conference",London,eng,Rif'at al-Sa'id Library,"Range 1, Shelf I", History; Morocco; 20th century; Histoire; 1900-1999; 20e siècle; Maroc,,,
2948,book,"Kegley, Charles W.; Wittkopf, Eugene R.",World politics: trend and transformation,978-0-312-89246-3,,1981,2025-12-18 10:03:34,,,St. Martin's Press,,,Rif'at al-Sa'id Library,"Range 1, Shelf J", ,,,OCLC: 7368300
2950,book,"Feierabend, Ivo K.; Feierabend, Rosalind L.; Gurr, Ted Robert","Anger, violence, and politics; theories and research",978-0-13-036848-5,,1972,2025-12-18 10:06:16,xv+423,,Prentice-Hall,"Englewood Cliffs, N.J",eng,Rif'at al-Sa'id Library,"Range 1, Shelf J", Revolutions,,"Feierabend, Rosalind L.; Gurr, Ted Robert",OCLC: 328802
2952,book,American-Arab Affairs Council; Middle East Policy Council,"American-Arab affairs, Winter 1984-85, No.11.",,0731-6763,1985,2025-12-18 11:46:23,,,American-Arab Affairs Council,"Washington, D.C",eng,Rif'at al-Sa'id Library,"Range 1, Shelf J", Politics and government; Arab countries; Foreign relations; United States,,,Publication Title: American-Arab affairs. OCLC: 8230947
2954,book,Majlis al-Qawmī lil-Thaqāfah al-ʻArabīyah/المجلس القومي للثقافة العربية,"al-Wiḥdah : majallah fikrīyah thaqāfīyah shahrīyah, October 1984/ الوحدة: مجلة فكرية ثقافية شهرية، اكتوبر ١٩٨٤",,,1984,2025-12-18 11:49:10,,,Majlis al-Qawmī lil-Thaqāfah al-ʻArabīyah/المجلس القومي للثقافة العربية,Rabat/الرباط,ara,Rif'at al-Sa'id Library,"Range 1, Shelf J"," Arab countries; Intellectual life; Periodicals; Arab nationalism Periodicals; Civilization, Arab Periodicals; Intellectual life$$QArab countries; Panarabism Periodicals; Periodicals$$QArab nationalism Periodicals; Periodicals$$QCivilization, Arab Periodicals; Periodicals$$QPanarabism Periodicals; البلدان العربية; الحضارة العربية دوريات; الحياة الفكرية; الحياة الفكرية$$Qالبلدان العربية; القومية العربية دوريات; الوحدة العربية دوريات; دوريات; دوريات$$Qالحضارة العربية دوريات; دوريات$$Qالقومية العربية دوريات; دوريات$$Qالوحدة العربية دوريات",,,OCLC: 1034555133
2956,book,Majlis al-Qawmī lil-Thaqāfah al-ʻArabīyah/المجلس القومي للثقافة العربية,"al-Wiḥdah : majallah fikrīyah thaqāfīyah shahrīyah, April 1985 /الوحدة: مجلة فكرية ثقافية شهرية، ابريل ١٩٨٥",,,1984,2025-12-18 11:54:08,,,Majlis al-Qawmī lil-Thaqāfah al-ʻArabīyah/المجلس القومي للثقافة العربية,Rabat/الرباط,ara,Rif'at al-Sa'id Library,"Range 1, Shelf J"," Arab countries; Intellectual life; Periodicals; Arab nationalism Periodicals; Civilization, Arab Periodicals; Intellectual life$$QArab countries; Panarabism Periodicals; Periodicals$$QArab nationalism Periodicals; Periodicals$$QCivilization, Arab Periodicals; Periodicals$$QPanarabism Periodicals; البلدان العربية; الحضارة العربية دوريات; الحياة الفكرية; الحياة الفكرية$$Qالبلدان العربية; القومية العربية دوريات; الوحدة العربية دوريات; دوريات; دوريات$$Qالحضارة العربية دوريات; دوريات$$Qالقومية العربية دوريات; دوريات$$Qالوحدة العربية دوريات",,,OCLC: 1034555133
2958,book,Majlis al-Qawmī lil-Thaqāfah al-ʻArabīyah/المجلس القومي للثقافة العربية,"al-Wiḥdah : majallah fikrīyah thaqāfīyah shahrīyah, March 1985 /الوحدة: مجلة فكرية ثقافية شهرية، مارس ١٩٨٥",,,1984,2025-12-18 11:55:15,,,Majlis al-Qawmī lil-Thaqāfah al-ʻArabīyah/المجلس القومي للثقافة العربية,Rabat/الرباط,ara,Rif'at al-Sa'id Library,"Range 1, Shelf J"," Arab countries; Intellectual life; Periodicals; Arab nationalism Periodicals; Civilization, Arab Periodicals; Intellectual life$$QArab countries; Panarabism Periodicals; Periodicals$$QArab nationalism Periodicals; Periodicals$$QCivilization, Arab Periodicals; Periodicals$$QPanarabism Periodicals; البلدان العربية; الحضارة العربية دوريات; الحياة الفكرية; الحياة الفكرية$$Qالبلدان العربية; القومية العربية دوريات; الوحدة العربية دوريات; دوريات; دوريات$$Qالحضارة العربية دوريات; دوريات$$Qالقومية العربية دوريات; دوريات$$Qالوحدة العربية دوريات",,,OCLC: 1034555133
2960,book,"Kissinger, Henry",American foreign policy; three essays [by] Henry A. Kissinger.,,,1969,2025-12-18 12:03:56,143,,Norton,New York,eng,Rif'at al-Sa'id Library,"Range 1, Shelf J", Foreign relations; United States; 1945-1989,,,OCLC: 7201
2962,book,"Neal, Fred Warner; American Committee on East-West Accord",Detente or debacle: common sense in U.S.-Soviet relations,978-0-393-05706-5,,1979,2025-12-18 12:07:31,xiv+108,,Norton,New York,eng,Rif'at al-Sa'id Library,"Range 1, Shelf J", Foreign relations; Russia; United States; Soviet Union; Detente,,,OCLC: 4504113
2964,book,"Kissinger, Henry",American foreign policy,978-0-393-09264-6,,1974,2025-12-18 12:14:21,304,,Norton,New York,eng,Rif'at al-Sa'id Library,"Range 1, Shelf J", Foreign relations; United States; 1945-1989,,,OCLC: 858772
2966,book,"Bailey, Thomas A.",The art of diplomacy; the American experience,,,1968,2025-12-18 12:15:52,xii+303,,Appleton-Century-Crofts,New York,eng,Rif'at al-Sa'id Library,"Range 1, Shelf J"," Foreign relations; United States; Diplomatic and consular service, American",,,OCLC: 436797
2968,book,,"Canadian Journal of Political Science, December 1986",,,1986,2025-12-18 12:29:01,,,,,,Rif'at al-Sa'id Library,"Range 1, Shelf J", ,,,
2970,book,"Ritzer, George",Sociology: a multiple paradigm science.,,0093-4739,1974,2025-12-18 12:33:55,vi+234,,Allyn and Bacon,Boston,eng,Rif'at al-Sa'id Library,"Range 1, Shelf J", Sociology,,,OCLC: 934739
2972,book,"Keohane, Robert O.; Nye, Joseph S.",Power and interdependence: world politics in transition,,,1977,2025-12-18 12:37:52,xiv+273,,"Little, Brown",Boston,eng,Rif'at al-Sa'id Library,"Range 1, Shelf J", International relations; International economic relations,,"Nye, Joseph S.",OCLC: 2748258
2974,book,,"Canadian Journal of Political Science, December 1986",,,1986,2025-12-18 12:38:48,,,,,,Rif'at al-Sa'id Library,"Range 1, Shelf J", ,,,
2976,book,Jāmiʿat al-Kuwayt/جامعة الكويت,"Majallat al-ʿUlūm al-Ijtimāʿiyya, al-Mujallad 25, al-ʿAdad 4, Shitāʾ 1997/ مجلة العلوم الاجتماعية، المجلد 25 العدد 4 شتاء 1997",,,1997,2025-12-18 13:08:43,,,Majlis al-Nashr al-ʿIlmī/مجلس النشر العلمي,Al-Kuwayt/الكويت,,Rif'at al-Sa'id Library,"Range 1, Shelf J", ,,,
2978,book,Jāmiʿat al-Kuwayt/جامعة الكويت,"Majallat al-ʿUlūm al-Ijtimāʿiyya, al-Mujallad 26, al-ʿAdad 3, Kharīf 1998/ مجلة العلوم الاجتماعية، المجلد 26 العدد 3 خريف 1998",,,1998,2025-12-18 13:11:05,,,Majlis al-Nashr al-ʿIlmī/مجلس النشر العلمي,Al-Kuwayt/الكويت,,Rif'at al-Sa'id Library,"Range 1, Shelf J", ,,,
2980,book,Jāmiʿat al-Kuwayt/جامعة الكويت,"Majallat al-ʿUlūm al-Ijtimāʿiyya, al-Mujallad 24, al-ʿAdad 3, Kharīf 1996/ مجلة العلوم الاجتماعية، المجلد24  العدد 3 خريف 1996",,,1996,2025-12-18 13:12:02,,,Majlis al-Nashr al-ʿIlmī/مجلس النشر العلمي,Al-Kuwayt/الكويت,,Rif'at al-Sa'id Library,"Range 1, Shelf J", ,,,
2982,book,Jāmiʿat al-Kuwayt/جامعة الكويت,"Majallat al-ʿUlūm al-Ijtimāʿiyya, al-Mujallad 23, al-ʿAdad 4, Shitāʾ 1995/ مجلة العلوم الاجتماعية، المجلد 23 العدد 4 شتاء 1995",,,1997,2025-12-18 13:12:41,,,Majlis al-Nashr al-ʿIlmī/مجلس النشر العلمي,Al-Kuwayt/الكويت,,Rif'at al-Sa'id Library,"Range 1, Shelf J", ,,,
2984,book,"Dobb, Maurice",Studies in the development of capitalism,,,1970,2025-12-18 13:18:29,ix+402,,International Publishers,New York,eng,Rif'at al-Sa'id Library,"Range 1, Shelf J", History; Capitalism; Economic history,,,OCLC: 283800410
2986,book,"Munīf/منيف, ʿAbd al-Raḥman/عبدالرحمن",Al-Naft wa-l-Tanmiyya: Majalla Tuʿnā bi-Shuʾūn al-Naft wa-l-Tanmiyya fī al-Waṭan al-ʿArabī wa-l-ʿĀlam/النفط والتنمية: مجلة تعنى بشؤون النفط والتنمية في الوطن العربي والعالم، العدد الأول، السنة الثانية، تشرين الأول 1976,,,1976,2025-12-19 11:02:55,,,OAPEC منظمة الأقطار العربية المصدرة للنفط,,ara,Rif'at al-Sa'id Library,"Range 1, Shelf K", ,,,
2988,book,"Munīf/منيف, ʿAbd al-Raḥman/عبدالرحمن",Al-Naft wa-l-Tanmiyya: Majalla Tuʿnā bi-Shuʾūn al-Naft wa-l-Tanmiyya fī al-Waṭan al-ʿArabī wa-l-ʿĀlam/النفط والتنمية مجلة تعنى بشؤون النفط والتنمية في الوطن العربي والعالم، العدد السابع، السنة الرابعة، 1979,,,1976,2025-12-21 9:57:27,,,OAPEC منظمة الأقطار العربية المصدرة للنفط,,ara,Rif'at al-Sa'id Library,"Range 1, Shelf K", ,,,
2990,book,"Munīf/منيف, ʿAbd al-Raḥman/عبدالرحمن",Al-Naft wa-l-Tanmiyya: Majalla Tuʿnā bi-Shuʾūn al-Naft wa-l-Tanmiyya fī al-Waṭan al-ʿArabī wa-l-ʿĀlam/ النفط والتنمية مجلة تعنى بشؤون النفط والتنمية في الوطن العربي والعالم، العدد السادس، السنة الخامسة، 1980,,,1976,2025-12-21 9:59:36,,,OAPEC منظمة الأقطار العربية المصدرة للنفط,,ara,Rif'at al-Sa'id Library,"Range 1, Shelf K", ,,,
2992,book,"Munīf/منيف, ʿAbd al-Raḥman/عبدالرحمن",Al-Naft wa-l-Tanmiyya: Majalla Tuʿnā bi-Shuʾūn al-Naft wa-l-Tanmiyya fī al-Waṭan al-ʿArabī wa-l-ʿĀlam/النفط والتنمية مجلة تعنى بشؤون النفط والتنمية في الوطن العربي والعالم، العدد السادس، السنة الخامسة، 1977,,,1977,2025-12-21 10:00:42,,,OAPEC منظمة الأقطار العربية المصدرة للنفط,,ara,Rif'at al-Sa'id Library,"Range 1, Shelf K", ,,,
2994,book,"Munīf/منيف, ʿAbd al-Raḥman/عبدالرحمن",Al-Naft wa-l-Tanmiyya: Majalla Tuʿnā bi-Shuʾūn al-Naft wa-l-Tanmiyya fī al-Waṭan al-ʿArabī wa-l-ʿĀlam/النفط والتنمية مجلة تعنى بشؤون النفط والتنمية في الوطن العربي والعالم، العدد الثالث، السنة الرابعة، 1978,,,1978,2025-12-21 10:01:44,,,OAPEC منظمة الأقطار العربية المصدرة للنفط,,ara,Rif'at al-Sa'id Library,"Range 1, Shelf K", ,,,
2996,book,"Munīf/منيف, ʿAbd al-Raḥman/عبدالرحمن",Al-Naft wa-l-Tanmiyya: Majalla Tuʿnā bi-Shuʾūn al-Naft wa-l-Tanmiyya fī al-Waṭan al-ʿArabī wa-l-ʿĀlam/النفط والتنمية مجلة تعنى بشؤون النفط والتنمية في الوطن العربي والعالم، العدد السابع، السنة الثانية، 1977,,,1977,2025-12-21 10:03:25,,,OAPEC منظمة الأقطار العربية المصدرة للنفط,,ara,Rif'at al-Sa'id Library,"Range 1, Shelf K", ,,,
2998,book,"Munīf/منيف, ʿAbd al-Raḥman/عبدالرحمن",Al-Naft wa-l-Tanmiyya: Majalla Tuʿnā bi-Shuʾūn al-Naft wa-l-Tanmiyya fī al-Waṭan al-ʿArabī wa-l-ʿĀlam/ النفط والتنمية مجلة تعنى بشؤون النفط والتنمية في الوطن العربي والعالم، العدد الثاني، السنة الثانية، 1976,,,1976,2025-12-21 10:04:41,,,OAPEC منظمة الأقطار العربية المصدرة للنفط,,ara,Rif'at al-Sa'id Library,"Range 1, Shelf K", ,,,
3000,book,"Munīf/منيف, ʿAbd al-Raḥman/عبدالرحمن",Al-Naft wa-l-Tanmiyya: Majalla Tuʿnā bi-Shuʾūn al-Naft wa-l-Tanmiyya fī al-Waṭan al-ʿArabī wa-l-ʿĀlam/النفط والتنمية مجلة تعنى بشؤون النفط والتنمية في الوطن العربي والعالم، العدد الثالث، السنة الثانية، 1976,,,1976,2025-12-21 10:05:44,,,OAPEC منظمة الأقطار العربية المصدرة للنفط,,ara,Rif'at al-Sa'id Library,"Range 1, Shelf K", ,,,
3002,book,"Munīf/منيف, ʿAbd al-Raḥman/عبدالرحمن",Al-Naft wa-l-Tanmiyya: Majalla Tuʿnā bi-Shuʾūn al-Naft wa-l-Tanmiyya fī al-Waṭan al-ʿArabī wa-l-ʿĀlam/ النفط والتنمية مجلة تعنى بشؤون النفط والتنمية في الوطن العربي والعالم، العدد السادس، السنة الرابعة، 1979,,,1979,2025-12-21 10:06:26,,,OAPEC منظمة الأقطار العربية المصدرة للنفط,,ara,Rif'at al-Sa'id Library,"Range 1, Shelf K", ,,,
3004,book,"Munīf/منيف, ʿAbd al-Raḥman/عبدالرحمن",Al-Naft wa-l-Tanmiyya: Majalla Tuʿnā bi-Shuʾūn al-Naft wa-l-Tanmiyya fī al-Waṭan al-ʿArabī wa-l-ʿĀlam/النفط والتنمية مجلة تعنى بشؤون النفط والتنمية في الوطن العربي والعالم، العدد الثاني عشر ، السنة الرابعة، 1979,,,1979,2025-12-21 10:07:13,,,OAPEC منظمة الأقطار العربية المصدرة للنفط,,ara,Rif'at al-Sa'id Library,"Range 1, Shelf K", ,,,
3006,book,"Munīf/منيف, ʿAbd al-Raḥman/عبدالرحمن",Al-Naft wa-l-Tanmiyya: Majalla Tuʿnā bi-Shuʾūn al-Naft wa-l-Tanmiyya fī al-Waṭan al-ʿArabī wa-l-ʿĀlam/النفط والتنمية مجلة تعنى بشؤون النفط والتنمية في الوطن العربي والعالم، العدد الثاني، السنة الرابعة، 1978,,,1978,2025-12-21 10:09:03,,,OAPEC منظمة الأقطار العربية المصدرة للنفط,,ara,Rif'at al-Sa'id Library,"Range 1, Shelf K", ,,,
3008,book,"Munīf/منيف, ʿAbd al-Raḥman/عبدالرحمن",Al-Naft wa-l-Tanmiyya: Majalla Tuʿnā bi-Shuʾūn al-Naft wa-l-Tanmiyya fī al-Waṭan al-ʿArabī wa-l-ʿĀlam/النفط والتنمية مجلة تعنى بشؤون النفط والتنمية في الوطن العربي والعالم، العدد الثالث، السنة الرابعة، 1978,,,1978,2025-12-21 10:14:16,,,OAPEC منظمة الأقطار العربية المصدرة للنفط,,ara,Rif'at al-Sa'id Library,"Range 1, Shelf K", ,,,
3010,book,"Munīf/منيف, ʿAbd al-Raḥman/عبدالرحمن",Al-Naft wa-l-Tanmiyya: Majalla Tuʿnā bi-Shuʾūn al-Naft wa-l-Tanmiyya fī al-Waṭan al-ʿArabī wa-l-ʿĀlam/النفط والتنمية مجلة تعنى بشؤون النفط والتنمية في الوطن العربي والعالم، العدد الرابع، السنة الرابعة، 1979,,,1979,2025-12-21 10:15:36,,,OAPEC منظمة الأقطار العربية المصدرة للنفط,,ara,Rif'at al-Sa'id Library,"Range 1, Shelf K", ,,,
3012,book,"Munīf/منيف, ʿAbd al-Raḥman/عبدالرحمن",Al-Naft wa-l-Tanmiyya: Majalla Tuʿnā bi-Shuʾūn al-Naft wa-l-Tanmiyya fī al-Waṭan al-ʿArabī wa-l-ʿĀlam/النفط والتنمية مجلة تعنى بشؤون النفط والتنمية في الوطن العربي والعالم، العدد الخامس، السنة الرابعة، 1979,,,1979,2025-12-21 10:16:08,,,OAPEC منظمة الأقطار العربية المصدرة للنفط,,ara,Rif'at al-Sa'id Library,"Range 1, Shelf K", ,,,
3014,book,,"Ṣawt al-Ṭullāb, al-ʿAdad 126, Nīsān 1979, al-Sanah al-ʿĀshira/ صوت الطلبة، العدد 126، نيسان 1979، السنة العاشرة",,,,2025-12-21 10:39:45,,,,Baghdād/بغداد,ara,Rif'at al-Sa'id Library,"Range 1, Shelf K", ,,,OCLC: 1044581996
3016,book,Muḥādathāt al-Waḥdah/محاضر محادثات الوحدة,Maḥāḍir muḥādathāt al-waḥdah: Mārs-Abrīl 1963/محاضر محادثات الوحدة : مارس-ابريل1963,,,1963,2025-12-21 10:47:34,,Kutub qawmīyah/كتب قومية,al-Dār al-Qawmīyah lil-Ṭibāʻah wa-al-Nashr/الدار القومية للطباعة والنشر,al-Qāhirah/القاهرة,ara,Rif'at al-Sa'id Library,"Range 1, Shelf K", Iraq; Foreign relations; Syria; Egypt,,,OCLC: 1395137941
3018,book,"Munīf/منيف, ʿAbd al-Raḥman/عبدالرحمن",Al-Naft wa-l-Tanmiyya: Majalla Tuʿnā bi-Shuʾūn al-Naft wa-l-Tanmiyya fī al-Waṭan al-ʿArabī wa-l-ʿĀlam/النفط والتنمية مجلة تعنى بشؤون النفط والتنمية في الوطن العربي والعالم، العدد الثامن، السنة الثالثة، 1978,,,1978,2025-12-21 10:50:04,,,OAPEC منظمة الأقطار العربية المصدرة للنفط,,ara,Rif'at al-Sa'id Library,"Range 1, Shelf K", ,,,
3020,book,"Munīf/منيف, ʿAbd al-Raḥman/عبدالرحمن",Al-Naft wa-l-Tanmiyya: Majalla Tuʿnā bi-Shuʾūn al-Naft wa-l-Tanmiyya fī al-Waṭan al-ʿArabī wa-l-ʿĀlam/النفط والتنمية مجلة تعنى بشؤون النفط والتنمية في الوطن العربي والعالم، العدد الثاني، السنة الثالثة، 1977,,,1977,2025-12-21 10:51:28,,,OAPEC منظمة الأقطار العربية المصدرة للنفط,,ara,Rif'at al-Sa'id Library,"Range 1, Shelf K", ,,,
3022,book,"Munīf/منيف, ʿAbd al-Raḥman/عبدالرحمن",Al-Naft wa-l-Tanmiyya: Majalla Tuʿnā bi-Shuʾūn al-Naft wa-l-Tanmiyya fī al-Waṭan al-ʿArabī wa-l-ʿĀlam/النفط والتنمية مجلة تعنى بشؤون النفط والتنمية في الوطن العربي والعالم، العدد الخامس، السنة الثالثة، 1978,,,1978,2025-12-21 10:53:20,,,OAPEC منظمة الأقطار العربية المصدرة للنفط,,ara,Rif'at al-Sa'id Library,"Range 1, Shelf K", ,,,
3024,book,"Munīf/منيف, ʿAbd al-Raḥman/عبدالرحمن",Al-Naft wa-l-Tanmiyya: Majalla Tuʿnā bi-Shuʾūn al-Naft wa-l-Tanmiyya fī al-Waṭan al-ʿArabī wa-l-ʿĀlam/النفط والتنمية مجلة تعنى بشؤون النفط والتنمية في الوطن العربي والعالم، العدد الحادي عشر، السنة الثانية، 1977,,,1977,2025-12-21 10:55:29,,,OAPEC منظمة الأقطار العربية المصدرة للنفط,,ara,Rif'at al-Sa'id Library,"Range 1, Shelf K", ,,,
3026,book,"Munīf/منيف, ʿAbd al-Raḥman/عبدالرحمن",Al-Naft wa-l-Tanmiyya: Majalla Tuʿnā bi-Shuʾūn al-Naft wa-l-Tanmiyya fī al-Waṭan al-ʿArabī wa-l-ʿĀlam/النفط والتنمية مجلة تعنى بشؤون النفط والتنمية في الوطن العربي والعالم، العدد الأول، السنة الثانية، 1976,,,1976,2025-12-21 10:57:01,,,OAPEC منظمة الأقطار العربية المصدرة للنفط,,ara,Rif'at al-Sa'id Library,"Range 1, Shelf K", ,,,
3028,book,"Munīf/منيف, ʿAbd al-Raḥman/عبدالرحمن",Al-Naft wa-l-Tanmiyya: Majalla Tuʿnā bi-Shuʾūn al-Naft wa-l-Tanmiyya fī al-Waṭan al-ʿArabī wa-l-ʿĀlam/النفط والتنمية مجلة تعنى بشؤون النفط والتنمية في الوطن العربي والعالم، العدد التاسع، السنة الثالثة، 1978,,,1978,2025-12-21 10:59:39,,,OAPEC منظمة الأقطار العربية المصدرة للنفط,,ara,Rif'at al-Sa'id Library,"Range 1, Shelf K", ,,,
3030,book,"Munīf/منيف, ʿAbd al-Raḥman/عبدالرحمن",Al-Naft wa-l-Tanmiyya: Majalla Tuʿnā bi-Shuʾūn al-Naft wa-l-Tanmiyya fī al-Waṭan al-ʿArabī wa-l-ʿĀlam/ النفط والتنمية مجلة تعنى بشؤون النفط والتنمية في الوطن العربي والعالم، العدد السادس، السنة الثالثة، 1978,,,1978,2025-12-21 11:01:01,,,OAPEC منظمة الأقطار العربية المصدرة للنفط,,ara,Rif'at al-Sa'id Library,"Range 1, Shelf K", ,,,
3032,book,"Munīf/منيف, ʿAbd al-Raḥman/عبدالرحمن",Al-Naft wa-l-Tanmiyya: Majalla Tuʿnā bi-Shuʾūn al-Naft wa-l-Tanmiyya fī al-Waṭan al-ʿArabī wa-l-ʿĀlam/النفط والتنمية مجلة تعنى بشؤون النفط والتنمية في الوطن العربي والعالم، العدد التاسع، السنة الرابعة، 1979,,,1979,2025-12-21 11:01:36,,,OAPEC منظمة الأقطار العربية المصدرة للنفط,,ara,Rif'at al-Sa'id Library,"Range 1, Shelf K", ,,,
3034,book,"Olson, William C.; McLellan, David S.; Sondermann, Fred A.",The Theory and practice of international relations,978-0-13-914481-3,,1983,2025-12-28 19:28:43,,,Prentice-Hall,"Englewood Cliffs, N.J",eng,Rif'at al-Sa'id Library,"Range 2, Shelf A", International relations,,,
3036,book,"Griffin, Alice; Hayes, Helen",Living theatre: an anthology of great plays,,0033-5800,1953,2025-12-28 19:34:06,510,,Twayne Publishers,New York,eng,Rif'at al-Sa'id Library,"Range 2, Shelf A", Drama; English drama,,,
3038,book,Munaẓẓamah al-ʻArabīyah li-Ḥuqūq al-Insān/المنظمة العربية لحقوق الانسان,Ḥuqūq al-insān fī al-waṭan al-ʻArabī 1997/حقوق الانسان في الوطن العربي,,,1997,2025-12-28 19:46:48,,,al-Munaẓẓamah/المنظمة,al-Qāhirah/القاهرة,ara,Rif'at al-Sa'id Library,"Range 2, Shelf A", Arab countries; Civil rights; Droits de l'homme (Droit international); États arabes; Human rights,,,OCLC: 39835357
3040,book,Munaẓẓamah al-ʻArabīyah li-Ḥuqūq al-Insān/المنظمة العربية لحقوق الانسان,Ḥuqūq al-insān fī al-waṭan al-ʻArabī 1993/حقوق الانسان في الوطن العربي,,,1993,2025-12-28 19:49:27,,,al-Munaẓẓamah/المنظمة,al-Qāhirah/القاهرة,ara,Rif'at al-Sa'id Library,"Range 2, Shelf A", Arab countries; Civil rights; Droits de l'homme (Droit international); États arabes; Human rights,,,OCLC: 39835357
3042,book,Munaẓẓamah al-ʻArabīyah li-Ḥuqūq al-Insān/المنظمة العربية لحقوق الانسان,Ḥuqūq al-insān fī al-waṭan al-ʻArabī 1998/حقوق الانسان في الوطن العربي,,,1998,2025-12-28 19:49:41,,,al-Munaẓẓamah/المنظمة,al-Qāhirah/القاهرة,ara,Rif'at al-Sa'id Library,"Range 2, Shelf A", Arab countries; Civil rights; Droits de l'homme (Droit international); États arabes; Human rights,,,OCLC: 39835357
3044,book,Markaz Dirāsāt al-Waḥdah al-ʻArabīyah/مركز دراسات الوحدة العربية,"al-Mustaqbal al-ʻArabī, May 1996/المستقبل العربي مايو ١٩٩٦",,1024-9834,1996,2025-12-28 19:51:26,,,Markaz Dirāsāt al-Waḥdah al-ʻArabīyah/مركز دراسات الوحدة العربية,Bayrūt/بيروت,ara,Rif'at al-Sa'id Library,"Range 2, Shelf A", Arab countries; Panarabism; Periodicals,,,OCLC: 5521867
3046,book,"Boilard, Steve D.",Russia at the twenty-first century: politics and social change in the post-Soviet era,978-0-15-505317-5,,1998,2025-12-28 19:58:20,,New horizons in comparative politics,Harcourt Brace College Publishers,"Fort Worth, TX",eng,Rif'at al-Sa'id Library,"Range 2, Shelf A", 1991-; Chính trị; Conditions sociales; Politics and government; Politieke ontwikkeling; Politik; Post-communism; Postcommunisme; Russia (Federation); Russie; Russland; Since 1991; Social conditions; Thế kỉ 21; Xã hội,,,OCLC: 37862410
3048,book,Markaz Ibn Khaldūn lil-Dirāsāt al-Inmāʼīyah/مركز ابن خلدون للدراسات الإنمائية,Mujtamaʻ al-madanī wa-al-taḥawwul al-dīmuqrāṭī fī al-Waṭan al-ʻArabī/المجتمع المدني والتحول الديمقراطي في الوطن العربي : التقرير السنوي.,,1110-2667,1996,2025-12-28 20:04:36,,,Markaz Ibn Khaldūn/مركز ابن خلدون,al-Qāhirah/القاهرة,ara,Rif'at al-Sa'id Library,"Range 2, Shelf A", 1945-; 1945-$$QArab countries; Arab countries; Periodicals; Politics and government,,,OCLC: 28356116
3050,book,"McCormick, John",Comparative politics in transition,978-0-15-506866-7,,2001,2025-12-28 20:24:24,526,New horizons in comparative politics,Harcourt College Publishers,Fort Worth,,Rif'at al-Sa'id Library,"Range 2, Shelf A",OCLC: 45196952 Comparative government,,,OCLC: 45196952
3052,book,Niles Software Inc,EndNote: the all-in-one solution.,,,1988,2025-12-28 20:46:55,xiv+418,,Niles Software,"Berkeley, Calif",eng,Rif'at al-Sa'id Library,"Range 2, Shelf A"," Bibliographical citations; Bibliography; Computer programs; EndNote; Handbooks, manuals, etc; Methodology",,,OCLC: 222271946
3054,book,"Elder, Linda; Paul, Richard; Foundation for Critical Thinking",A miniature guide for students and faculty to the foundations of analytic thinking: how to take thinking apart and what to look for when you do ; the elements of thinking and the standards they must meet,978-0-944583-19-7,,2005,2025-12-28 20:50:30,48,Thinker's guide series,Foundation for Critical Thinking,"Dillon Beach, CA",,Rif'at al-Sa'id Library,"Range 2, Shelf A", Pensée; thinking; Thought and thinking,,Foundation for Critical Thinking,OCLC: 70832874
3056,book,"Evans, Tony",The politics of human rights: a global perspective,978-0-7453-1452-5,,2001,2025-12-28 20:53:21,135,Human security in the global economy,Pluto Press,London,eng,Rif'at al-Sa'id Library,"Range 2, Shelf A", Globalization; Human rights,,,
3058,book,Association of Arab-American University Graduates,"Information papers, No. 19, September 1976",,,1976,2025-12-28 21:00:44,,,Association of Arab-American University Graduates,Detroit,English,Rif'at al-Sa'id Library,"Range 2, Shelf A", ,,,
3060,book,Association of Arab-American University Graduates,"Information papers, No. 20, October 1976",,,1976,2025-12-28 21:02:32,,,Association of Arab-American University Graduates,Detroit,English,Rif'at al-Sa'id Library,"Range 2, Shelf A", ,,,
3062,book,Middle East Studies Association of North America,"Middle East Studies Association bulletin, Volume XII, No. 2, May 1, 1978",,0026-3184,1978,2025-12-28 21:04:43,,,Middle East Studies Association of North America.,New York,eng,Rif'at al-Sa'id Library,"Range 2, Shelf A", Middle East; Study and teaching,,,OCLC: 1645603
3064,book,"Zinn, Howard",Terrorism and war,978-1-58322-493-9,,2002,2025-12-28 21:08:20,159,,Seven Stories Press,New York,eng,Rif'at al-Sa'id Library,"Range 2, Shelf A"," 20th century; Foreign relations; History, Military; Moral and ethical aspects; Political and social views; Terrorism; United States; War; War and society; Zinn, Howard, 1922-2010",,,OCLC: 49546823
3066,book,"Alexander, Jeffrey W.; Dixon, Joy",Thomson Nelson guide to writing in history,978-0-17-625187-1,,2006,2025-12-28 21:16:52,81,,Thomson Nelson,Toronto,,Rif'at al-Sa'id Library,"Range 2, Shelf A", Academic writing; Historiography; History; Research,,,OCLC: 234085354
3068,book,"Zumar/زمر, Ṭāriq/طارق",Murājaʻāt-- lā tarājuʻāt/مراجعات-- لا تراجعات,,,2008,2025-12-28 21:20:14,,,Dār Miṣr al-Maḥrūsah/دار مصر المحروسة,al-Qāhirah/القاهرة,ara,Rif'at al-Sa'id Library,"Range 2, Shelf A", 2000-2099; 21st century; Arab countries; Islam; Politics and government,,,OCLC: 209325936
3070,book,"Hāshim/هاشم, Ḥāzim/حازم",Ṣuwar min al-fasād al-jāmiʻī/صور من الفساد الجامعي,,,1994,2025-12-28 21:22:48,204,,Dār al-Shurūq/دار الشروق,al-Qāhirah/القاهرة,ara,Rif'at al-Sa'id Library,"Range 2, Shelf A"," Corrupt practices; Education, Higher; Egypt; Universities and colleges",,,OCLC: 32589368
3072,book,Munaẓẓamah al-Miṣrīyah li-Ḥuqūq al-Insān/منظمة المصرية لحقوق الانسان,Difāʻan ʻan ḥuqūq al-insān/دفاعا عن حقوق الإنسان,,,1993,2025-12-29 10:17:20,,,"al-Munaẓẓamah al-Miṣrīyah li-Ḥuqūq al-Insān, Markaz al-Ḥaḍārah al- ʻArabīyah lil-Iʻlām wa-al-Nashr/ المنظمة المصرية لحقوق الانسان، مركز الحضارة العربية للإعلام والنشر",Cairo/ القاهرة,,Rif'at al-Sa'id Library,"Range 2, Shelf A", Egypt; Human rights; Munaẓẓamah al-Miṣrīyah li-Ḥuqūq al-Insān,,,OCLC: 708716971
3074,book,"Glaettli, Walter E.",German conversational review grammar,,,1966,2025-12-29 10:27:30,,,American Book Co,New York,eng ; ger,Rif'at al-Sa'id Library,, ,,,
3076,book,"Langley, Russell",Practical statistics simply explained.,978-0-486-22729-0,,1971,2025-12-29 10:33:09,ix+399,,Dover Publications,New York,eng,Rif'at al-Sa'id Library,"Range 2, Shelf A", Probabilities; Statistics,,,
3078,book,"Kerr, Malcolm H.","The Arab cold war, 1958-1964; a study of ideology in politics, by Malcolm Kerr.",,6502-9771,1965,2025-12-29 11:04:32,viii+139,Chatham House essays,Oxford University Press,London,eng,Rif'at al-Sa'id Library,, Arab countries; Politics and government,,,OCLC: 397533
3080,book,,The Policy of the Soviet Union in the Arab world: a short collection of foreign policy documents : the USSR and the Arab World.,,,1975,2025-12-29 11:09:48,,Problems of the third world,Progress,Moscow,eng,Rif'at al-Sa'id Library,"Range 2, Shelf A", Arab countries; Diplomatic relations; États arabes; Foreign relations; Relations extérieures; Sources; Soviet Union; URSS,,,OCLC: 2983142
3082,book,"Tucker, Michael",Canadian foreign policy: contemporary issues and themes,978-0-07-082638-0,,1980,2025-12-29 11:42:08,xii+244,McGraw-Hill Ryerson series in Canadian politics,McGraw-Hill Ryerson,Toronto ;,eng,Rif'at al-Sa'id Library,"Range 2, Shelf A", 1945-; Canada; Foreign relations,,,OCLC: 6572273
3084,book,"Dobell, Peter C.",Canada's search for new roles; foreign policy in the Trudeau era,978-0-19-285057-7,,1972,2025-12-29 11:44:28,,"Oxford paperbacks, 277","Published for Royal Institute of International Affairs, by Oxford University Press",London;,eng,Rif'at al-Sa'id Library,"Range 2, Shelf A", 1945-; Canada; Foreign relations,,,OCLC: 516562
3086,book,"Wheelock, Keith",Nasser's new Egypt; a critical analysis.,,6000-7966,1960,2025-12-29 11:45:59,vii+326,Foreign Policy Research Institute series ; no. 8,Praeger,New York,eng,Rif'at al-Sa'id Library,"Range 2, Shelf A", 1952-1970; Egypt; History,,,OCLC: 1381969
3088,book,"Dahl, Robert A.",Modern political analysis.,,,1963,2025-12-29 11:50:17,118,Foundations of modern political science series,Prentice-Hall,"Englewood Cliffs, N.J",eng,Rif'at al-Sa'id Library,"Range 2, Shelf A", Political science; Power (Social sciences),,,OCLC: 255573
3090,book,"Petras, James F.; Morley, Morris H.","US hegemony under siege: class, politics, and development in Latin America",978-0-86091-280-4,,1990,2025-12-29 11:54:41,viii+258,,Verso,London ;,eng,Rif'at al-Sa'id Library,"Range 2, Shelf A"," 1945-; 1948-1980; Debts, External; Dependency on the United States; Economic conditions; Foreign relations; Latin America; Politics and government; United States",,"Morley, Morris H.",OCLC: 21521466
3092,book,"Lane, Robert E.",Political man,,7515-8930,1972,2025-12-29 11:57:45,vi+328,,Free Press,New York,eng,Rif'at al-Sa'id Library,"Range 2, Shelf A", Political psychology; Political sociology,,,OCLC: 324245
3094,book,"Bill, James A.","The politics of Iran: groups, classes and modernization.",978-0-675-09102-2,,1972,2025-12-29 12:01:23,ix+174,Merrill political science series,Merrill,"Columbus, Ohio",eng,Rif'at al-Sa'id Library,"Range 2, Shelf A", Iran; Political participation; Politics and government; Social classes,,,OCLC: 646219
3096,book,"Hoskins, Halford Lancaster",European imperialism in Africa,,,1930,2025-12-29 12:06:01,x+118,The Berkshire studies in European history,H. Holt,New York,eng,Rif'at al-Sa'id Library,"Range 2, Shelf A", Africa; Colonization; Imperialism,,,OCLC: 1571260
3098,book,"Ismael, Tareq Y.",The international relations of the Middle East in the 21st century: patterns of continuity and change,978-0-7546-1506-4,,2000,2025-12-29 15:35:59,xvii+400,,Ashgate,"Aldershot, Hampshire",eng,Rif'at al-Sa'id Library,"Range 2, Shelf B", 1979-; Foreign economic relations; Foreign relations; Middle East; Politics and government,,,OCLC: 44398693
3100,book,"Ismael, Tareq Y.",Arafat's Palestine national authority,,,2002,2025-12-29 15:37:49,58,Durham Middle East paper ; no. 71,"University of Durham, Institute for Middle Eastern and Islamic Studies",Durham,eng,Rif'at al-Sa'id Library,"Range 2, Shelf B", Arab-Israeli conflict; Palestinian National Authority,,,OCLC: 59335056
3102,book,"Ismael, Jacqueline S.; Vaillancourt, Yves","Privatization and provincial social services in Canada: policy, administration and service delivery",978-0-88864-132-8,,1988,2025-12-29 15:40:57,,,University of Alberta Press,,eng,Rif'at al-Sa'id Library,"Range 2, Shelf B", Public welfare--Canada;Privatization--Canada,,,OCLC: 20593482
3104,book,Association of Arab-American University Graduates; Institute of Arab Studies,"Arab studies quarterly, volume 23, no. 4, Fall 2001, Special Issue",,2043-6920,2001,2025-12-29 15:42:22,,,Association of Arab-American University Graduates,"Detroit, Mich",eng,Rif'at al-Sa'id Library,"Range 2, Shelf B", 5.200; Arab countries; Czasopismo społeczno-polityczne; periodicals; Periodicals; Périodiques,,,OCLC: 38435972
3106,book,"Ismael, Tareq Y.",The international relations of the Middle East in the 21st century: patterns of continuity and change,978-0-7546-1506-4,,2000,2025-12-29 15:43:44,xvii+400,,Ashgate,"Aldershot, Hampshire",eng,Rif'at al-Sa'id Library,"Range 2, Shelf B", 1979-; Foreign economic relations; Foreign relations; Middle East; Politics and government,,,OCLC: 44398693
3108,book,"Ismael, Tareq Y.; Ismael, Jacqueline S.",The Iraqi predicament: people in the quagmire of power politics,978-0-7453-2150-9,,2004,2025-12-29 15:44:54,x+271,,Pluto Press,London ;,eng,Rif'at al-Sa'id Library,"Range 2, Shelf B"," Arab countries; Foreign relations; Iraq; Iraq War, 2003-2011; Middle East; Protest movements; United States",,"Ismael, Jacqueline S.",OCLC: 53796742
3110,book,"Ismael, Tareq Y.",The international relations of the Middle East in the 21st century: patterns of continuity and change,978-0-7546-1506-4,,2000,2025-12-29 15:45:34,xvii+400,,Ashgate,"Aldershot, Hampshire",eng,Rif'at al-Sa'id Library,"Range 2, Shelf B", 1979-; Foreign economic relations; Foreign relations; Middle East; Politics and government,,,OCLC: 44398693
3112,book,The Middle East Studies Association of North America,"International journal of Middle East studies, Vol. 30, No. 4, November 1998",,0020-7438,1998,2025-12-29 16:00:48,,,University Press,Cambridge,eng,Rif'at al-Sa'id Library,"Range 2, Shelf B", ,,,OCLC: 48536107
3114,book,The Middle East Studies Association of North America,"International journal of Middle East studies, Vol. 30, No. 1, February 1998",,0020-7438,1998,2025-12-29 16:02:32,,,University Press,Cambridge,eng,Rif'at al-Sa'id Library,"Range 2, Shelf B", ,,,OCLC: 48536107
3116,book,The Middle East Studies Association of North America,"International journal of Middle East studies, Vol. 30, No. 3, August 1998",,0020-7438,1998,2025-12-29 16:03:55,,,University Press,Cambridge,eng,Rif'at al-Sa'id Library,"Range 2, Shelf B", ,,,OCLC: 48536107
3118,book,The Middle East Studies Association of North America,"International journal of Middle East studies, Vol. 22, No. 3, August 1990",,0020-7438,1990,2025-12-29 16:06:54,,,University Press,Cambridge,eng,Rif'at al-Sa'id Library,"Range 2, Shelf B", ,,,OCLC: 48536107
3120,book,The Middle East Studies Association of North America,"International journal of Middle East studies, Vol. 22, No. 1, February 1990",,0020-7438,1990,2025-12-29 16:07:28,,,University Press,Cambridge,eng,Rif'at al-Sa'id Library,"Range 2, Shelf B", ,,,OCLC: 48536107
3122,book,The Middle East Studies Association of North America,"International journal of Middle East studies, Vol. 22, No. 1, February 1990",,0020-7438,1990,2025-12-29 16:08:08,,,University Press,Cambridge,eng,Rif'at al-Sa'id Library,"Range 2, Shelf B", ,,,OCLC: 48536107
3124,book,The Middle East Studies Association of North America,"International journal of Middle East studies, Vol. 38, No. 2, May 2006",,0020-7438,2006,2025-12-29 16:08:16,,,University Press,Cambridge,eng,Rif'at al-Sa'id Library,"Range 2, Shelf B", ,,,OCLC: 48536107
3126,book,The Middle East Studies Association of North America,"International journal of Middle East studies, Vol. 36, No. 4, November 2004",,0020-7438,2004,2025-12-29 16:09:10,,,University Press,Cambridge,eng,Rif'at al-Sa'id Library,"Range 2, Shelf B", ,,,OCLC: 48536107
3128,book,The Middle East Studies Association of North America,"International journal of Middle East studies, Vol. 22, No. 2, May 1990",,0020-7438,1990,2025-12-29 16:11:58,,,University Press,Cambridge,eng,Rif'at al-Sa'id Library,"Range 2, Shelf B", ,,,OCLC: 48536107
3130,book,The Middle East Studies Association of North America,"International journal of Middle East studies, Vol. 40, No. 1, February 2008",,0020-7438,2008,2025-12-29 16:13:28,,,University Press,Cambridge,eng,Rif'at al-Sa'id Library,"Range 2, Shelf B", ,,,OCLC: 48536107
3132,book,The Middle East Studies Association of North America,"International journal of Middle East studies, Vol. 39, No. 2, May 2007",,0020-7438,2007,2025-12-29 16:15:03,,,University Press,Cambridge,eng,Rif'at al-Sa'id Library,"Range 2, Shelf B", ,,,OCLC: 48536107
3134,book,The Middle East Studies Association of North America,"International journal of Middle East studies, Vol. 39, No. 1, Febraury 2007",,0020-7438,2007,2025-12-29 16:16:10,,,University Press,Cambridge,eng,Rif'at al-Sa'id Library,"Range 2, Shelf B", ,,,OCLC: 48536107
3136,book,The Middle East Studies Association of North America,"International journal of Middle East studies, Vol. 39, No. 3, August 2007",,0020-7438,2007,2025-12-29 16:16:50,,,University Press,Cambridge,eng,Rif'at al-Sa'id Library,"Range 2, Shelf B", ,,,OCLC: 48536107
3138,book,Association of Arab-American University Graduates; Institute of Arab Studies,"Arab studies quarterly, volume 25, no. 1 & 2, Winter and Spring 2003, Special Double Issue",,2043-6920,2003,2025-12-29 16:17:39,,,Association of Arab-American University Graduates,"Detroit, Mich",eng,Rif'at al-Sa'id Library,"Range 2, Shelf B", 5.200; Arab countries; Czasopismo społeczno-polityczne; periodicals; Periodicals; Périodiques,,,OCLC: 38435972
3140,book,"Ismael, Jacqueline S.; Ismael, Tareq Y.",The Gulf War and the new world order: international relations of the Middle East,978-0-8130-1264-3,,1994,2025-12-29 16:45:50,xi+569,,University Press of Florida,Gainesville,eng,Rif'at al-Sa'id Library,"Range 2, Shelf B"," 1979-; 1989-; Diplomatic history; Middle East; Persian Gulf War, 1991; Politics and government; World politics",,,OCLC: 28965452
3142,book,"Ismael, Tareq Y.; Haddad, William W.",Iraq: the human cost of history,978-1-4356-6076-2,,2004,2025-12-29 16:49:56,,,Pluto Press,London,eng,Rif'at al-Sa'id Library,"Range 2, Shelf B"," 1989-; Causes; États-Unis; Guerre en Irak, 2003-2011; HISTORY; International relations; Iraq; Iraq War (2003- ); Iraq War, 2003-2011; Military; Politics and government; Politique et gouvernement; Since 1989; United States; United States of America; Use of force; War",,,OCLC: 1176140955
3144,book,Association of Arab-American University Graduates; Institute of Arab Studies,"Arab studies quarterly, volume 23, no. 4, Fall 2001, Special Issue",,2043-6920,2001,2025-12-29 16:50:52,,,Association of Arab-American University Graduates,"Detroit, Mich",eng,Rif'at al-Sa'id Library,"Range 2, Shelf B", 5.200; Arab countries; Czasopismo społeczno-polityczne; periodicals; Periodicals; Périodiques,,,OCLC: 38435972
3146,book,"Ismael, Tareq Y.",The international relations of the Middle East in the 21st century: patterns of continuity and change,978-0-7546-1506-4,,2000,2025-12-29 16:52:33,xvii+400,,Ashgate,"Aldershot, Hampshire",eng,Rif'at al-Sa'id Library,"Range 2, Shelf B", 1979-; Foreign economic relations; Foreign relations; Middle East; Politics and government,,,OCLC: 44398693
3148,book,"Ismael, Tareq Y.; Perry, Glenn E.",The international relations of the contemporary Middle East: subordination and after,978-0-415-66134-8,,2014,2025-12-29 16:56:41,,,Routledge,London,eng,Rif'at al-Sa'id Library,"Range 2, Shelf B", 1989-; Foreign relations; Globalization; International relations; Middle East; Since 1989; Social aspects; World politics,,,OCLC: 800036008
3150,book,The Middle East Studies Association of North America,"International journal of Middle East studies, Vol. 41, No. 3, August 2009",,0020-7438,2009,2025-12-29 16:58:06,,,University Press,Cambridge,eng,Rif'at al-Sa'id Library,"Range 2, Shelf B", ,,,OCLC: 48536107
3152,book,The Middle East Studies Association of North America,"International journal of Middle East studies, Vol. 20, No. 1, February 1988",,0020-7438,1988,2025-12-29 17:03:30,,,University Press,Cambridge,eng,Rif'at al-Sa'id Library,"Range 2, Shelf B", ,,,OCLC: 48536107
3154,book,The Middle East Studies Association of North America,"International journal of Middle East studies, Vol. 41, No. 2, May 2009",,0020-7438,2009,2025-12-29 17:04:14,,,University Press,Cambridge,eng,Rif'at al-Sa'id Library,"Range 2, Shelf B", ,,,OCLC: 48536107
3156,book,The Middle East Studies Association of North America,"International journal of Middle East studies, Vol. 37, No. 1, February 2005",,0020-7438,2005,2025-12-29 17:05:02,,,University Press,Cambridge,eng,Rif'at al-Sa'id Library,"Range 2, Shelf B", ,,,OCLC: 48536107
3158,book,The Middle East Studies Association of North America,"International journal of Middle East studies, Vol. 38, No. 1, February 2006",,0020-7438,2006,2025-12-29 17:05:47,,,University Press,Cambridge,eng,Rif'at al-Sa'id Library,"Range 2, Shelf B", ,,,OCLC: 48536107
3160,book,The Middle East Studies Association of North America,"International journal of Middle East studies, Vol. 37, No. 3, August 2005",,0020-7438,2005,2025-12-29 17:06:08,,,University Press,Cambridge,eng,Rif'at al-Sa'id Library,"Range 2, Shelf B", ,,,OCLC: 48536107
3162,book,The Middle East Studies Association of North America,"International journal of Middle East studies, Vol. 37, No. 2, May 2005",,0020-7438,2005,2025-12-29 17:06:42,,,University Press,Cambridge,eng,Rif'at al-Sa'id Library,"Range 2, Shelf B", ,,,OCLC: 48536107
3164,book,The Middle East Studies Association of North America,"International journal of Middle East studies, Vol. 9, No. 2, May 1978",,0020-7438,1978,2025-12-29 17:07:17,,,University Press,Cambridge,eng,Rif'at al-Sa'id Library,"Range 2, Shelf B", ,,,OCLC: 48536107
3166,book,The Middle East Studies Association of North America,"International journal of Middle East studies, Vol. 37, No. 4, November 2005",,0020-7438,2005,2025-12-29 17:07:45,,,University Press,Cambridge,eng,Rif'at al-Sa'id Library,"Range 2, Shelf B", ,,,OCLC: 48536107
3168,book,The Middle East Studies Association of North America,"International journal of Middle East studies, Vol. 40, No. 4, November 2008",,0020-7438,2008,2025-12-29 17:08:15,,,University Press,Cambridge,eng,Rif'at al-Sa'id Library,"Range 2, Shelf B", ,,,OCLC: 48536107
3170,book,The Middle East Studies Association of North America,"International journal of Middle East studies, Vol. 28, No. 4, November 1996",,0020-7438,1996,2025-12-29 17:08:41,,,University Press,Cambridge,eng,Rif'at al-Sa'id Library,"Range 2, Shelf B", ,,,OCLC: 48536107
3172,book,The Middle East Studies Association of North America,"International journal of Middle East studies, Vol. 28, No. 2, May 1996",,0020-7438,1996,2025-12-29 17:09:10,,,University Press,Cambridge,eng,Rif'at al-Sa'id Library,"Range 2, Shelf B", ,,,OCLC: 48536107
3174,book,The Middle East Studies Association of North America,"International journal of Middle East studies, Vol. 22, No. 3, August 1990",,0020-7438,1996,2025-12-29 17:09:32,,,University Press,Cambridge,eng,Rif'at al-Sa'id Library,"Range 2, Shelf B", ,,,OCLC: 48536107
3176,book,The Middle East Studies Association of North America,"International journal of Middle East studies, Vol. 11, No. 1, February 1980",,0020-7438,1980,2025-12-29 17:11:02,,,University Press,Cambridge,eng,Rif'at al-Sa'id Library,"Range 2, Shelf B", ,,,OCLC: 48536107
3178,book,The Middle East Studies Association of North America,"International journal of Middle East studies, Vol. 32, No. 1, February 2000",,0020-7438,2000,2025-12-29 17:11:39,,,University Press,Cambridge,eng,Rif'at al-Sa'id Library,"Range 2, Shelf B", ,,,OCLC: 48536107
3180,book,The Middle East Studies Association of North America,"International journal of Middle East studies, Vol. 22, No. 4, November 1990",,0020-7438,1990,2026-01-03 18:04:38,,,University Press,Cambridge,eng,Rif'at al-Sa'id Library,"Range 2, Shelf B", ,,,OCLC: 48536107
3182,book,The Middle East Studies Association of North America,"International journal of Middle East studies, Vol. 24, No. 2, May 1992",,0020-7438,1992,2026-01-03 18:05:24,,,University Press,Cambridge,eng,Rif'at al-Sa'id Library,"Range 2, Shelf B", ,,,OCLC: 48536107
3184,book,The Middle East Studies Association of North America,"International journal of Middle East studies, Vol. 23, No. 4, November 1991",,0020-7438,1991,2026-01-03 18:06:13,,,University Press,Cambridge,eng,Rif'at al-Sa'id Library,"Range 2, Shelf B", ,,,OCLC: 48536107
3186,book,The Middle East Studies Association of North America,"International journal of Middle East studies, Vol. 23, No. 3, August 1991",,0020-7438,1991,2026-01-03 18:06:45,,,University Press,Cambridge,eng,Rif'at al-Sa'id Library,"Range 2, Shelf B", ,,,OCLC: 48536107
3188,book,The Middle East Studies Association of North America,"International journal of Middle East studies, Vol. 31, No. 1, February 1999",,0020-7438,1999,2026-01-03 18:07:10,,,University Press,Cambridge,eng,Rif'at al-Sa'id Library,"Range 2, Shelf B", ,,,OCLC: 48536107
3190,book,The Middle East Studies Association of North America,"International journal of Middle East studies, Vol. 31, No. 2, May 1999",,0020-7438,1999,2026-01-03 18:07:47,,,University Press,Cambridge,eng,Rif'at al-Sa'id Library,"Range 2, Shelf B", ,,,OCLC: 48536107
3192,book,"Ismael, Tareq Y.",The international relations of the Middle East in the 21st century: patterns of continuity and change,978-0-7546-1506-4,,2000,2026-01-03 18:08:42,xvii+400,,Ashgate,"Aldershot, Hampshire",eng,Rif'at al-Sa'id Library,"Range 2, Shelf B", 1979-; Foreign economic relations; Foreign relations; Middle East; Politics and government,,,OCLC: 44398693
3194,book,"Ismael, Tareq Y.; Aydın, Mustafa",Turkey's foreign policy in the 21st century: a changing role in world politics,978-0-7546-3501-7,,2003,2026-01-03 18:11:17,xvi+224,,Ashgate,"Aldershot, Hants, England ;",eng,Rif'at al-Sa'id Library,"Range 2, Shelf B", 1980-; Foreign relations; Turkey,,,OCLC: 50676681
3196,book,The Middle East Studies Association of North America,"International journal of Middle East studies, Vol. 27, No. 2, August 1995",,0020-7438,1995,2026-01-03 18:12:16,,,University Press,Cambridge,eng,Rif'at al-Sa'id Library,"Range 2, Shelf B", ,,,OCLC: 48536107
3198,book,The Middle East Studies Association of North America,"International journal of Middle East studies, Vol. 32, No. 2, May 2000",,0020-7438,2000,2026-01-03 18:12:52,,,University Press,Cambridge,eng,Rif'at al-Sa'id Library,"Range 2, Shelf B", ,,,OCLC: 48536107
3200,book,The Middle East Studies Association of North America,"International journal of Middle East studies, Vol. 29, No. 4, November 1997",,0020-7438,1997,2026-01-03 18:13:22,,,University Press,Cambridge,eng,Rif'at al-Sa'id Library,"Range 2, Shelf B", ,,,OCLC: 48536107
3202,book,The Middle East Studies Association of North America,"International journal of Middle East studies, Vol. 29, No. 3, August 1997",,0020-7438,1997,2026-01-03 18:13:51,,,University Press,Cambridge,eng,Rif'at al-Sa'id Library,"Range 2, Shelf B", ,,,OCLC: 48536107
3204,book,The Middle East Studies Association of North America,"International journal of Middle East studies, Vol. 29, No. 3, August 1997",,0020-7438,1997,2026-01-03 18:14:43,,,University Press,Cambridge,eng,Rif'at al-Sa'id Library,"Range 2, Shelf B", ,,,OCLC: 48536107
3206,book,The Middle East Studies Association of North America,"International journal of Middle East studies, Vol. 31, No. 4, November 1999",,0020-7438,1999,2026-01-03 18:15:07,,,University Press,Cambridge,eng,Rif'at al-Sa'id Library,"Range 2, Shelf B", ,,,OCLC: 48536107
3208,book,The Middle East Studies Association of North America,"International journal of Middle East studies, Vol. 31, No. 3, August 1999",,0020-7438,1999,2026-01-03 18:15:35,,,University Press,Cambridge,eng,Rif'at al-Sa'id Library,"Range 2, Shelf B", ,,,OCLC: 48536107
3210,book,"Ismael, Tareq Y.",The international relations of the Middle East in the 21st century: patterns of continuity and change,978-0-7546-1506-4,,2000,2026-01-03 22:39:53,xvii+400,,Ashgate,"Aldershot, Hampshire ;",eng,Rif'at al-Sa'id Library,"Range 2, Shelf C", 1979-; Foreign economic relations; Foreign relations; Middle East; Politics and government,,,OCLC: 44398693
3212,book,Middle East Studies Association of North America,"Edited works & collections on the Middle East: tables of contents and author index, volume 4, 1991",,,1992,2026-01-03 22:43:18,,,Middle East Studies Association of North America,"Tuczon, Ariz",eng,Rif'at al-Sa'id Library,"Range 2, Shelf C", Middle East,,,OCLC: 21383603
3214,book,,"The Students' Union: The University of Calgary, 1970-1971 Student Directory",,,1971,2026-01-03 22:45:48,,,,Calgary,,Rif'at al-Sa'id Library,"Range 2, Shelf C", ,"McCaffrey, Brian",,
3216,book,"Paret, Peter; Shy, John W.",Guerrillas in the 1960's,,,1962,2026-01-03 22:49:44,,Princeton studies in world politics ; number 1,Frederick A. Praeger,New York,eng,Rif'at al-Sa'id Library,"Range 2, Shelf C", 1900-1999; 20e siècle; 20th century; Guérilla; guerrilla warfare; Guerrilla warfare; Histoire; History,,"Shy, John W.",OCLC: 570341
3218,book,"Nauwār/نوار, ʿAbd-al-ʿAzīz Sulaimān/عبد العزيز سليمان",al-Maṣāliḥ al-brīṭānīya fī anhār al-ʻIrāq : 1600-1914 ; dirāsa wat̲āʼiqīya li-t-taṭawwurāt allatī addat ilā iḥtikār Brīṭāniyā li-l-milāḥa fi l-ʻIrāq /المصالح البريطانية في انهار العراق : ١٦٠٠ - ١٩١٤ ; دراسة وثائقية للتطورات التي أدت الى احتكار بريطانية للملاحة في العراق,,,1968,2026-01-03 23:00:47,238,,Maktabat al-Anǧlū ʼl-miṣrīya/مكتبة الانجلو المصرية,al-Qāhira/القاهرة,ara,Rif'at al-Sa'id Library,"Range 2, Shelf C", ,,,OCLC: 917400815
3220,book,Islamic Cultural Centre,"The Islamic quarterly: a review of Islamic culture, vol. XXXVIII, no. 1, 1994",,0021-1842,1994,2026-01-03 23:05:27,,,The Islamic Cultural Centre,London,eng;ara,Rif'at al-Sa'id Library,"Range 2, Shelf C", Islam; Islam &#124 GND-ID: (DE-588)4027743-4$$QIslam.; Kultur; Kultur &#124 GND-ID: (DE-588)4125698-0$$QKultur.; Zeitschrift; Zeitschrift &#124 GND-ID: (DE-588)4067488-5$$QZeitschrift.,,,OCLC: 243423890
3222,book,"Al-Ḥilw/الحلو, ʿAlī Niʿma/علي نعمة",Al-Muḥammara: Madīna wa-Imāra ʿArabiyya/المحمرة: مدينة وإمارة عربية,,,1972,2026-01-03 23:10:01,163,,Wizārat al-Iʿlām/وزارة الاعلام,Baghdād/بغداد,ara,Rif'at al-Sa'id Library,"Range 2, Shelf C", ,,,
3224,book,"Maḥmūd/محمود, Ibrāhīm/ابراهيم",Ṣūrat al-Akrād ʻArabīyan baʻda ḥarb al-Khalīj/صورة الأكراد عربيا بعد حرب الخليج,,,1992,2026-01-03 23:15:00,,,,Beirut/بيروت,,Rif'at al-Sa'id Library,"Range 2, Shelf C", ,,,OCLC: 1179198452
3226,book,"Mack/ماك, Rosamond E./روزاموند",The Code of Hammurabi/شريعة حمورابي,,,1979,2026-01-04 15:23:36,,,"Ministry of Culture and Information, State Organization of Antiguities and Heritage/ وزارة الثقافة و الأعلام، المؤسسة",Baghdad/ بغداد,ara;eng,Rif'at al-Sa'id Library,"Range 2, Shelf C", ,,,
3228,book,"Al-Shaybānī/الشيباني, Ṭalʿat/طلعت",Wāqiʿ al-Milkiyya al-Zirāʿiyya fī al-ʿIrāq/واقع الملكية الزراعية في العراق,,,1958,2026-01-04 15:30:16,,,Al-Ahālī li-l-Nashr/الاهالي للنشر,Baghdād/بغداد,ara,Rif'at al-Sa'id Library,"Range 2, Shelf C", الزراعة; السياسة الإقتصادية; العراق; النواحي الإقتصادية,,,OCLC: 1557843518
3230,book,"ʿIzz al-Dīn/عز الدين, Yūsuf/يوسف",Al-Shiʿr al-ʿIrāqī al-Ḥadīth: wa-Athar al-Tayyārāt al-Siyāsiyya wa-l-Ijtimāʿiyya fīh/الشعر العراقي الحديث: وأثر التيارات السياسية والاجتماعية فيه,,,1965,2026-01-04 15:32:35,,,Ad-Dār al-Qaumīya li-ṭ-Ṭibāʻa wa-n-Našr/الدار القومية للطباعة والنشر,Al-Qāhira/ القاهرة,ara,Rif'at al-Sa'id Library,"Range 2, Shelf C", Arabisch Gesellschaft Lyrik Politik,,,OCLC: 917260652
3232,book,,Min Waḥy Mīthāq Baghdād/ من وحي ميثاق بغداد,,,1979,2026-01-04 15:38:30,,,,,,Rif'at al-Sa'id Library,, ,,,
3234,book,"Wardī/ وردي, ʿAlī/علي",sociology between objectivity and positivism: a discussion on Dr. Ali Wardi's study of Iraqi society/علم الاجتماع بين الموضوعية والوضعية : مناقشة لمنهج الدكتور علي الوردي في دراسة المجتمع العراقي/,,,1978,2026-01-04 15:41:00,75,,Maṭbaʿat ʿAlāʾ/مطبعة علاء,Baghdād/بغداد,ara;eng,Rif'at al-Sa'id Library,, ,,,
3236,book,"ʻAẓmah/العظمة, Bashīr/بشير",Jīl al-hazīmah : bayna al-waḥdah wa-al-infiṣāl : mudhakkirāt/جيل الهزيمة : بين الوحدة والانفصال : مذكرات,978-1-85513-019-7,,1991,2026-01-04 15:49:22,299,,Riyāḍ al-Rayyis lil-Kutub wa-al-Nashr/رياض الريس للكتب والنشر,London,ara,Rif'at al-Sa'id Library,"Range 2, Shelf C"," Arab countries; Biography; Cabinet officials; History; ʻAẓmah, Bashīr; Physicians; Syria",,,OCLC: 28326885
3238,book,"Khalf Allāh/ خلف الله, Muḥammad Aḥmad/ محمد احمد","Al-Yaqẓa al-ʿArabiyya, al-ʿAdad al-Khāmis, al-Sanah al-ʾŪlā, Yūliyū 1985/ اليقظة العربية، العدد الخامس، السنة الأولى، يوليه 1985",,,1985,2026-01-04 15:52:48,,,Al-Tajammuʿ al-Waṭanī al-Taqaddumī al-Waḥdawī/التجمع الوطني التقدمى الوحدوى,Al-Qāhira/ القاهرة,ara,Rif'at al-Sa'id Library,"Range 2, Shelf C", ,,,OCLC: 1369221021
3240,book,"Mājid/ ماجد, ʿAbd al-Razzāq Muslim/عبد الرزاق مسلم",Dirāsat Ibn Khaldūn fī Ḍawʾ al-Nazariyya al-Ishtirākiyya/دراسة ابن خلدون في ضوء النظرية الاشتراكية,,,1976,2026-01-04 15:58:30,,,Wizārat al-Iʿlām/وزارة الإعلام,Baghdād/ بغداد,ara,Rif'at al-Sa'id Library,"Range 2, Shelf C", إبن خلدون، 1332-1406; تاريخ; علم الاجتماع; نقد وتأويل,,,OCLC: 784287912
3242,book,Wizārat al-Khārijiyya al-Malakiyya/ وزارة الخارجية الملكية,"Maḥāḍir al-Muḥādathāt al-Siyāsiyya wa-l-Mudhakkarāt al-Mutabādala bayna al-Ḥukūma al-Miṣriyya wa-Ḥukūmat al-Mamlaka al-Muttaḥida, Māris 1950 – Nūfimbir 1951/محاضر المحادثات السياسية و المذكرات المتبادلة بين الحكومة المصرية و حكومة المملكة المتحدة مارس 1950-نوفمبر 1951",,,1951,2026-01-04 16:01:24,282,,Maṭbaʿat Miṣr/مطبعة مصر,Al-Qāhira/ القاهرة,ara,Rif'at al-Sa'id Library,"Range 2, Shelf C", ,,,OCLC: 949509303
3244,book,"Al-Wāʾilī/الوائلي, Ibrāhīm/ابراهيم",Al-Shiʿr al-Siyāsī al-ʿIrāqī fī al-Qarn al-Tāsiʿ ʿAshar/الشعر السياسي العراقى فى القرن التاسع عشر,,,1978,2026-01-04 16:04:49,,,Maṭbaʿat al-Maʿārif/مطبعة المعارف,Baghdād/ بغداد,ara,Rif'at al-Sa'id Library,"Range 2, Shelf C", ,,,OCLC: 1103825942
3246,book,"Khuffash/خفش, Ḥusnī Ṣālih/ حسني صالح",Mudhakkirāt Ḥusnī Ṣāliḥ al-Khuffash ḥawla tārīkh al-ḥarakah al-ʻummālīyah al-ʻArabīyah al-Filasṭīnīyah/مذكرات حسني صاله الخفش حول تاريخ الحركة العمالية العربية الفلسطينية,,,1973,2026-01-04 16:09:27,103,"Silsilat ""Kutub Filasṭīnīyah"" 42",Munaẓẓamat al-Taḥrīr al-Filasṭīnīyah : Markaz al-Abḥāth,Bayrūt/بيروت,ara,Rif'at al-Sa'id Library,"Range 2, Shelf C"," al-Khuffash, Ḥusnī, Ṣālih, 1917-1972; Labor unions; Palestine",,,OCLC: 23516962
3248,book,"Shukrī/شكري, Ghālī/غالي",Thawrat al-fikr fī adabinā al-ḥadīth/ثورة الفكر في أدبنا الحديث,,,1965,2026-01-04 16:14:49,317,,Maktabat al-Anjlū al-Miṣrīyah/مكتبة الأنجلو المصرية,al-Qāhirah/القاهرة,ara,Rif'at al-Sa'id Library,"Range 2, Shelf C", 20th century; Arabic literature; History and criticism,,,OCLC: 21550371
3250,book,"Zubaydī/زبيدي, Layth ʻAbd al-Ḥasan Jawād/ليث عبد الحسن جواد",Thawrat 14 Tammūz 1958 fī al-ʻIrāq/‏ثورة ١٤ تموز ١٩٥٨ في العراق,,,1979,2026-01-04 16:18:29,570,Silsilat dirāsāt/‏سلسلة دراسات,"al-Jumhūrīyah al-ʻIrāqīyah, Wizārat al-Thaqāfah wa-al-Iʻlām, Dār al-Rashīd/‏الجمهورية العراقية، وزارة الثقافة والإعلام، دار الرشيد",Baghdad/ بغداد,ara,Rif'at al-Sa'id Library,"Range 2, Shelf C"," (Iraq :; 1958-; 1958); History; Iraq; Revolution; Revolution, 1958",,,OCLC: 13327289
3252,book,"Jamīl/جميل, Ḥusayn/حسين","al-Ḥayāh al-niyābīyah fī al-ʻIrāq, 1925-1946: mawqif Jamāʻat al-Ahālī minhā/الحياة النيابية في العراق، 1925-1946 : موقف جماعة الأهالي منها",,,1983,2026-01-04 16:22:56,390,,Maktabat al-Muthanná/مكتبة المثنى,Baghdād/ بغداد,ara,Rif'at al-Sa'id Library,"Range 2, Shelf C", Iraq; Jamāʻat al-Ahālī (Iraq); Politics and government,,,OCLC: 10752071
3254,book,"ʻAbd al-Raḥmān, ʻAbd al-Jabbār",Iraq,978-0-903450-73-7,,1984,2026-01-04 16:27:00,,World bibliographical series ; v. 42,Clio Press,"Oxford, England",eng,Rif'at al-Sa'id Library,"Range 2, Shelf C", Iraq,,,OCLC: 11815940
3256,book,"Nūris/نورس, ʿAlāʾ/علاء",Al-ʿIrāq fī al-ʿAhd al-ʿUthmānī: Dirāsa fī al-ʿAlāqāt al-Siyāsiyya 1700–1800 M/العراق في العهد العثماني : دراسة في العلاقات السياسية 1700 - 1800 م,,,1979,2026-01-04 16:31:39,343,,Dār al-Rashīd li-l-Nashr/دار الرشيد للنشر,Baghdād/ بغداد,ara,Rif'at al-Sa'id Library,"Range 2, Shelf C", ,,,OCLC: 1528437467
3258,book,"Kāmil/كامل, ʻAbd al-Hādī/عبدالهادي",Qalb-- shāʻir/قلب . شاعر,,,1998,2026-01-04 16:36:53,,,,Amman/عمان,ara,Rif'at al-Sa'id Library,"Range 2, Shelf C", ,,,OCLC: 39160754
3260,book,"ʿIzz-ad-Din/عز الدين, Yūsuf/يوسف",An- Nuṣra fī aḫbār al-Baṣra : taqrīr qaddamahū sanat 1277 h ʼilā Munīb Bāšā wāli ʼl-Baṣra/النصرة في اخبار البصرة : تقرير قدمه سنة ١٢٧٧ ه الى منيب باشا والي البصرة,,,1972,2026-01-04 23:43:04,142,,Maṭbaʻa aš-Šaʻb/مطبعة الشعب,Baghdad/ بغداد,ara,Rif'at al-Sa'id Library,"Range 2, Shelf C", ,,,
3262,book,,al-Hilāl November 1972,,,1972,2026-01-04 23:53:19,,,Dār al-Hilāl.,al-Qāhirah,ara,Rif'at al-Sa'id Library,"Range 2, Shelf C", ,,,
3264,book,"Kāmil/كامل, ʿAbd al-ʿAzīz/عبدالعزيز",Fī Laylat al-Qadr/في ليلة القدر,,,,2026-01-05 1:09:35,,,,,ara,Rif'at al-Sa'id Library,"Range 2, Shelf C", ,,,
3266,book,"Ireland, Philip Willard",ʻIraq; a study in political development,,,1937,2026-01-05 1:12:18,510,,J. Cape,London,eng,Rif'at al-Sa'id Library,"Range 2, Shelf C"," Arabian Peninsula; Iraq; Mandates; Politics and government; World War, 1914-1918",,,OCLC: 269273
3268,book,"Al-Mallāḥ/الملاح, ʿAbd al-Ghanī/عبدالغني",Al-Mujtamaʿ al-ʿIrāqī wa-Tatawwur Ẓāhirat al-Insān/المجتمع العراقي و تطور ظاهرة الانسان,,,,2026-01-05 1:16:01,,,Dār al-Waṭan al-ʿArabī/دار الوطن العربي,,ara,Rif'at al-Sa'id Library,, ,,,
3270,book,"ʻAbd al-Jabbār/عبد الجبار, Muḥammad/محمد",Mustaqbal al-dīmuqrāṭīyah fī al-ʻIrāq/مستقبل الديمقراطية في العراق,,,1994,2026-01-05 1:18:47,159,,Dār Zayd/دار زيد للنشر,London,ara,Rif'at al-Sa'id Library,"Range 2, Shelf C", Iraq; Politics and government,,,OCLC: 33993505
3272,book,"Al-Khayyāṭ/الخياط, Jaʿfar/جعفر",Al-Qarya al-ʿIrāqiyya: Dirāsa fī Aḥwāliha wa-Iṣlāḥihā/القرية العراقية : دراسة في أحوالها وإصلاحها,,,1949,2026-01-05 1:26:16,,,,,ara,Rif'at al-Sa'id Library,"Range 2, Shelf C", ,,,OCLC: 1369254238
3274,book,"Al-Ḥājj/الحاج, ʿAzīz/عزيز",Al-Quḍiyya al-Kurdiyya fī al-ʿIrāq: al-Tārīkh wa-l-Āfāq/القضية الكردية في العراق التاريخ و الآفاق,,,1994,2026-01-05 1:30:18,179,,Al-Muʾassasa al-ʿArabiyya li-l-Dirāsāt wa-l-Nashr/المؤسسة العربية للدراسات والنشر,Bairūt/بيروت,ara,Rif'at al-Sa'id Library,"Range 2, Shelf C", ,,,OCLC: 784465338
3276,book,"Knowles, James","The Nineteenth Century and After, No. 343, September 1905",,,1905,2026-01-05 20:57:14,,,,,,Rif'at al-Sa'id Library,"Range 2, Shelf C", ,,,
3278,book,"Zakariyyā/زكريا, Fūʾād/فؤاد",Al-Thaqāfa al-ʿArabiyya wa-Azmat al-Khalīj/الثقافة العربية وأزمة الخليج,,,1991,2026-01-05 21:01:26,127,,Al-Maktaba al-Kuwaytiyya li-l-Abḥāth/المكتبة الكويتية للأبحاث,Al-Kuwayt/الكويت,ara,Rif'at al-Sa'id Library,"Range 2, Shelf C", ,,,OCLC: 1044657168
3280,book,Middle East Studies Association of North America,"Middle East Studies Association bulletin، Vol. 32, No. 2, Winter 1998",,0026-3184,1998,2026-01-05 21:05:31,,,Middle East Studies Association of North America.,New York,eng,Rif'at al-Sa'id Library,"Range 2, Shelf C", Middle East; Study and teaching,,,OCLC: 1645603
3282,book,,"Al-Mawāqif, al-ʿAdad 172/المواقف، العدد 172",,,1977,2026-01-05 21:17:43,,,,,,Rif'at al-Sa'id Library,"Range 2, Shelf I", ,,,
3284,book,American University of Beirut Political Studies and Public Administration Department,"Chronology of Arab politics, October-December 1965, Vol. III, No. 4",,0578-0551,1965,2026-01-05 21:20:32,,,Political Studies and Public Administration Dept. of the American University of Beirut,Beirut,eng,Rif'at al-Sa'id Library,"Range 2, Shelf I", Arab countries; Politics and government,,,OCLC: 6052728
3286,book,"Al-Shabībī/الشبيبي, Muḥammad Riḍā/محمد رضا",Riḥla ilā al-Maghrib al-Aqṣā/رحلة إلى المغرب الأقصى,,,1965,2026-01-05 21:23:24,,,Al-Majmaʿ al-ʿIlmī al-ʿIrāqī/المجمع العلمي العراقي,Baghdād/بغداد,ara,Rif'at al-Sa'id Library,"Range 2, Shelf I", ,,,OCLC: 929711354
3288,book,"Nasser, Gamal Abdel",On Africa,,,1964,2026-01-05 21:25:31,,,Information Department,Cairo,eng,Rif'at al-Sa'id Library,"Range 2, Shelf I", Africa Politics and government 1960-,,,OCLC: 16762220
3290,book,"Al-Jundī/الجندي, Anwar/انور",Yaqẓat al-Fikr al-ʿArabī fī Muwājahat al-Istiʿmār/يقظة الفكر العربي في مواجهة الاستعمار,,,1971,2026-01-05 21:29:41,,,Maktabat al-Anjilū al-Miṣriyya/مكتبة الانجلو المصرية,Al-Qāhira/ القاهرة,ara,Rif'at al-Sa'id Library,"Range 2, Shelf I", ,,,OCLC: 754743790
3292,book,"Rakībī/ركيبي, ʻAbd Allāh/عبد الله",Qaḍāyā ʻArabīyah fī al-shiʻr al-Jazāʼirī al-muʻāṣir/قضايا عربية في الشعر الجزائري المعاصر,,,1970,2026-01-05 21:38:26,172,,Maʻhad al-Buḥūth wa-al-Dirāsāt al-ʻArabīyah Qism al-Buḥūth wa-al-Dirāsāt al-Adabīyah wa-al-Lughawīyah/معهد البحوث والدراسات العربية : قسم البحوث والدراسات الأدبية واللغوية,al-Qāhirah/القاهرة,ara,Rif'at al-Sa'id Library,"Range 2, Shelf I", Algeria; Arabic poetry; History and criticism,,,OCLC: 23510031
3294,book,,"Dirāsāt ʿArabiyya: Majalla Fikriyya Iqtiṣādiyya Ijtimāʿiyya, al-Sanah al-Sādisa, al-ʿAdad 7, Māyū 1970/دراسات عربية: مجلة فكرية إقتصادية إجتماعية، السنة السادسة، العدد 7، مايو1970",,0417-5190,1970,2026-01-05 21:41:48,,,Dār al-Ṭalīʿa li-l-Ṭibāʿa wa-l-Nashr/ دار الطليعة للطباعة والنشر,Bairūt/بيروت,ara,Rif'at al-Sa'id Library,"Range 2, Shelf I", Economics Periodicals; Periodicals; Periodicals$$QEconomics Periodicals; Periodicals$$QSociology Periodicals; Sociology Periodicals; الإقتصاد دوريات; دوريات; دوريات$$Qالإقتصاد دوريات; دوريات$$Qعلم الاجتماع دوريات; علم الاجتماع دوريات,,,OCLC: 792754987
3296,book,,"Dirāsāt ʿArabiyya: Majalla Fikriyya Iqtiṣādiyya Ijtimāʿiyya, al-Sanah al-Rābiʿa, al-ʿAdad 1, Nūfimbir 1967/دراسات عربية: مجلة فكرية إقتصادية إجتماعية، السنة الرابعة، العدد 1، نوفمبر1967",,0417-5190,1967,2026-01-05 21:44:38,,,Dār al-Ṭalīʿa li-l-Ṭibāʿa wa-l-Nashr/دار الطليعة للطباعة والنشر,Bayrūt/بيروت,ara,Rif'at al-Sa'id Library,"Range 2, Shelf I", Economics Periodicals; Periodicals; Periodicals$$QEconomics Periodicals; Periodicals$$QSociology Periodicals; Sociology Periodicals; الإقتصاد دوريات; دوريات; دوريات$$Qالإقتصاد دوريات; دوريات$$Qعلم الاجتماع دوريات; علم الاجتماع دوريات,,,OCLC: 792754987
3298,book,,"Dirāsāt ʿArabiyya: Majalla Fikriyya Iqtiṣādiyya Ijtimāʿiyya, al-Sanah al-Thāmina, al-ʿAdad 2, Dīsambir 1971/دراسات عربية: مجلة فكرية إقتصادية إجتماعية، السنة الثامنة، العدد 2، ديسمبر1971",,0417-5190,1971,2026-01-05 21:45:59,,,Dār al-Ṭalīʿa li-l-Ṭibāʿa wa-l-Nashr/دار الطليعة للطباعة والنشر,Bairūt/بيروت,ara,Rif'at al-Sa'id Library,"Range 2, Shelf I", Economics Periodicals; Periodicals; Periodicals$$QEconomics Periodicals; Periodicals$$QSociology Periodicals; Sociology Periodicals; الإقتصاد دوريات; دوريات; دوريات$$Qالإقتصاد دوريات; دوريات$$Qعلم الاجتماع دوريات; علم الاجتماع دوريات,,,OCLC: 792754987
3300,book,"Buheiry, Marwan R.; American University of Beirut Center for Arab and Middle East Studies","Intellectual life in the Arab East, 1890-1939",,,1981,2026-01-05 21:48:51,x+195,,"Center for Arab and Middle East Studies, American University of Beirut",Beirut,eng,Rif'at al-Sa'id Library,"Range 2, Shelf I", Arab countries; History; Intellectual life; Nationalism; Political science; Politics and government,,,OCLC: 8619548
3302,book,"Abu-Lughod, Ibrahim A.",Arab rediscovery of Europe; a study in cultural encounters.,,,1963,2026-01-05 21:51:19,x+188,Oriental studies series ; no. 22,Princeton University Press,"Princeton, N.J",eng,Rif'at al-Sa'id Library,"Range 2, Shelf I", Europe; Islamic countries; Relations,,,OCLC: 323568
3304,book,"Binkley, Robert C.","Realism and nationalism, 1852-1871",,,1935,2026-01-05 21:53:13,xx+337,Rise of modern Europe,Harper,New York,eng,Rif'at al-Sa'id Library,"Range 2, Shelf I", 1848-1871; Europe; History,,,OCLC: 2571280
3306,book,American-Arab Affairs Council; Middle East Policy Council,"American-Arab affairs Fall 1984, No. 10",,0731-6763,1984,2026-01-05 21:56:12,,,American-Arab Affairs Council,"Washington, D.C",eng,Rif'at al-Sa'id Library,"Range 2, Shelf I", Arab countries; Foreign relations; Politics and government; United States,,,OCLC: 8230947
3308,book,American-Arab Affairs Council; Middle East Policy Council,"American-Arab affairs Fall 1982, No. 2",,0731-6763,1982,2026-01-05 21:57:13,,,American-Arab Affairs Council,"Washington, D.C",eng,Rif'at al-Sa'id Library,"Range 2, Shelf I", Arab countries; Foreign relations; Politics and government; United States,,,OCLC: 8230947
3310,book,American University of Beirut Alumni Association,"Middle East forum 1969, Nos. 1-4",,,1969,2026-01-05 21:58:46,,,Alumni Association of the American University of Beirut,Beirut,eng,Rif'at al-Sa'id Library,"Range 2, Shelf I", Middle East,,,OCLC: 7936377
3312,book,Middle East Studies Association of North America,"Middle East Studies Association bulletin, Vol. 23, No.1, July 1989",,0026-3184,1989,2026-01-06 1:13:06,,,Middle East Studies Association of North America.,New York,eng,Rif'at al-Sa'id Library,"Range 2, Shelf I", Middle East; Study and teaching,,,OCLC: 1645603
3314,book,Middle East Studies Association of North America,"Middle East Studies Association bulletin, Vol. 22, No.1, July 1988",,0026-3184,1988,2026-01-06 1:14:10,,,Middle East Studies Association of North America.,New York,eng,Rif'at al-Sa'id Library,"Range 2, Shelf I", Middle East; Study and teaching,,,OCLC: 1645603
3316,book,Middle East Studies Association of North America,"Middle East Studies Association bulletin, Vol. 22, No.1, July 1988",,0026-3184,1988,2026-01-06 1:14:37,,,Middle East Studies Association of North America.,New York,eng,Rif'at al-Sa'id Library,"Range 2, Shelf I", Middle East; Study and teaching,,,OCLC: 1645603
3318,book,Middle East Studies Association of North America,"Middle East Studies Association bulletin, Index volumes 1-20",,0026-3184,1986,2026-01-06 1:14:59,,,Middle East Studies Association of North America.,New York,eng,Rif'at al-Sa'id Library,"Range 2, Shelf I", Middle East; Study and teaching,,,OCLC: 1645603
3320,book,Majlis al-Qawmī lil-Thaqāfah al-ʻArabīyah/المجلس القومي للثقافة العربية,"al-Wiḥdah : majallah fikrīyah thaqāfīyah shahrīyah, May 1986/ الوحدة: مجلة فكرية ثقافية شهرية، مايو ١٩٨٦",,,1986,2026-01-06 1:22:50,,,Majlis al-Qawmī lil-Thaqāfah al-ʻArabīyah/المجلس القومي للثقافة العربية,Rabat/الرباط,ara,Rif'at al-Sa'id Library,"Range 2, Shelf I", ,,,OCLC: 1034555133
3322,book,"Jindī/جندي, Anwar/أنور",Maʼālim al-fikr al-ʼArabī al-muʼāsir/معالم الفكر العربي المعاصر,,,1965,2026-01-06 1:28:28,,,Maṭbaʻat al-Risālah/مطبعة الرسالة,Cairo/ القاهرة,ara,Rif'at al-Sa'id Library,"Range 2, Shelf I"," Philosophy, Arab",,,OCLC: 23512045
3324,book,"Al-Jawāhirī/الجواهري, ʿImād Aḥmad/عماد احمد",Al-Awḍāʿ al-Iqṭāʿiyya fī Filasṭīn fī al-ʿAṣr al-Ḥadīth/الأوضاع الاقطاعية في فلسطين في العصر الحديث,,,1983,2026-01-06 1:35:23,,Silsilat Dirāsāt Filasṭīniyya 21/سلسلة دراسات فلسطينية 21,Markaz al-Dirāsāt al-Filasṭīniyya/مركز الدراسات الفلسطينية,Baghdād/بغداد,ara,Rif'at al-Sa'id Library,"Range 2, Shelf I", ,,,
3326,book,"Muʼassasah al-ʻArabīyah lil-Dirāsāt wa-al-Nashr/المؤسسة العربية للدراسات والنشر; Kayyālī/الكيالي, ʻAbd al-Wahhāb/عبد الوهاب","Qḍāyā ʻarabīyah, September 1975/قضايا عربية سبتمبر ١٩٧٥",,,1975,2026-01-06 1:42:32,,,المؤسسة العربية للدراسات والنشر,بيروت,ara,Rif'at al-Sa'id Library,"Range 2, Shelf I", 20th century; Arab countries; Arabs; Intellectual life; Intellectual life$$QArab countries; Periodicals; البلدان العربية; الحياة الفكرية; الحياة الفكرية$$Qالبلدان العربية; العرب; القرن العشرون; دوريات,,"Kayyālī/الكيالي, ʻAbd al-Wahhāb/عبد الوهاب",OCLC: 792755386
3328,book,"Shaykh/شيخ, Raʾfat Ghunaymī/رأفت غنيمي",Tārīkh al-ʻArab al-ḥadīth/تاريخ العرب الحديث,978-977-5487-10-0,,1994,2026-01-06 2:16:26,,,ʻAyn lil-Dirāsāt wa-al-Buḥūth al-Insānīyah wa-al-Ijtimāʻīyah/عين للدراسات والبحوث الانسانية والاجتماعية,Cairo/ القاهرة,,Rif'at al-Sa'id Library,"Range 2, Shelf I", Arab countries; History,,,OCLC: 31879926
3330,book,"Munīf/منيف, ʿAbd al-Raḥman/عبدالرحمن",Al-Naft wa-l-Tanmiyya: Majalla Tuʿnā bi-Shuʾūn al-Naft wa-l-Tanmiyya fī al-Waṭan al-ʿArabī wa-l-ʿĀlam/النفط والتنمية مجلة تعنى بشؤون النفط والتنمية في الوطن العربي والعالم، العدد الرابع، السنة الخامسة، 1980,,,1980,2026-01-06 20:47:24,,,OAPEC منظمة الأقطار العربية المصدرة للنفط,,ara,Rif'at al-Sa'id Library,"Range 2, Shelf J", ,,,
3332,book,"Munīf/منيف, ʿAbd al-Raḥman/عبدالرحمن",Al-Naft wa-l-Tanmiyya: Majalla Tuʿnā bi-Shuʾūn al-Naft wa-l-Tanmiyya fī al-Waṭan al-ʿArabī wa-l-ʿĀlam/النفط والتنمية مجلة تعنى بشؤون النفط والتنمية في الوطن العربي والعالم، العدد الثامن، السنة الثانية، 1977,,,1977,2026-01-06 20:49:59,,,OAPEC منظمة الأقطار العربية المصدرة للنفط,,ara,Rif'at al-Sa'id Library,"Range 2, Shelf J", ,,,
3334,book,"Munīf/منيف, ʿAbd al-Raḥman/عبدالرحمن",Al-Naft wa-l-Tanmiyya: Majalla Tuʿnā bi-Shuʾūn al-Naft wa-l-Tanmiyya fī al-Waṭan al-ʿArabī wa-l-ʿĀlam/النفط والتنمية مجلة تعنى بشؤون النفط والتنمية في الوطن العربي والعالم، العدد العاشر، السنة الاولى، 1976,,,1976,2026-01-06 20:50:47,,,OAPEC منظمة الأقطار العربية المصدرة للنفط,,ara,Rif'at al-Sa'id Library,"Range 2, Shelf J", ,,,
3336,book,"Munīf/منيف, ʿAbd al-Raḥman/عبدالرحمن",Al-Naft wa-l-Tanmiyya: Majalla Tuʿnā bi-Shuʾūn al-Naft wa-l-Tanmiyya fī al-Waṭan al-ʿArabī wa-l-ʿĀlam/النفط والتنمية مجلة تعنى بشؤون النفط والتنمية في الوطن العربي والعالم، العدد التاسع، السنة الثالثة، 1978,,,1978,2026-01-10 21:22:49,,,OAPEC منظمة الأقطار العربية المصدرة للنفط,,ara,Rif'at al-Sa'id Library,"Range 2, Shelf J", ,,,
3338,book,"Munīf/منيف, ʿAbd al-Raḥman/عبدالرحمن",Al-Naft wa-l-Tanmiyya: Majalla Tuʿnā bi-Shuʾūn al-Naft wa-l-Tanmiyya fī al-Waṭan al-ʿArabī wa-l-ʿĀlam/النفط والتنمية مجلة تعنى بشؤون النفط والتنمية في الوطن العربي والعالم، العدد العاشر، السنة الثالثة، 1978,,,1978,2026-01-10 21:24:18,,,OAPEC منظمة الأقطار العربية المصدرة للنفط,,ara,Rif'at al-Sa'id Library,"Range 2, Shelf J", ,,,
3340,book,"Munīf/منيف, ʿAbd al-Raḥman/عبدالرحمن",Al-Naft wa-l-Tanmiyya: Majalla Tuʿnā bi-Shuʾūn al-Naft wa-l-Tanmiyya fī al-Waṭan al-ʿArabī wa-l-ʿĀlam/ النفط والتنمية مجلة تعنى بشؤون النفط والتنمية في الوطن العربي والعالم، العدد السابع، السنة الخامسة، 1980,,,1980,2026-01-10 21:24:52,,,OAPEC منظمة الأقطار العربية المصدرة للنفط,,ara,Rif'at al-Sa'id Library,"Range 2, Shelf J", ,,,
3342,book,"Munīf/منيف, ʿAbd al-Raḥman/عبدالرحمن",Al-Naft wa-l-Tanmiyya: Majalla Tuʿnā bi-Shuʾūn al-Naft wa-l-Tanmiyya fī al-Waṭan al-ʿArabī wa-l-ʿĀlam/النفط والتنمية مجلة تعنى بشؤون النفط والتنمية في الوطن العربي والعالم، العدد العاشر، السنة الرابعة، 1979,,,1979,2026-01-10 21:25:47,,,OAPEC منظمة الأقطار العربية المصدرة للنفط,,ara,Rif'at al-Sa'id Library,"Range 2, Shelf J", ,,,
3344,book,"Munīf/منيف, ʿAbd al-Raḥman/عبدالرحمن",Al-Naft wa-l-Tanmiyya: Majalla Tuʿnā bi-Shuʾūn al-Naft wa-l-Tanmiyya fī al-Waṭan al-ʿArabī wa-l-ʿĀlam/النفط والتنمية مجلة تعنى بشؤون النفط والتنمية في الوطن العربي والعالم، العدد الثامن، السنة الرابعة، 1979,,,1979,2026-01-10 21:26:55,,,OAPEC منظمة الأقطار العربية المصدرة للنفط,,ara,Rif'at al-Sa'id Library,"Range 2, Shelf J", ,,,
3346,book,"Munīf/منيف, ʿAbd al-Raḥman/عبدالرحمن",Al-Naft wa-l-Tanmiyya: Majalla Tuʿnā bi-Shuʾūn al-Naft wa-l-Tanmiyya fī al-Waṭan al-ʿArabī wa-l-ʿĀlam/النفط والتنمية مجلة تعنى بشؤون النفط والتنمية في الوطن العربي والعالم، العدد التاسع، السنة الرابعة، 1979,,,1979,2026-01-10 21:27:20,,,OAPEC منظمة الأقطار العربية المصدرة للنفط,,ara,Rif'at al-Sa'id Library,"Range 2, Shelf J", ,,,
3348,book,"Munīf/منيف, ʿAbd al-Raḥman/عبدالرحمن",Al-Naft wa-l-Tanmiyya: Majalla Tuʿnā bi-Shuʾūn al-Naft wa-l-Tanmiyya fī al-Waṭan al-ʿArabī wa-l-ʿĀlam/النفط والتنمية مجلة تعنى بشؤون النفط والتنمية في الوطن العربي والعالم، العدد الثالث، السنة الثانية، 1976,,,1976,2026-01-10 21:28:01,,,OAPEC منظمة الأقطار العربية المصدرة للنفط,,ara,Rif'at al-Sa'id Library,"Range 2, Shelf J", ,,,
3350,book,"Munīf/منيف, ʿAbd al-Raḥman/عبدالرحمن",Al-Naft wa-l-Tanmiyya: Majalla Tuʿnā bi-Shuʾūn al-Naft wa-l-Tanmiyya fī al-Waṭan al-ʿArabī wa-l-ʿĀlam/النفط والتنمية مجلة تعنى بشؤون النفط والتنمية في الوطن العربي والعالم، العدد العاشر، السنة الاولي، 1976,,,1976,2026-01-10 21:29:16,,,OAPEC منظمة الأقطار العربية المصدرة للنفط,,ara,Rif'at al-Sa'id Library,"Range 2, Shelf J", ,,,
3352,book,"Munīf/منيف, ʿAbd al-Raḥman/عبدالرحمن",Al-Naft wa-l-Tanmiyya: Majalla Tuʿnā bi-Shuʾūn al-Naft wa-l-Tanmiyya fī al-Waṭan al-ʿArabī wa-l-ʿĀlam/النفط والتنمية مجلة تعنى بشؤون النفط والتنمية في الوطن العربي والعالم، العدد الحادي عشر، السنة الاولي، 1976,,,1976,2026-01-10 21:30:50,,,OAPEC منظمة الأقطار العربية المصدرة للنفط,,ara,Rif'at al-Sa'id Library,"Range 2, Shelf J", ,,,
3354,book,"Munīf/منيف, ʿAbd al-Raḥman/عبدالرحمن",Al-Naft wa-l-Tanmiyya: Majalla Tuʿnā bi-Shuʾūn al-Naft wa-l-Tanmiyya fī al-Waṭan al-ʿArabī wa-l-ʿĀlam/النفط والتنمية مجلة تعنى بشؤون النفط والتنمية في الوطن العربي والعالم، العدد العاشر، السنة الاولي، 1976,,,1976,2026-01-10 21:31:44,,,OAPEC منظمة الأقطار العربية المصدرة للنفط,,ara,Rif'at al-Sa'id Library,"Range 2, Shelf J", ,,,
3356,book,"Munīf/منيف, ʿAbd al-Raḥman/عبدالرحمن",Al-Naft wa-l-Tanmiyya: Majalla Tuʿnā bi-Shuʾūn al-Naft wa-l-Tanmiyya fī al-Waṭan al-ʿArabī wa-l-ʿĀlam/النفط والتنمية مجلة تعنى بشؤون النفط والتنمية في الوطن العربي والعالم، العدد التاسع، السنة الثانية، 1977,,,1977,2026-01-10 21:32:52,,,OAPEC منظمة الأقطار العربية المصدرة للنفط,,ara,Rif'at al-Sa'id Library,"Range 2, Shelf J", ,,,
3358,book,"Munīf/منيف, ʿAbd al-Raḥman/عبدالرحمن",Al-Naft wa-l-Tanmiyya: Majalla Tuʿnā bi-Shuʾūn al-Naft wa-l-Tanmiyya fī al-Waṭan al-ʿArabī wa-l-ʿĀlam/النفط والتنمية مجلة تعنى بشؤون النفط والتنمية في الوطن العربي والعالم، العدد الثاني عشر، السنة الرابعة، 1979,,,1979,2026-01-10 21:33:38,,,OAPEC منظمة الأقطار العربية المصدرة للنفط,,ara,Rif'at al-Sa'id Library,"Range 2, Shelf J", ,,,
3360,book,"Munīf/منيف, ʿAbd al-Raḥman/عبدالرحمن",Al-Naft wa-l-Tanmiyya: Majalla Tuʿnā bi-Shuʾūn al-Naft wa-l-Tanmiyya fī al-Waṭan al-ʿArabī wa-l-ʿĀlam/النفط والتنمية مجلة تعنى بشؤون النفط والتنمية في الوطن العربي والعالم، العدد الحادي عشر، السنة الرابعة، 1979,,,1979,2026-01-10 21:35:38,,,OAPEC منظمة الأقطار العربية المصدرة للنفط,,ara,Rif'at al-Sa'id Library,"Range 2, Shelf J", ,,,
3362,book,"Munīf/منيف, ʿAbd al-Raḥman/عبدالرحمن",Al-Naft wa-l-Tanmiyya: Majalla Tuʿnā bi-Shuʾūn al-Naft wa-l-Tanmiyya fī al-Waṭan al-ʿArabī wa-l-ʿĀlam/النفط والتنمية مجلة تعنى بشؤون النفط والتنمية في الوطن العربي والعالم، العدد الاول، السنة الخامسة، 1979,,,1979,2026-01-10 21:36:22,,,OAPEC منظمة الأقطار العربية المصدرة للنفط,,ara,Rif'at al-Sa'id Library,"Range 2, Shelf J", ,,,
3364,book,"Munīf/منيف, ʿAbd al-Raḥman/عبدالرحمن",Al-Naft wa-l-Tanmiyya: Majalla Tuʿnā bi-Shuʾūn al-Naft wa-l-Tanmiyya fī al-Waṭan al-ʿArabī wa-l-ʿĀlam/النفط والتنمية مجلة تعنى بشؤون النفط والتنمية في الوطن العربي والعالم، العدد الثاني، السنة الثانية، 1976,,,1976,2026-01-10 21:38:03,,,OAPEC منظمة الأقطار العربية المصدرة للنفط,,ara,Rif'at al-Sa'id Library,"Range 2, Shelf J", ,,,
3366,book,"Munīf/منيف, ʿAbd al-Raḥman/عبدالرحمن",Al-Naft wa-l-Tanmiyya: Majalla Tuʿnā bi-Shuʾūn al-Naft wa-l-Tanmiyya fī al-Waṭan al-ʿArabī wa-l-ʿĀlam/النفط والتنمية مجلة تعنى بشؤون النفط والتنمية في الوطن العربي والعالم، العدد السابع، السنة الثانية، 1977,,,1977,2026-01-10 21:39:15,,,OAPEC منظمة الأقطار العربية المصدرة للنفط,,ara,Rif'at al-Sa'id Library,"Range 2, Shelf J", ,,,
3368,book,Oxford University Press; All Prints Distributors and Publishers,"The Oxford map of Arabia: Kuwait, Saudi Arabia, Bahrain, Qatar, Oman, United Arab Emirates, Yemen, Yemen P.D.R.",,,1976,2026-01-10 21:42:20,,,The Press,Oxford,eng,Rif'at al-Sa'id Library,"Range 2, Shelf J", Arabian Peninsula$$QArabian Peninsula; Maps,,All Prints Distributors and Publishers,OCLC: 5485905
3370,book,Majlis al-Qawmī lil-Thaqāfah al-ʻArabīyah/المجلس القومي للثقافة العربية,"al-Wiḥdah : majallah fikrīyah thaqāfīyah shahrīyah, April 1986/ الوحدة: مجلة فكرية ثقافية شهرية، ابريل ١٩٨٦",,,1986,2026-01-10 21:44:48,,,Majlis al-Qawmī lil-Thaqāfah al-ʻArabīyah/المجلس القومي للثقافة العربية,Rabat/الرباط,ara,Rif'at al-Sa'id Library,"Range 2, Shelf J", ,,,OCLC: 1034555133
3372,book,United States Congress House Committee on Foreign Affairs Subcommittee on Europe,"United States-Europe relations and the 1973 Middle East war: hearings before the Subcommittee on Europe and on the Near East and South Asia of the Committee on Foreign Affairs, Ninety-third Congress, first and second session, November 1, 1973, and February 19, 1974",,,1974,2026-01-10 21:52:54,,,U.S. Govt. Print. Off,District of Columbia,eng,Rif'at al-Sa'id Library,"Range 2, Shelf J", ,,,OCLC: 300364798
3374,book,,"U.S. policy and world food needs: hearings before the Subcommittees on International Organizations and Movements and on Foreign Economic Policy of the Committee on Foreign Affairs, House of Representatives, Ninety-third Congress, second session",,,1974,2026-01-10 21:57:17,,,,,eng,Rif'at al-Sa'id Library,"Range 2, Shelf J", ,,,OCLC: 1557693085
3376,book,International Fiction Association,"The International fiction review: IFR, Volume 2, Number 1, January 1975",,,1975,2026-01-10 22:01:24,,,"Department of Culture and Language Studies, University of New Brunswick.","Fredericton, N.B",eng,Rif'at al-Sa'id Library,"Range 2, Shelf J", Literatur. Rezension. Genre/Form: Zeitschrift,,,OCLC: 889379177
3378,book,American University of Beirut Alumni Association,"Middle East forum, Vol. XLVII, No 3 and 4",,,1971,2026-01-10 22:04:57,,,Alumni Association of the American University of Beirut,Beirut,English,Rif'at al-Sa'id Library,"Range 2, Shelf J", ,,,OCLC: 7936377
3380,book,American University of Beirut Alumni Association,"Middle East forum, Vol. XLVIII, No 3 and 4",,,1972,2026-01-12 18:01:08,,,Alumni Association of the American University of Beirut,Beirut,English,Rif'at al-Sa'id Library,"Range 2, Shelf J", ,,,OCLC: 7936377
3382,book,American University of Beirut Alumni Association,"Middle East forum, Vol. XLVIII, No 2",,,1972,2026-01-12 18:02:20,,,Alumni Association of the American University of Beirut,Beirut,English,Rif'at al-Sa'id Library,"Range 2, Shelf J", ,,,OCLC: 7936377
3384,book,"Munīf/منيف, ʿAbd al-Raḥman/عبدالرحمن",Al-Naft wa-l-Tanmiyya: Majalla Tuʿnā bi-Shuʾūn al-Naft wa-l-Tanmiyya fī al-Waṭan al-ʿArabī wa-l-ʿĀlam/النفط والتنمية مجلة تعنى بشؤون النفط والتنمية في الوطن العربي والعالم، العدد الثامنة، السنة الاولي، 1976,,,1976,2026-01-12 18:28:01,,,OAPEC منظمة الأقطار العربية المصدرة للنفط,,ara,Rif'at al-Sa'id Library,"Range 2, Shelf K", ,,,
3386,book,"Munīf/منيف, ʿAbd al-Raḥman/عبدالرحمن",Al-Naft wa-l-Tanmiyya: Majalla Tuʿnā bi-Shuʾūn al-Naft wa-l-Tanmiyya fī al-Waṭan al-ʿArabī wa-l-ʿĀlam/ النفط والتنمية مجلة تعنى بشؤون النفط والتنمية في الوطن العربي والعالم، العدد التاسع، السنة الاولي، 1976,,,1976,2026-01-12 18:30:47,,,OAPEC منظمة الأقطار العربية المصدرة للنفط,,ara,Rif'at al-Sa'id Library,"Range 2, Shelf K", ,,,
3388,book,"Munīf/منيف, ʿAbd al-Raḥman/عبدالرحمن",Al-Naft wa-l-Tanmiyya: Majalla Tuʿnā bi-Shuʾūn al-Naft wa-l-Tanmiyya fī al-Waṭan al-ʿArabī wa-l-ʿĀlam/النفط والتنمية مجلة تعنى بشؤون النفط والتنمية في الوطن العربي والعالم، العدد الثامن، السنة الثانية، 1977,,,1977,2026-01-12 18:31:11,,,OAPEC منظمة الأقطار العربية المصدرة للنفط,,ara,Rif'at al-Sa'id Library,"Range 2, Shelf K", ,,,
3390,book,"Munīf/منيف, ʿAbd al-Raḥman/عبدالرحمن",Al-Naft wa-l-Tanmiyya: Majalla Tuʿnā bi-Shuʾūn al-Naft wa-l-Tanmiyya fī al-Waṭan al-ʿArabī wa-l-ʿĀlam/النفط والتنمية مجلة تعنى بشؤون النفط والتنمية في الوطن العربي والعالم، العدد الثاني عشر، السنة الاولي، 1976,,,1976,2026-01-12 18:31:49,,,OAPEC منظمة الأقطار العربية المصدرة للنفط,,ara,Rif'at al-Sa'id Library,"Range 2, Shelf K", ,,,
3392,book,"Munīf/منيف, ʿAbd al-Raḥman/عبدالرحمن",Al-Naft wa-l-Tanmiyya: Majalla Tuʿnā bi-Shuʾūn al-Naft wa-l-Tanmiyya fī al-Waṭan al-ʿArabī wa-l-ʿĀlam/النفط والتنمية مجلة تعنى بشؤون النفط والتنمية في الوطن العربي والعالم، العدد السابع، السنة الثانية، 1977,,,1977,2026-01-12 18:32:42,,,OAPEC منظمة الأقطار العربية المصدرة للنفط,,ara,Rif'at al-Sa'id Library,"Range 2, Shelf K", ,,,
3394,book,"Munīf/منيف, ʿAbd al-Raḥman/عبدالرحمن",Al-Naft wa-l-Tanmiyya: Majalla Tuʿnā bi-Shuʾūn al-Naft wa-l-Tanmiyya fī al-Waṭan al-ʿArabī wa-l-ʿĀlam/ النفط والتنمية مجلة تعنى بشؤون النفط والتنمية في الوطن العربي والعالم، العدد الخامس، السنة الرابعة، 1979,,,1979,2026-01-12 18:33:25,,,OAPEC منظمة الأقطار العربية المصدرة للنفط,,ara,Rif'at al-Sa'id Library,"Range 2, Shelf K", ,,,
3396,book,"Munīf/منيف, ʿAbd al-Raḥman/عبدالرحمن",Al-Naft wa-l-Tanmiyya: Majalla Tuʿnā bi-Shuʾūn al-Naft wa-l-Tanmiyya fī al-Waṭan al-ʿArabī wa-l-ʿĀlam/النفط والتنمية مجلة تعنى بشؤون النفط والتنمية في الوطن العربي والعالم، العدد الاول، السنة الرابعة، 1978,,,1978,2026-01-12 18:34:37,,,OAPEC منظمة الأقطار العربية المصدرة للنفط,,ara,Rif'at al-Sa'id Library,"Range 2, Shelf K", ,,,
3398,book,"Munīf/منيف, ʿAbd al-Raḥman/عبدالرحمن",Al-Naft wa-l-Tanmiyya: Majalla Tuʿnā bi-Shuʾūn al-Naft wa-l-Tanmiyya fī al-Waṭan al-ʿArabī wa-l-ʿĀlam/النفط والتنمية مجلة تعنى بشؤون النفط والتنمية في الوطن العربي والعالم، العدد العاشر، السنة الثالثة، 1978,,,1978,2026-01-12 18:35:11,,,OAPEC منظمة الأقطار العربية المصدرة للنفط,,ara,Rif'at al-Sa'id Library,"Range 2, Shelf K", ,,,
3400,book,"Munīf/منيف, ʿAbd al-Raḥman/عبدالرحمن",Al-Naft wa-l-Tanmiyya: Majalla Tuʿnā bi-Shuʾūn al-Naft wa-l-Tanmiyya fī al-Waṭan al-ʿArabī wa-l-ʿĀlam/النفط والتنمية مجلة تعنى بشؤون النفط والتنمية في الوطن العربي والعالم، العدد الاول، السنة الثانية، 1976,,,1976,2026-01-12 18:36:05,,,OAPEC منظمة الأقطار العربية المصدرة للنفط,,ara,Rif'at al-Sa'id Library,"Range 2, Shelf K", ,,,
3402,book,"Munīf/منيف, ʿAbd al-Raḥman/عبدالرحمن",Al-Naft wa-l-Tanmiyya: Majalla Tuʿnā bi-Shuʾūn al-Naft wa-l-Tanmiyya fī al-Waṭan al-ʿArabī wa-l-ʿĀlam/النفط والتنمية مجلة تعنى بشؤون النفط والتنمية في الوطن العربي والعالم، العدد السادس، السنة الثانية، 1977,,,1977,2026-01-12 18:36:47,,,OAPEC منظمة الأقطار العربية المصدرة للنفط,,ara,Rif'at al-Sa'id Library,"Range 2, Shelf K", ,,,
3404,book,"Wizārat al-Thaqāfa, al-Hayʾa al-Miṣriyya al-ʿĀmma li-l-Taʾlīf wa-l-Nashr/وزارة الثقافة، الهيئة المصرية العامة للتأليف والنشر","Al-Funūn al-Shaʿbiyya, al-ʿAdad 40 wa 41, Yūliyū – Uktūbar 1993/ الفنون الشعبية، العدد 40 و 41، يوليو- اكتوبر 1993",,,1993,2026-01-12 18:46:19,,,Maṭābiʿ al-Hayʾa al-Miṣriyya al-ʿĀmma li-l-Kitāb/مطابع الهيئة المصرية العامة للكتاب,Al-Qāhira/ القاهرة,ara,Rif'at al-Sa'id Library,"Range 2, Shelf K", ,,,OCLC: 1109855099
3406,book,"Shukrī/شكري, Ghālī/غالي","al-Qāhirah : majallat al-fikr wa-al-fann al-muʻaṣir/القاهرة : مجلة الفكر والفن المعاصر, العدد 135, فبراير 1994",,,1994,2026-01-12 18:55:02,,,al-Hayʼah al-Miṣrīyah al-ʻĀmmah lil-Kitāb/لهيئة المصرية العامة للكتاب,Al-Qāhira/ القاهرة,ara,Rif'at al-Sa'id Library,"Range 2, Shelf K", Arab countries$$QArab countries; Egypt$$QEgypt; Periodicals; البلدان العربية$$Qالبلدان العربية; دوريات; مصر$$Qمصر,,,OCLC: 1086490859
3408,book,Thomson Gale,"Canadian dimension, vol. 39, no. 5, September/October 2005",,0008-3402,2005,2026-01-12 19:01:40,,,C.W. Gonick.,Winnipeg,eng,Rif'at al-Sa'id Library,"Range 2, Shelf K", Canada; Conditions sociales; Conditions sociales$$QCanada; Periodicals; Périodiques,,,OCLC: 1774886
3410,book,حسين، صدام; Saddam Hussein,حول القضايا العربية الراهنة,,,1975,2026-02-06 2:02:32,36,,,,Arabic,Rif'at al-Sa'id Library,"Range 3, Shelf D", ,,,OCLC: 1557901754
3412,book,صدام حسين,آراء و مواقف نص المؤتمر الصحفي الذي عقده الرئيس القائد بطل التحرير المهيب الركن صدام حسين في تشرين الثاني ١٩٨٠ في عمان/ Ārāʾ wa-mawāqif: Naṣṣ al-muʼtamar al-ṣaḥafī alladhī ʿaqdahu al-raʾīs al-qāʾid baṭal al-taḥrīr al-muhīb al-rukn Ṣaddām Ḥusayn fī Tishrīn al-thānī 1980 fī ʿAmman,,,1980,2026-02-06 2:02:32,,,,,Arabic,Rif'at al-Sa'id Library,"Range 3, Shelf D", ,,,
3414,book,Muʼtamar al-Qimmah al-ʻArabī,ﻭﺛﺎﺌﻖ لمجاﺒﻬﺔ التحدي : ﻧﺺّ ﻗﺮاﺮاﺖ مؤﺘﻤﺮ اﻠﻘﻤﺔ اﻠﻌﺮﺑﻲ اﻠﺘﺎﺴﻊ اﻠّﺬﻱ ﻋﻘﺪ ﻓﻲ ﺑﻐﺪاﺪ ﻣا بين 2-5 ﺗﺸﺮﻴﻦ اﻠﺜﺎﻨﻲ 1978 Wathāʼiq li-mujābahat al-taḥaddi : naṣṣ qarārāt Muʼtamar al-Qimmah al-ʻArabī al-tāsiʻ alladhī ʻuqida fī Baghdād mā bayna 2-5 Tishrīn al-Thānī 1978,,,1979,2026-02-06 2:02:32,47,9,,,,Rif'at al-Sa'id Library,"Range 3, Shelf D", ,,,OCLC: 1285921003
3416,book,"Nāmiq, Yaỵā",Hamasāt al-ḥaqq /Yaḥyā Nāmiq,,,1962,2026-02-06 2:02:32,149,Kutub qawmīyah,al-Dār al-Qawnīyah,Cairo],ara,Rif'at al-Sa'id Library,"Range 3, Shelf D", Arab countries; Nationalism,,,OCLC: 23510208
3418,book,,al-Jumhūrīyah al-ʿArabīyah al-Muttaḥidah: Ḥaqāʾiq wa-arqām/الجمهرية العربية المتحدة: حقائق و أرقام,,,1965,2026-02-06 2:02:32,,,,,,Rif'at al-Sa'id Library,"Range 3, Shelf D", ,,,
3420,book,unknown,"Communism, menace to freedom",,,1962,2026-02-06 2:02:32,,,,"Pleasantville, N.Y.",,Rif'at al-Sa'id Library,"Range 3, Shelf D", Communism,,,OCLC: 1649524
3422,book,Unknown,Qimmat Baghdād wa-intiṣār al-ummah/قمة بغداد و انتصار الامة,,,1978,2026-02-06 2:02:32,,70,Ministry of Information,,,Rif'at al-Sa'id Library,"Range 3, Shelf D", ,,,
3424,book,احمد صوار,Afrīqiyāʾ al-nahj al-siyāsī/أفريقياء النهج السياسي,,,,2026-02-06 2:02:32,,Kutub al-siyāsīyah,Dār al-Qawmīyah,,Arabic,Rif'at al-Sa'id Library,"Range 3, Shelf D", ,,,
3426,book,"موسى, محمود عزت",al-Nahr al-Khālid/النهر الخالد,,,1960,2026-02-06 2:02:32,57,كتب قومية ؛,الدار القومية للطباعة والنشر،,القاهرة,,Rif'at al-Sa'id Library,"Range 3, Shelf D", الأنهار; مصر; نهر النيل,,,OCLC: 1557831777
3428,book,,سد الفرات/Sadd al-Fırāt,,,,2026-02-06 2:02:32,,,,,,Rif'at al-Sa'id Library,"Range 3, Shelf D", ,,,
3430,book,"Ramādī, Jamāl al-Dīn; رمادي, جمال الدين",اليمن في ركب التحرر الثوري /al-Yaman fī rakb al-taḥarrur al-thawrī.,,,1963,2026-02-06 2:02:32,101,,[al-Dār al-Qawmīyah],Cairo,ara,Rif'at al-Sa'id Library,"Range 3, Shelf D", Politics and government; Yemen (Republic),,,
3432,book,,سياستنا لتجسيد لحاضارالامة و مستقبلها: حديث الرفيق صدام حسين لمجلة ديرشبيغل المانية,,,,2026-02-06 2:02:32,,,Manshūrāt al-Thawrah,,Arabic,Rif'at al-Sa'id Library,"Range 3, Shelf D", ,,,
3434,book,,بعض المنطلقات النظرية لحزب البعث العربي الاشتراكي/Baʻḍ al-munṭalaqāt al-naẓarīyah allātī aqarrahā al-Muʼtamar al-Qawmī al-Sādis fī Tishrīn al-Awwal 1963,,,1963,2026-02-06 2:02:32,88,,Dār al-Ṭalīʿah,Dimashq,,Rif'at al-Sa'id Library,"Range 3, Shelf D", 1945-; Arab countries; Ḥizb al-Baʻth al-ʻArabī al-Ishtirākī (Syria); Iraq; Politics and government; Qiyādah al-Qawmīyah,Ḥizb al-Baʻth al-ʻArabī al-Ishtirākī (Syria),,OCLC: 33302303
3436,book,روبرت ثيوبالد; Robert Theobald,الاغنياء والفقراء/al-Aghniyāʾ wa-al-fuqarāʾ,,,,2026-02-06 2:02:32,,,al-Dār al-Qawmīyah li-l-Ṭibāʿah wa-l-Nashr/الدار القومية للطباعة والنشر,Cairo,Arabic,Rif'at al-Sa'id Library,"Range 3, Shelf D", ,,,OCLC: 235992939
3438,book,"Jawad, Kadhim",Two debates on Palestine,,,1978,2026-02-06 2:02:32,,,Ministry of Information,Place of publication not identified,English,Rif'at al-Sa'id Library,"Range 3, Shelf D", ,,,OCLC: 1313716642
3440,book,"Seidman, Judy",Face-lift apartheid : South Africa after Soweto,978-0-904759-39-6,,1980,2026-02-06 2:02:32,,,International Defence and Aid Fund for Southern Africa,London,,Rif'at al-Sa'id Library,"Range 3, Shelf D", Race relations; South Africa,,,OCLC: 7869529
3442,book,unknown,Qaḍāyā al-khilāf fī al-Ḥizb al-Shuyū'ī al-Sūri,,,1972,2026-02-06 2:02:32,422,,Dār Ibn Khaldūn,Bayrūt,,Rif'at al-Sa'id Library,"Range 3, Shelf D", Al-Ḥizb al-Shuyū'ī al-Sūrī,,,OCLC: 39993462
3444,book,"السعيد, رفعت.; al-Saʿīd, Rifʿat.",al-Ṣiḥāfah al-yasārīyah fī Miṣr 1925-1948/الصحافة اليسارية في مصر ١٩٢٥-١٩٤٨,,,1974,2026-02-06 2:02:32,,,Dār al-Ṭalīʿah/دار الطليعة,Bairūt,,Rif'at al-Sa'id Library,"Range 3, Shelf D", ,,,OCLC: 784183221
3446,book,"السعيد, رفعت.; al-Saʿīd, Rifʿat.",al-Ṣiḥāfah al-yasārīyah fī Miṣr 1950-1952/الصحافة اليسارية في مصر١٩٥٠-١٩٥٢,,,1981,2026-02-06 2:02:32,,,Dār al-Ṭalīʿah/دار الطليعة,Bairūt,,Rif'at al-Sa'id Library,"Range 3, Shelf D", ,,,OCLC: 784183221
3448,book,"ʻAbd al-Ḥamīd, Fawzī; ʻAbd al-Ḥamīd, Fawzī",Taṭawwur al-mujtamaʻ al-Yūghūslāfī,,,1963,2026-02-06 2:02:32,,Kutub siyāsīyah ; 324,al-Dār al-Qawmīyah,al-Qāhirah,,Rif'at al-Sa'id Library,"Range 3, Shelf D", ,,,OCLC: 23507853
3450,book,"سعد, احمد صادق; رمضان, عبد العظيم محمد إبراهيم",Ṣafaḥāt min al-yasār al-miṣrī fī aʿqāb al-ḥarb al-ʿālamīyah al-thāniyah/صفحات من اليسار المصري في اعقاب الحرب العالمية الثانية: 1945-1946,,,1967,2026-02-06 2:02:32,,,مكتبة مدبولي،,القاهرة,ara,Rif'at al-Sa'id Library,"Range 3, Shelf D", الاشتراكية; السياسة والحكومة; مصر,,"رمضان, عبد العظيم محمد إبراهيم",OCLC: 784307721
3452,book,"Buwārī, Ilyās; بواري, الياس",Tārīkh al-ḥarakah al-ʻummālīyah wa-al-niqābīyah fī Lubnān 1947-1970/تاريخ الحركة العمالية والنقابية في لبنان ١٩٤٧-١٩٧٠,,2104-8681,1986,2026-02-06 2:02:27,,,Dār al-Fārābī,Bayrūt,ara,Rif'at al-Sa'id Library,"Range 3, Shelf C", History; Labor and laboring classes; Labor unions; Lebanon,,,LC : 86172288 OCLC : (OCoLC)21048681 OCLC : (OCoLC)ocm21048681
3454,book,"Naddāf, ʻImād",Khālid Bakdāsh yataḥaddath: ḥawla baʻḍ qaḍāyā al-tārīkh wa-al-fikr wa-al-siyāsah wa-al-adab,,,1993,2026-02-06 2:02:27,216,,Dār al-Ṭalīʻah,Dimashq ;,ara,Rif'at al-Sa'id Library,"Range 3, Shelf C"," Bakdāsh, Khālid; Foreign relations; Politics and government; Statesmen; Syria",,,OCLC : (OCoLC)ocm31671763
3456,book,,Wathāʾiq inshiqāq al-Ḥizb al-Shuyūʿī al-Sūrī/وثائق انشقاق الحزب الشيوعي السوري,,,,2026-02-06 2:02:27,,,,,,Rif'at al-Sa'id Library,"Range 3, Shelf C", ,,,
3458,book,ʿAbd al-Raḥmān Munīf/عبد الرحمان منيف,al-nafṭ wa-l-tanmiyah: majallah tuʿnā bi-shuʾūn al-nafṭ wa-l-tanmiyah fī al-waṭan al-ʿarabī wa-l-ʿālam/النفط و التنمية مجلة تعني بشؤون النفط و التنمية في وطن العربي و العالم,,,1977,2026-02-06 2:02:27,,,Dār al-Thawrah li-l-Ṣiḥāfah wa-l-Nashr/دار الثورة لصحافة و النشر,,,Rif'at al-Sa'id Library,"Range 3, Shelf C", ,,,
3460,book,ʿAbd al-Raḥmān Munīf/عبد الرحمان منيف,al-nafṭ wa-l-tanmiyah: majallah tuʿnā bi-shuʾūn al-nafṭ wa-l-tanmiyah fī al-waṭan al-ʿarabī wa-l-ʿālam/النفط و التنمية مجلة تعني بشؤون النفط و التنمية في وطن العربي و العالم,,,1977,2026-02-06 2:02:27,,,Dār al-Thawrah li-l-Ṣiḥāfah wa-l-Nashr/دار الثورة لصحافة و النشر,,,Rif'at al-Sa'id Library,"Range 3, Shelf C", ,,,
3462,book,"Jazamātī, Nadhīr","Musāhamah fī naqd al-ḥarakāt al-siyāsīyah fī Sūrīyā wa- Lubnān: al-Ḥizb al-Shuyūʻī al-Sūrī, 1924-1958.",,,1990,2026-02-06 2:02:27,418,,N. Jazmātī,Dimashq,ara,Rif'at al-Sa'id Library,"Range 3, Shelf C", History; Ḥizb al-Shuyūʻī al-Sūrī; Lebanon; Politics and government; Syria,,,OCLC : (OCoLC)ocm28128935
3464,book,ʿAbd al-Raḥmān Munīf/عبد الرحمان منيف,al-nafṭ wa-l-tanmiyah: majallah tuʿnā bi-shuʾūn al-nafṭ wa-l-tanmiyah fī al-waṭan al-ʿarabī wa-l-ʿālam/النفط و التنمية مجلة تعني بشؤون النفط و التنمية في وطن العربي و العالم,,,1979,2026-02-06 2:02:27,,,Dār al-Thawrah li-l-Ṣiḥāfah wa-l-Nashr/دار الثورة لصحافة و النشر,,,Rif'at al-Sa'id Library,"Range 3, Shelf C", ,,,
3466,book,ʿAbd al-Raḥmān Munīf/عبد الرحمان منيف,al-nafṭ wa-l-tanmiyah: majallah tuʿnā bi-shuʾūn al-nafṭ wa-l-tanmiyah fī al-waṭan al-ʿarabī wa-l-ʿālam/النفط و التنمية مجلة تعني بشؤون النفط و التنمية في وطن العربي و العالم,,,1978,2026-02-06 2:02:27,,,Dār al-Thawrah li-l-Ṣiḥāfah wa-l-Nashr/دار الثورة لصحافة و النشر,,,Rif'at al-Sa'id Library,"Range 3, Shelf C", ,,,
3468,book,ʿAbd al-Raḥmān Munīf/عبد الرحمان منيف,al-nafṭ wa-l-tanmiyah: majallah tuʿnā bi-shuʾūn al-nafṭ wa-l-tanmiyah fī al-waṭan al-ʿarabī wa-l-ʿālam/النفط و التنمية مجلة تعني بشؤون النفط و التنمية في وطن العربي و العالم,,,1977,2026-02-06 2:02:27,,,Dār al-Thawrah li-l-Ṣiḥāfah wa-l-Nashr/دار الثورة لصحافة و النشر,,,Rif'at al-Sa'id Library,"Range 3, Shelf C", ,,,
3470,book,ʿAbd al-Raḥmān Munīf/عبد الرحمان منيف,al-nafṭ wa-l-tanmiyah: majallah tuʿnā bi-shuʾūn al-nafṭ wa-l-tanmiyah fī al-waṭan al-ʿarabī wa-l-ʿālam/النفط و التنمية مجلة تعني بشؤون النفط و التنمية في وطن العربي و العالم,,,1977,2026-02-06 2:02:27,,,Dār al-Thawrah li-l-Ṣiḥāfah wa-l-Nashr/دار الثورة لصحافة و النشر,,,Rif'at al-Sa'id Library,"Range 3, Shelf C", ,,,
3472,book,ʿAbd al-Raḥmān Munīf/عبد الرحمان منيف,al-nafṭ wa-l-tanmiyah: majallah tuʿnā bi-shuʾūn al-nafṭ wa-l-tanmiyah fī al-waṭan al-ʿarabī wa-l-ʿālam/النفط و التنمية مجلة تعني بشؤون النفط و التنمية في وطن العربي و العالم,,,1975,2026-02-06 2:02:27,,,Dār al-Thawrah li-l-Ṣiḥāfah wa-l-Nashr/دار الثورة لصحافة و النشر,,Arabic,Rif'at al-Sa'id Library,"Range 3, Shelf C", ,,,
3474,book,"Ḥannā, ʻAbd Allāh","al-Ittijāhāt al-fikrīyah fī Sūrīyah wa-Lubnān, 1920-1945/ الاتجاهات الفكرية في سوريا ولبنان، 1920-1945",,,1973,2026-02-06 2:02:27,189,,Dār al-Taqaddum al-ʻArabī,Dimashq,ara,Rif'at al-Sa'id Library,"Range 3, Shelf C", History; Intellectual life; Lebanon; Political science; Socialism; Syria,,,OCLC: 13893547
3476,book,"عز الدين, أمين","Tārīkh al-ṭabaqah al-ʿāmilah al-miṣrīyah, 1919–1929: min al-thawrah al-waṭanīyah ilā al-azmah al-iqtiṣādīyah/ تاريخ الطبقة العاملة المصرية ، ١٩١٩-١٩٢٩: من الثورة الوطنية الى الازمة الاقتصادية",,,1970,2026-02-06 2:02:27,,,دار الشعب،,القاهرة,ara,Rif'at al-Sa'id Library,"Range 3, Shelf C", 20th century; Egypt; History; Labor unions; Working class; איגודים מקצועיים מצרים$$8en; מעמד העובדים מצרים היסטוריה המאה ה-20$$8en; اتحادات العمال مصر$$8en; الطبقة العاملة مصر التاريخ القرن ٢٠$$8en,,,OCLC: 1158719217
3478,book,"Dakrūb, Muḥammad","Judhūr al-sindiyānah al-ḥamrā', 1924-1931",,,1984,2026-02-06 2:02:27,567,,Dār al-Farābī,Bayrūt,ara,Rif'at al-Sa'id Library,"Range 3, Shelf C", Ḥizb al-Shuyūʻī al-Lubnānī,,,OCLC: 9517040
3480,book,ʿAbd al-Raḥmān Munīf/عبد الرحمان منيف,al-nafṭ wa-l-tanmiyah: majallah tuʿnā bi-shuʾūn al-nafṭ wa-l-tanmiyah fī al-waṭan al-ʿarabī wa-l-ʿālam/النفط و التنمية مجلة تعني بشؤون النفط و التنمية في وطن العربي و العالم,,,1976,2026-02-06 2:02:27,,,Dār al-Thawrah li-l-Ṣiḥāfah wa-l-Nashr/دار الثورة لصحافة و النشر,,,Rif'at al-Sa'id Library,"Range 3, Shelf C", ,,,
3482,book,فخري كريم; Fakhri Karim,النهج / al-Nahj,,,1989,2026-02-06 2:02:27,,,Markaz al-Abhath wa-al-Dirasat al-Ishtirakiyah fi al-'Alam al-'Arabi,,da,Rif'at al-Sa'id Library,"Range 3, Shelf C", ,,,
3484,book,لجنة شؤون العربية الخارجية والامة القومي; Lajnat shuʾūn al-ʿArabīyah al-khārijīyah wa-al-ummah al-qawmī,"سلسلة تقارير مجلس الشورى تقرير رقم ٨ علاقات المصرية الافريقية/Silsilat taqārīr Majlis al-Shūrā, taqrīr raqm 8: ʿalāqāt al-miṣrīyah al-ifrīqīyah",,,,2026-02-06 2:02:27,,,مطبوعات الشعب,,,Rif'at al-Sa'id Library,"Range 3, Shelf C", ,,,
3486,book,لطفي واكد; فريدة النقاش,Adab wa-naqd/أدب و نقد,,,1989,2026-02-06 2:02:27,,,حزب التجمع الوطني التقدمي الوحدوي,,Arabic,Rif'at al-Sa'id Library,"Range 3, Shelf C", ,,,
3488,book,"ذبيان, سامي",Īrān wa-al-Khumaynī: munṭalaqāt al-thawrah wa-ḥudūd al-taghyīr/ايران والخميني: منطلقات الثورة وحدود التغيير,,,1979,2026-02-06 2:02:27,,,شركة المسيرة،,بيروت,ara,Rif'at al-Sa'id Library,"Range 3, Shelf C", الخميني، روح الله كتاب الأمر بالمعروف والنهي عن المنكر; السياسة والحكومة; ايران,,,OCLC: 784459496
3490,book,Ḥusayn Masarā/حسين مسرة,al-Ṭarīq: fikrīyah siyāsīyah/الطريق فكرية سياسية,,,1984,2026-02-06 2:02:27,,,,Bairūt,,Rif'at al-Sa'id Library,"Range 3, Shelf C", ,,,OCLC: 1413458092
3492,book,,Avrasya dosyası :uluslararası ilişkiler ve stratejik araştırmalar dergisi-Arap Dünyası Özel,,,2000,2026-02-06 2:02:27,283,,Avrasya Bir Vakfı,Ankara,Turkish,Rif'at al-Sa'id Library,"Range 3, Shelf C", ,,,OCLC: 1030063254
3494,book,"al-Sūrī, Muʾtamar lil-Ḥizb al-Shuyūʻī","Wathāʾiq al-muʾtamar al-thālith lil-Ḥizb al-Shuyūʻī al-Sūrī, Ḥazīrān 1969/ وثائق المؤتمر الثالث للحزب الشيوعي السوري، حزيران ١٩٦٩.",,,1969,2026-02-06 2:02:27,320,,Damascus,,,Rif'at al-Sa'id Library,"Range 3, Shelf C", ,,,12816171
3496,book,,National Geographic,,,1991,2026-02-06 2:02:27,,,,,English,Rif'at al-Sa'id Library,"Range 3, Shelf C", ,,,
3498,book,Theodoara S. Mackay,Middle East Studies Association Bulletin,,,1987,2026-02-06 2:02:27,,,Middle East Studies Association,,English,Rif'at al-Sa'id Library,"Range 3, Shelf C", ,,,OCLC: 602658780
3500,book,ʿAbd al-Raḥmān Munīf/عبد الرحمان منيف,al-nafṭ wa-l-tanmiyah: majallah tuʿnā bi-shuʾūn al-nafṭ wa-l-tanmiyah fī al-waṭan al-ʿarabī wa-l-ʿālam/النفط و التنمية مجلة تعني بشؤون النفط و التنمية في وطن العربي و العالم,,,1978,2026-02-06 2:02:27,,,Dār al-Thawrah li-l-Ṣiḥāfah wa-l-Nashr/دار الثورة لصحافة و النشر,,Arabic,Rif'at al-Sa'id Library,"Range 3, Shelf C", ,,,
3502,book,ʿAbd al-Raḥmān Munīf/عبد الرحمان منيف,al-nafṭ wa-l-tanmiyah: majallah tuʿnā bi-shuʾūn al-nafṭ wa-l-tanmiyah fī al-waṭan al-ʿarabī wa-l-ʿālam/النفط و التنمية مجلة تعني بشؤون النفط و التنمية في وطن العربي و العالم,,,1980,2026-02-06 2:02:27,,,Dār al-Thawrah li-l-Ṣiḥāfah wa-l-Nashr/دار الثورة لصحافة و النشر,,,Rif'at al-Sa'id Library,"Range 3, Shelf C", ,,,
3504,book,"Ḥulw, Yūsuf Khaṭṭār",Awrāq min tārīkhinā/اوراق من تاريخنا,,,1988,2026-02-06 2:01:53,,,Bayrūt: Dār al-Fārābī,,ARA,Rif'at al-Sa'id Library,"Range 3, Shelf B", ,,,OCLC: 23699492
3506,book,"Nimr, Nasīb/نسيب نمر",فلسفة الحركة الوطنية التحررية /Falsafat al-ḥarakah al-waṭanīya al-taḥarrurīyah,,,1972,2026-02-06 2:01:53,,,Dār ar-Rāʼid al-ʻArabī/دار الرائد العربي,Bayrūt,ARA,Rif'at al-Sa'id Library,"Range 3, Shelf B", ,,,OCLC: 235992578
3508,book,Karīm Baqrādūnī.,‏/Laʻnat waṭan : min ḥarb Lubnān ilá ḥarb al-Khalījلعنة وطن من حرب لبنان إلى حرب الخليج,,,1991,2026-02-06 2:01:53,263 p. ; 24 cm.,,Abr al-Sharq lil-Manshūrāt,Bayrūt,Arabic,Rif'at al-Sa'id Library,"Range 3, Shelf B", ,,,OCLC: 33924404
3510,book,وزارة التخطيط و تكوين الأطر و تكوين المهنى,السكان القنونيون للمغرب حسب احصاء العام للكسان و السكنى لسنة 1982 /al-sukkān al-qanūniyūn li-l-Maghrib ḥasab iḥṣāʾ al-ʿāmm li-l-kussān wa-l-suknā li-sanat 1982/The legal population of Morocco according to the general population and housing census of the year 1982.,,,1983,2026-02-06 2:01:53,,,,,,Rif'at al-Sa'id Library,"Range 3, Shelf B", ,,,
3512,book,"Ismael, Tareq Y.","Governments and politics of the contemporary Middle East [by] Tareq Y. Ismael, with contributions from A.M. Abu-Hakima ... [et al.].",,,1970,2026-02-06 2:01:53,x+495,Dorsey series in political science,Dorsey Press,"Homewood, Ill",eng,Rif'at al-Sa'id Library,"Range 3, Shelf B", Middle East; Moyen-Orient; Politics and government; Politique et gouvernement,,,LC : 78112831 OCLC : (OCoLC)95907
3514,book,"Shāwī, Niqūlā; نقولا شاوي",Ṭarīqī ilá al-ḥizb,,,1984,2026-02-06 2:01:53,351,,Dār al-Fārābī,Bayrūt,ara,Rif'at al-Sa'id Library,"Range 3, Shelf B"," 1946-; Communists; Ḥizb al-Shuyūʻī al-Lubnānī; Lebanon; Politics and government; Shawī, Niqūlā, 1912-1983; حزب الشيوعي اللبناني; نقولا شاوي",,,LC : 86961612 OCLC : (OCoLC)23924189
3516,book,"Madeian, Artin; مادويان, ارتين; Ḥāwī, Jūrj; حاوي, جورج",Ḥayāh ʻalá al-mitrās: dhikrayāt wa-mushāhadāt,,,1986,2026-02-06 2:01:53,,,Dār al-Fārābī,Bayrūt,ara,Rif'at al-Sa'id Library,"Range 3, Shelf B"," Armenians; Arméniens; Biographies; Biography; Communists; Lebanon; Lebanon$$QArmenians; Lebanon$$QCommunists; Liban; Liban$$QArméniens; Madeian, Artin, 1904-",,"Ḥāwī, Jūrj; حاوي, جورج",
3518,book,"Tamadonfar, Mehran; Bloomsbury","Islamic law and governance in contemporary Iran: transcending Islam for social, economic, and political order",978-1-6669-9928-0,,2015,2026-02-06 2:01:53,,,Lexington Books,Lanham,eng,Rif'at al-Sa'id Library,"Range 3, Shelf B", 1979-1997; 1997-; Constitutional law; Iran; Islam; Islamic influences; Law; Politics and government; Religious aspects; Since 1979,,Bloomsbury,LC : 2015010732 ISBN : 1-66699-928-8 OCLC : (OCoLC)910553985
3520,book,,الانتفاضة من خلال البينات القيادة الوطنية/ al-intifāḍa min khilāl al-bayyināt al-qiyāda al-waṭaniyya,,,,2026-02-06 2:01:53,,,Sharika Funūn al-Rasm wa-l-Nashr wa-l-Ṣaḥāfa /شكرة فنون الرسم و النشر و الصحافة,"Kasbah, Tunisia",,Rif'at al-Sa'id Library,"Range 3, Shelf B", ,,,
3522,book,"عثمان, عوض; ʿUthmān, ʿAwaḍ",العلاقات الليبية الأمريكية/al-ʿalāqāt al-Lībiyya al-Amrīkiyya 1940-1992,,,1994,2026-02-06 2:01:53,542 ص. ؛ 24 سم,,مركز الحضارة العربية,Cairo,,Rif'at al-Sa'id Library,"Range 3, Shelf B", ,,,OCLC: 949403620
3524,book,"Küçük, Fazıl; İncirli, Çiler; Sayıl, Altay",Mücadelemizin görkemli günleri / [Fazıl Küçük] ; yayına hazırlayan Çiler İncirli ; derleyen Altay Sayıl.,,,1998,2026-02-06 2:01:53,,,Kuzey Kıbrıs Türk Cumhuriyeti Dışişleri ve Savunma Bakanlığı Tanıtma Dairesi,,Turkish,Rif'at al-Sa'id Library,"Range 3, Shelf B"," Cyprus -- History -- 20th century; Cyprus -- History -- Cyprus Crisis, 1963; Cyprus -- History -- Cyprus Crisis, 1974-",,,OCLC: 949385868
3526,book,"Ismael, Tareq Y.; Ismael, Jacqueline S.",Iraq in the twenty-first century: regime change and the making of a failed state,978-1-138-83133-9,,2015,2026-02-06 2:01:53,,Durham modern Middle East and Islamic world series,Routledge,New York,eng,Rif'at al-Sa'id Library,"Range 3, Shelf B"," 2003-; 21st century; Failed states; Influence; Iraq; Iraq War, 2003-2011; Political culture; Politics and government; Postwar reconstruction; Social conditions",,"Ismael, Jacqueline S.",LC : 2014025516 ISBN : 9781138831339 ISBN : 1138831336 OCLC : (OCoLC)892620295
3528,book,"Ismael, Tareq Y.; Haddad, William W.",Iraq: the human cost of history,9786611750183,,2004,2026-02-06 2:01:53,vi+269,,Pluto Press,London ;,eng,Rif'at al-Sa'id Library,"Range 3, Shelf B"," 1989-; Causes; Iraq War, 2003-2011; Politics and government; United States",,,
3530,book,"Ismael, Tareq Y.; Rippin, Andrew",Islam in the eyes of the West: images and realities in an age of terror,978-1-136-99018-2,,2010,2026-02-06 2:01:53,301,Durham modern Middle East and Islamic world series,Routledge,"New York, NY",eng,Rif'at al-Sa'id Library,"Range 3, Shelf B"," East and West; Islam; Jihad; Public opinion; Relations; Religious aspects; Terrorism; War on Terrorism, 2001-2009",,,ISBN : 1-136-99018-6 ISBN : 1-136-99019-4 ISBN : 1-282-73334-6 ISBN : 9786612733345 ISBN : 0-203-85438-1 OCLC : (OCoLC)646788506 OCLC : (OCoLC)650086555 ISBN : 0-415-69791-3 ISBN : 0-415-56414-X
3532,book,"Ismael, Tareq Y.; Ismael, Jacqueline S.; Ismael, Shereen T.",Government and Politics of the Contemporary Middle East: Continuity and Change,978-0-415-49144-0,,2011,2026-02-06 2:01:53,xv+461,,Routledge,London ;,eng,Rif'at al-Sa'id Library,"Range 3, Shelf B", 1979-; Midden-Oosten; Middle East; Politics and government,,,LC : 2010007850 ISBN : 9780415491440 (hardback) ISBN : 0415491444 (hardback) ISBN : 9780415491457 (pbk.) ISBN : 0415491452 (pbk.) ISBN : 9780203847459 (e-book) ISBN : 0203847458 (e-book) OCLC : (OCoLC)308216124
3534,book,"Ismael, Tareq Y.; Aydın, Mustafa",Turkey's foreign policy in the 21st century: a changing role in world politics,978-0-7546-3501-7,,2003,2026-02-06 2:01:53,xvi+224,,Ashgate,"Aldershot, Hants, England ;",eng,Rif'at al-Sa'id Library,"Range 3, Shelf B", 1980-; Foreign relations; Turkey,,,OCLC : (OCoLC)50676681
3536,book,"Ismael, Tareq Yousif 194-; إسماعيل, طارق ي; Ismael, Jacqueline S.","al-Ḥukūmah wa-al-siyāsah fī al-islām, الحكومة والسياسة في الإسلام",,,1996,2026-02-06 2:01:53,168,,Dar at-taḍāmun,Bairūt,ara,Rif'at al-Sa'id Library,"Range 3, Shelf B", ,,"Ismael, Jacqueline S.",
3538,book,"Ismael, Tareq Yousif",The International Relations of the Middle East in the 21st century patterns of continuity and change,978-0-7546-1506-4,,2000,2026-02-06 2:01:53,400,,Aldershot [etc.] Ashgate,,English,Rif'at al-Sa'id Library,"Range 3, Shelf B", Internationale Politik Relations internationales Internationale Politik 20e siècle (fin) Genre/Form: Aufsatzsammlung Aufsatzsammlung [Études diverses],,,OCLC: 1443876836
3540,book,Eastern Mediterranean University,"International Conference on Middle East and North Cyprus Relations: Perspectives in Political, Economic and Strategic Issues",,,2008,2026-02-06 2:01:53,,Center for Strategic Studies,,,,Rif'at al-Sa'id Library,"Range 3, Shelf B", ,,,
3542,book,"Ismael, Tareq Y.",The communist movement in the Arab world,978-0-415-34851-5,,2005,2026-02-06 2:01:53,x+209,Durham modern Middle East and Islamic world series,RoutledgeCurzon,London ;,eng,Rif'at al-Sa'id Library,"Range 3, Shelf B", 20th century; Arab countries; Communism; Communist parties; History,,,
3544,book,Network of Egyptian Professional Women,Egyptian women in social development: a resource guide,978-977-424-184-0,,1988,2026-02-06 2:01:46,xv+346,,American University in Cairo Press,"Cairo, Egypt",eng,Rif'at al-Sa'id Library,"Range 3, Shelf A", Egypt; Women in community development; Women in the professions; Women social scientists; Women volunteers in social service,,,
3546,book,Middle East Studies Association of North America,Middle East Studies Association bulletin.,,,1990,2026-02-06 2:01:46,,,Middle East Studies Association of North America,"New York, N.Y",eng,Rif'at al-Sa'id Library,"Range 3, Shelf A",Étude et enseignement; Middle East; Moyen-Orient; Periodicals; Study and teaching ,,,
3548,book,"Ḥabīb, Kamāl al-Saʻīd; حبيب, كمال السعيد",تحولات الحركة الإسلامية والإستراتيجية الأمريكية/Taḥawwūlāt al-ḥarakah al-Islāmīyah wa-al-istirātījīyah al-Amrīkīyah,,,2006,2026-02-06 2:01:46,300,,Dār Miṣr al-Maḥrūsah,"ʻĀbidīn, al-Qāhirah",ara,Rif'at al-Sa'id Library,"Range 3, Shelf A", 20th century; Arab countries; Foreign relations; History; Islam and politics; Islam and state; Politics and government; United States,,,
3550,book,"Saʻīd, Rifʻat; سعيد, رفعت","مصر، أفغانستان، الصومال : الدولة المدنية. وشعار الخلافة/Miṣr, Afghānistān, al-Ṣūmāl: al-dawlah al-madanīyah-- wa-shiʻār al-khilāfah",978-977-5130-71-6,,2009,2026-02-06 2:01:46,115,,Sharikat al-Amal lil-Ṭibāʻah wa-al-Nashr,al-Qāhirah,ara,Rif'at al-Sa'id Library,"Range 3, Shelf A", 20th century; 21st century; Afghanistan; Democracy; Egypt; Islam; Islam and politics; Islam and state; Somalia,,,
3552,book,Ḥusayn Murūwah/حسين مروة; ʻAbbās Bayḍūn/عباس بيضون,ولدت شيخا وأموت طفلا : سيرة ذاتية في حديث اجراه معه عباس بيضون /Wulidtu shaykhan wa-amūtu ṭiflan : sīrah dhātīyah fī ḥadīth ajrāhu maʻahu ʻAbbās Bayḍūn,,,1990,2026-02-06 2:01:46,,,Dār al-Farābī,"Bayrūt, Lubnān",,Rif'at al-Sa'id Library,"Range 3, Shelf A"," Biography; Ḥizb al-Shuyūʻī (Lebanon); ʻĀmil Mountains Region (Lebanon); Lebanon; Murūwah, Ḥusayn; Politicians",,,
3554,book,"Ghazālī/غزالي, ʻAbd al-Munʻim/عبد المنعم",75 ʻāman min tārīkh al-ḥarakah al-niqābīyah al-Miṣrīyah / ٧٥ عاما من تاريخ الحركة النقابية المصرية,,,1991,2026-02-06 2:01:46,452,,al-ʻArabī lil-Nashr wa-al-Tawzīʻ,al-Qāhirah,ara,Rif'at al-Sa'id Library,"Range 3, Shelf A", Egypt; History; Labor unions,,,
3556,book,"Adʹham/أدهم, ʻAlī/علي",Ḥaqīqat al-Shuyūʻīyah/حقيقة الشيوعية,,,1976,2026-02-06 2:01:46,160,,al-Maktab al-Miṣrī al-Ḥadīth/ المكتب المصري الحديث,al-Iskandarīyah/الأسكندرية,ara,Rif'at al-Sa'id Library,"Range 3, Shelf A", Communism,,,OCLC: 16839770
3558,book,"Murquṣ, Ilyās; الياس مرقص","١٨٥٠-١٩١٨ المارسكية ش الشرق/al-Mārksīyah wa-al-Sharq, 1850-1918/",,,1968,2026-02-06 2:01:46,,Silsilat al-siyāsah wa-al-mujtamaʻ.,Dār al-Ṭalīʻah lil-Ṭibāʻah wa-al-Nashr,Bayrūt,ara,Rif'at al-Sa'id Library,"Range 3, Shelf A", Asia; Communism; Dialectical materialism; Soviet Union,,,
3560,book,Middle East Studies Association of North America,Middle East Studies Association bulletin.,,,1989,2026-02-06 2:01:46,,,Middle East Studies Association of North America,"New York, N.Y",eng,Rif'at al-Sa'id Library,"Range 3, Shelf A", Étude et enseignement; Middle East; Moyen-Orient; Periodicals; Study and teaching,,,
3562,book,"ʻAbd al-Fattāḥ, Fatḥī; عبد الفتاح, فتحي",شيوعيون وناصريون /Shuyūʻīyūn wa-Nāṣirīyūn,,,1975,2026-02-06 2:01:46,269,Kitāb al-dhahabī,Maktabat Rūz al-Yūsuf,Cairo,ara,Rif'at al-Sa'id Library,"Range 3, Shelf A"," Biography; Egypt; ʻAbd al-Fattāḥ, Fatḥī; Journalists; Political prisoners",,,
3564,book,"Murquṣ, Ilyās; مرقص, الياس",الحزب الشيوعية الفرنسي وقضية الجزائر/al-Ḥizb al-Shuyūʻī al-Faransī wa-qaḍīyat al-Jazāʼir,,,1959,2026-02-06 2:01:46,,Mufakkir al-ʻArabī,Dār al-Ṭalīʻah,al-Qāhirah,ara,Rif'at al-Sa'id Library,"Range 3, Shelf A", Algeria; Parti communiste français; Politics and government,,,
3566,book,,"دراسات عربية مجلة فكرية اقتصادية اجتماعية/ Arab Studies A Monthly Cultural, Economic & Social Review",,,1969,2026-02-06 2:01:46,,,Dār al-Ṭalīʻah,Beirut,ara,Rif'at al-Sa'id Library,"Range 3, Shelf A", ,,,
3568,book,"Murquṣ, Ilyās; الياس مرقص",عفوية النظرية في العمل الفدائي/ʻAfwīyat al-naẓarīyah fī al-ʻamal al-Fidāʼī,,,1970,2026-02-06 2:01:46,350,Naqd al-fikr al-muqāwim,Dār al-Ḥaqīqah,Bayrūt,ara,Rif'at al-Sa'id Library,"Range 3, Shelf A", Arab-Israeli conflict; Economic conditions; Marxian economics; Palestine,,,
3570,book,محمد ابراهيم كامل; Muḥammad Ibrāhīm Kāmil,Ḥuqūq al-insān wa-taʾakhkhur Miṣr/حقوق الانسان و تأخر مصر,977-5421-01-2,,,2026-02-06 2:01:46,,,Markaz al-Dirāsāt wa-al-Maʿlūmāt al-Qānūnīyah li-Ḥuqūq al-Insān,Cairo,,Rif'at al-Sa'id Library,"Range 3, Shelf A", ,,,
3572,book,"Murūwah, Karīm; Aḥmad, ʻĀdil",Ḥiwārāt: mufakkirūn ʻArab yunāqishūn Karīm Murūwah fī al-qawmīyah wa-al-ishtirākīyah wa-al-dīmūqrāṭīyah wa-al-dīn wa-al-thawrah,,,1990,2026-02-06 2:01:46,588,,Dār al-Fārābī,Bayrūt,ara,Rif'at al-Sa'id Library,"Range 3, Shelf A"," 1945-; Arab countries; Communism; Democracy; Ḥizb al-Shuyūʻī al-Lubnānī; Islam and state; Murūwah, Karīm; Nationalism; Politics and government",,,
3574,book,محمد عمارة; Muḥammad ʿImāra,al-Islām wa-al-marʾa fī rāy al-imām Muḥammad ʿAbduh/الاسلام والمرأة في رأي الامام محمد عبده,,,1997,2026-02-06 2:01:46,,,al-Dār al-Rashad,Cairo,ara,Rif'at al-Sa'id Library,"Range 3, Shelf A",Women in Islam المرأة في الاسلام; محمد عبده، 1849-1905,,,
3576,book,"مرقص, الياس; Murquṣ, Ilyās; Lenin, Vladimir Ilʹich",نظرية الحزب عند لينين والموقف العربي الراهن/Naẓarīyat al-ḥizb ʻinda Līnīn wa-al-mawqif al-ʻarabī al-rāhin,,,1970,2026-02-06 2:01:46,,al-Maktabah al-Ishtirākīyah,Dār al-Ḥaqīqah,Bayrūt,ara,Rif'at al-Sa'id Library,"Range 3, Shelf A"," Arab countries; Communism; History; Lenin, Vladimir Ilʹich, 1870-1924",,"Lenin, Vladimir Ilʹich",
3578,book,Markaz Ibn Khaldūn lil-Dirāsāt al-Inmāʼīyah,al-Mujtamaʻ al-madanī wa-al-taḥawwul al-dīmuqrāṭī fī al-waṭan al-ʻArabī: al-taqrīr al-sanawī/المجتمع المدني والتحول الديمقراطي في الوطن العربي : التقرير السنوي.,,1110-2667,1993,2026-02-06 2:01:46,,,Markaz Ibn Khaldūn ; Dār Suʻād al-Ṣabāḥ,"al-Qāhirah : al-Ṣafāt, al-Kuwayt",ara,Rif'at al-Sa'id Library,"Range 3, Shelf A", 1945-; Arab countries; Democracy; Periodicals; Politics and government,,,Publication Title: al-Mujtamaʻ al-madanī wa-al-taḥawwul al-dīmuqrāṭī fī al-waṭan al-ʻArabī : al-taqrīr al-sanawī.
3580,book,,Wathāʾiq al-Muʾtamar al-sādis/ وثائق المؤتمر السادس,,,1988,2026-02-06 2:01:46,,,al-Ḥizb al-Shuyūʿī al-Sūrī,Damascus,,Rif'at al-Sa'id Library,"Range 3, Shelf A", ,,,٢١-٢٩ كنون الثاني ١٩٨٧
3582,book,,حوار مع فكر حوسين مروة / مجموعة من الكتاب والمفكرين العرب/  Ḥiwār maʻa fikr Ḥūsayn Murūwah/ majmūʻah min al-Kuttāb wa-al-mufakkirīn al-ʻArab.,,,1990,2026-02-06 2:01:46,349 p.,,Bayrūt: Dār al-Fārābī,,,Rif'at al-Sa'id Library,"Range 3, Shelf A", ,,,
3584,book,"Raḍwān, Ṭāhā ʻAbd al-ʻAlīm; عبد العليم، طه; Maḥmūd, Aḥmad Ibrāhīm; محمود، أحمد ابراهيم; ʻAbd al-Badī, Aḥmad ʻAbbās; عبد البديع، أحمد عباس",١٩٩٢-ندوة انهيار الاتحاد السوڤيتي وتأثيره على الوطن العربي : القاهرة ٢٢-٢٣ فبراير  /Inhiyār al-Ittiḥād al-Sūvyītī wa-taʾthīruhu ʻalá al-waṭan al-ʻArabī: al-Qāhirah 22-23 Fabrāyir 1992,978-977-227-008-8,,1993,2026-02-06 2:01:46,327,,"al-Ahrām, Markaz al-Dirāsāt al-Siyāsīyah wa-al-Istirātījīyah",Cairo],ara,Rif'at al-Sa'id Library,"Range 3, Shelf A", Arab countries; Commonwealth of Independent States; Congresses; Foreign relations; Former Soviet republics; Relations; Soviet Union,,,
3586,book,"مرقص, الياس; Murquṣ, Ilyās",الماركسية اللينينية والتطور العالمي والعربي في برنامج الحزب الشيوعي اللبناني وفي نقدنا لهذه البرنامج /al-Mārksīyah al-Līnīnīyah wa-al-taṭawwur al-ʻālamī wa-al-ʻArabī fī barnāmaj al-Ḥizb al-Shuyūʻī al-Lubnānī wa-fī naqdinā li-hādhā al-barnāmaj,,,1970,2026-02-06 2:01:46,,,Dār al-Ḥaqīqah,Bayrūt,ara,Rif'at al-Sa'id Library,"Range 3, Shelf A", Communism; Communist parties; Ḥizb al-Shuyūʻī al-Lubnānī; Lebanon,,,
3588,book,"Marie-Thérèse, Sister",War in Jerusalem,,,1967,2026-02-06 20:52:39,,,,Amman,eng,Rif'at al-Sa'id Library,"Range 2, Shelf D", ,,,OCLC: 931832820
3590,book,"Rahman, Asaad Abdel",A prisoner of the Israelis,,,1969,2026-02-06 20:55:10,99,,Middle East Research Centre,Ottawa,eng,Rif'at al-Sa'id Library,"Range 2, Shelf D"," Biographies; Biography; Israel; Israël; Political prisoners; Prisonniers politiques; Prisons; Rahman, Asaad Abdel",,,OCLC: 15971489
3592,book,"Hussein, Saddam",One common trench? or two opposite ones?,,3137-5200,1977,2026-02-06 20:58:20,,,Arab Ba'th Socialist Party,Baghdad,eng,Rif'at al-Sa'id Library,"Range 2, Shelf D", Communism; History; Irak; Iraq; Politics and government; Politique et gouvernement,,,OCLC: 31375200
3594,book,"ʿAbd al-Nāṣir/عبدالناصر, Jamāl/جمال",Al-Mīthāq/الميثاق,,,1962,2026-02-06 21:01:59,,,Al-Jumhūriyya al-ʿArabiyya al-Muttaḥida/الجمهورية العربية المتحدة,Al-Qāhira/ القاهرة,ara,Rif'at al-Sa'id Library,"Range 2, Shelf D", ,,,
3596,book,"Shumays/شميس, ʻAbd al-Munʻim/عبد المنعم",Thawratunā fī ʻāmihā al-tāsiʻ/ثورتنا في عامها التاسع,,,1961,2026-02-06 21:16:59,,Kutub qawmīyah/كتب قومية,,Al-Qāhira/ القاهرة,ara,Rif'at al-Sa'id Library,"Range 2, Shelf D", Egypt; Égypte; Politics and government; Politique et gouvernement,,,OCLC: 23488054
3598,book,,Facts about Korea,,,1963,2026-02-06 21:21:14,,,Korea Information Service,Seoul,eng,Rif'at al-Sa'id Library,"Range 2, Shelf D", Korea (South),,,OCLC: 1295987
3600,book,"ʿAbd al-Raḥmān/عبد الرحمن, ʿAbd al-Muʿizz/عبد المعز",Al-Thawra al-Thaqāfiyya fī 11 ʿĀman/الثورة الثقافية في ١١ عاما,,,1963,2026-02-06 21:25:54,,Kutub Qawmiyya/ كتب قومية,Al-Dār al-Qawmiyya li-l-Ṭibāʿa wa-l-Nashr/الدار القومية للطباعة والنشر,Al-Qāhira/ القاهرة,ara,Rif'at al-Sa'id Library,"Range 2, Shelf D", Egypt; Intellectual life. Geistesleben Ägypten; Revolution,,,OCLC: 835464930
3602,book,"Ṣabrī/صبري, ʻAlī/علي","Bayān al-Sayyid ʻAlī Ṣabrī, Raʾīs al-Wuzarāʾ amām Majlis al-Ummah, 17 November sanat [1964]/بيان السيد علي صبري، رئيس الوزراء أمام مجلس الأمة، 17 نوفمبر سنة [1964].",,,1964,2026-02-06 21:33:56,,,Maṣlaḥat al-Istiʻlāmāt/مصلحة الستعلامات,Cairo,ara,Rif'at al-Sa'id Library,"Range 2, Shelf D", Economic policy; Egypt; Social policy,,,OCLC: 122983769
3604,book,"ʿAbd al-Nāṣir/عبدالناصر, Jamāl/جمال",Khiṭāb al-Raʾīs Jamāl ʿAbd al-Nāṣir fī al-Muʾtamar al-Qimma al-Ifrīqī bi-Addīs Abābā yawm 24 Māyū 1963/خطاب الرئيس جمال عبد الناصر في المؤتمر القمة الأفريقي بأديس أبابا يوم 24 مايو 1963,,,1963,2026-02-06 21:36:47,,,Maṣlaḥat al-Istiʿlāmāt/مصلحة الاستعلامات,Al-Qāhira/ القاهرة,ara,Rif'at al-Sa'id Library,"Range 2, Shelf D", ,,,
3606,book,"ʿAbd al-Nāṣir/عبدالناصر, Jamāl/جمال","Khuṭab al-Raʾīs Jamāl ʿAbd al-Nāṣir fī Muʾtamarāt al-Ishtirākī al-ʿArabī bi-Asyūṭ wa-l-Minyā wa-Shibīn al-Kawm wa-l-Manṣūra, Māris 1965/خطب الرئيس جمال عبدالناصر في مؤتمرات الاشتراكي العربي بأسيوط و المنيا وشبين الكوم و المنصورة، مارس 1965",,,1965,2026-02-06 21:42:52,,,Maṣlaḥat al-Istiʿlāmāt/مصلحة الاستعلامات,Al-Qāhira/ القاهرة,ara,Rif'at al-Sa'id Library,"Range 2, Shelf D", ,,,
3608,book,"Al-Khūrī/الخوري, Luṭfī/لطفي","Al-Turāth al-Shaʿbī: Majalla Fūlklūriyya Tuṣdiruhā Shahrīyan Wizārat al-Thaqāfa wa-l-Iʿlām fī al-Jumhūriyya al-ʿIrāqiyya, al-ʿAdad al-Thānī, al-Sanah al-Thālitha 1971/التراث الشعبي : مجلة فولكلورية تصدرها شهريا وزارة الثقافة والاعلام في الجمهورية العراقية، العدد الثاني، السنة الثالثة، 1971",,,1971,2026-02-06 21:50:08,,,Dār al-Ḥurriyya li-l-Ṭibāʿa/دار الحرية للطباعة,Baghdād/بغداد,ara,Rif'at al-Sa'id Library,"Range 2, Shelf D", ,,,OCLC: 1026517602
3610,book,"Al-Khūrī/الخوري, Luṭfī/لطفي","Al-Turāth al-Shaʿbī: Majalla Fūlklūriyya Tuṣdiruhā Shahrīyan Wizārat al-Thaqāfa wa-l-Iʿlām fī al-Jumhūriyya al-ʿIrāqiyya, al-ʿAdad al-Awwal, al-Sanah al-Khāmisa 1974/التراث الشعبي : مجلة فولكلورية تصدرها شهريا وزارة الثقافة والاعلام في الجمهورية العراقية، العدد الأول، السنة الخامسة 1974",,,1974,2026-02-06 21:58:14,,,Dār al-Ḥurriyya li-l-Ṭibāʿa/دار الحرية للطباعة,Baghdād/بغداد,ara,Rif'at al-Sa'id Library,"Range 2, Shelf D", ,,,OCLC: 1026517602
3612,book,"Al-Khūrī/الخوري, Luṭfī/لطفي","Al-Turāth al-Shaʿbī: Majalla Fūlklūriyya Tuṣdiruhā Shahrīyan Wizārat al-Thaqāfa wa-l-Iʿlām fī al-Jumhūriyya al-ʿIrāqiyya, al-ʿAdad al-Thānī wa-l-Thālith, al-Sanah al-Khāmisa 1974/التراث الشعبي : مجلة فولكلورية تصدرها شهريا وزارة الثقافة والاعلام في الجمهورية العراقية، العدد الثاني و الثالث، السنة الخامسة 1974",,,1974,2026-02-06 22:01:17,,,Dār al-Ḥurriyya li-l-Ṭibāʿa/دار الحرية للطباعة,Baghdād/بغداد,ara,Rif'at al-Sa'id Library,"Range 2, Shelf D", ,,,OCLC: 1026517602
3614,book,"Al-Khūrī/الخوري, Luṭfī/لطفي","Al-Turāth al-Shaʿbī: Majalla Fūlklūriyya Tuṣdiruhā Shahrīyan Wizārat al-Thaqāfa wa-l-Iʿlām fī al-Jumhūriyya al-ʿIrāqiyya, al-ʿAdad al-Tāsiʿ, al-Sanah al-Khāmisa 1974/التراث الشعبي : مجلة فولكلورية تصدرها شهريا وزارة الثقافة والاعلام في الجمهورية العراقية، العدد التاسع، السنة الخامسة 1974",,,1974,2026-02-06 22:03:35,,,Dār al-Ḥurriyya li-l-Ṭibāʿa/دار الحرية للطباعة,Baghdād/بغداد,ara,Rif'at al-Sa'id Library,"Range 2, Shelf D", ,,,OCLC: 1026517602
3616,book,"Al-Khūrī/الخوري, Luṭfī/لطفي","Al-Turāth al-Shaʿbī: Majalla Fūlklūriyya Tuṣdiruhā Shahrīyan Wizārat al-Thaqāfa wa-l-Iʿlām fī al-Jumhūriyya al-ʿIrāqiyya, al-ʿAdad al-ʿĀshir, al-Sanah al-Khāmisa 1974/التراث الشعبي : مجلة فولكلورية تصدرها شهريا وزارة الثقافة والاعلام في الجمهورية العراقية، العدد العاشر، السنة الخامسة 1974",,,1974,2026-02-06 22:06:51,,,Dār al-Ḥurriyya li-l-Ṭibāʿa/دار الحرية للطباعة,Baghdād/بغداد,ara,Rif'at al-Sa'id Library,"Range 2, Shelf D", ,,,OCLC: 1026517602
3618,book,"ʻAysamī, Shiblī; Ḥizb al-Baʻth al-ʻArabī al-Ishtirākī",The Ba'th Party: the period of its foundation (1940-49),978-84-399-7958-6,,1977,2026-02-06 22:09:06,,,,,eng,Rif'at al-Sa'id Library,"Range 2, Shelf D", History; Ḥizb al-Baʻth al-ʻArabī al-Ishtirākī (Syria); Politics and government; Syria,,Ḥizb al-Baʻth al-ʻArabī al-Ishtirākī,OCLC: 36426181
3620,book,"Al-Khūrī/الخوري, Luṭfī/لطفي","Al-Turāth al-Shaʿbī: Majalla Fūlklūriyya Tuṣdiruhā Shahrīyan Wizārat al-Thaqāfa wa-l-Iʿlām fī al-Jumhūriyya al-ʿIrāqiyya, al-ʿAdad al-Thānī, al-Sanah al-Thāniya ʿAshar 1981/التراث الشعبي : مجلة فولكلورية تصدرها شهريا وزارة الثقافة والاعلام في الجمهورية العراقية، العدد الثاني، السنة الثانية عشرة 1981",,,1981,2026-02-06 22:10:15,,,Dār al-Ḥurriyya li-l-Ṭibāʿa/دار الحرية للطباعة,Baghdād/بغداد,ara,Rif'at al-Sa'id Library,"Range 2, Shelf D", ,,,OCLC: 1026517602
3622,book,"Munīf/منيف, ʿAbd al-Raḥman/عبدالرحمن",Al-Naft wa-l-Tanmiyya: Majalla Tuʿnā bi-Shuʾūn al-Naft wa-l-Tanmiyya fī al-Waṭan al-ʿArabī wa-l-ʿĀlam/النفط والتنمية: مجلة تعنى بشؤون النفط والتنمية في الوطن العربي والعالم، العدد الثامن، السنة الثالثة 1978,,,1978,2026-02-06 22:13:07,,,OAPEC منظمة الأقطار العربية المصدرة للنفط,,ara,Rif'at al-Sa'id Library,"Range 2, Shelf D", ,,,
3624,book,"Munīf/منيف, ʿAbd al-Raḥman/عبدالرحمن",Al-Naft wa-l-Tanmiyya: Majalla Tuʿnā bi-Shuʾūn al-Naft wa-l-Tanmiyya fī al-Waṭan al-ʿArabī wa-l-ʿĀlam/النفط والتنمية: مجلة تعنى بشؤون النفط والتنمية في الوطن العربي والعالم، العدد السابع، السنة الثالثة 1978,,,1978,2026-02-06 22:15:44,,,OAPEC منظمة الأقطار العربية المصدرة للنفط,,ara,Rif'at al-Sa'id Library,"Range 2, Shelf D", ,,,
3626,book,"Munīf/منيف, ʿAbd al-Raḥman/عبدالرحمن",Al-Naft wa-l-Tanmiyya: Majalla Tuʿnā bi-Shuʾūn al-Naft wa-l-Tanmiyya fī al-Waṭan al-ʿArabī wa-l-ʿĀlam/النفط والتنمية: مجلة تعنى بشؤون النفط والتنمية في الوطن العربي والعالم، العددالحادي عشر، السنة الرابعة، 1979,,,1979,2026-02-06 22:16:15,,,OAPEC منظمة الأقطار العربية المصدرة للنفط,,ara,Rif'at al-Sa'id Library,"Range 2, Shelf D", ,,,
3628,book,"Munīf/منيف, ʿAbd al-Raḥman/عبدالرحمن",Al-Naft wa-l-Tanmiyya: Majalla Tuʿnā bi-Shuʾūn al-Naft wa-l-Tanmiyya fī al-Waṭan al-ʿArabī wa-l-ʿĀlam/النفط والتنمية: مجلة تعنى بشؤون النفط والتنمية في الوطن العربي والعالم، العدد السابع، السنة الثالثة 1978,,,1978,2026-02-06 22:17:35,,,OAPEC منظمة الأقطار العربية المصدرة للنفط,,ara,Rif'at al-Sa'id Library,"Range 2, Shelf D", ,,,
3630,book,"Al-Khūrī/الخوري, Luṭfī/لطفي","Al-Turāth al-Shaʿbī: Majalla Fūlklūriyya Tuṣdiruhā Shahrīyan Wizārat al-Thaqāfa wa-l-Iʿlām fī al-Jumhūriyya al-ʿIrāqiyya, al-ʿAdad al-Tāsiʿ, al-Sanah al-Rābiʿa,1973/التراث الشعبي : مجلة فولكلورية تصدرها شهريا وزارة الثقافة والاعلام في الجمهورية العراقية، العدد التاسع، السنة الرابعة 1973",,,1973,2026-02-06 22:17:47,,,Dār al-Ḥurriyya li-l-Ṭibāʿa/دار الحرية للطباعة,Baghdād/بغداد,ara,Rif'at al-Sa'id Library,"Range 2, Shelf D", ,,,OCLC: 1026517602
3632,book,"Al-Khūrī/الخوري, Luṭfī/لطفي","Al-Turāth al-Shaʿbī: Majalla Fūlklūriyya Tuṣdiruhā Shahrīyan Wizārat al-Thaqāfa wa-l-Iʿlām fī al-Jumhūriyya al-ʿIrāqiyya, al-ʿAdad al-ʿĀshir, al-Sanah al-Rābiʿa 1973/التراث الشعبي : مجلة فولكلورية تصدرها شهريا وزارة الثقافة والاعلام في الجمهورية العراقية، العدد العاشر، السنة الرابعة 1973",,,1973,2026-02-06 22:20:18,,,Dār al-Ḥurriyya li-l-Ṭibāʿa/دار الحرية للطباعة,Baghdād/بغداد,ara,Rif'at al-Sa'id Library,"Range 2, Shelf D", ,,,OCLC: 1026517602
3634,book,"Al-Khūrī/الخوري, Luṭfī/لطفي","Al-Turāth al-Shaʿbī: Majalla Fūlklūriyya Tuṣdiruhā Shahrīyan Wizārat al-Thaqāfa wa-l-Iʿlām fī al-Jumhūriyya al-ʿIrāqiyya, al-ʿAdad al-Sādis wa-l-Sābiʿ, al-Sanah al-Khāmisa 1974/التراث الشعبي : مجلة فولكلورية تصدرها شهريا وزارة الثقافة والاعلام في الجمهورية العراقية، العدد السادس و السابع، السنة الخامسة 1974",,,1974,2026-02-06 22:22:20,,,Dār al-Ḥurriyya li-l-Ṭibāʿa/دار الحرية للطباعة,Baghdād/بغداد,ara,Rif'at al-Sa'id Library,"Range 2, Shelf D", ,,,OCLC: 1026517602
3636,book,"Al-Khūrī/الخوري, Luṭfī/لطفي","Al-Turāth al-Shaʿbī: Majalla Fūlklūriyya Tuṣdiruhā Shahrīyan Wizārat al-Thaqāfa wa-l-Iʿlām fī al-Jumhūriyya al-ʿIrāqiyya, al-ʿAdad al-Awwal, al-Sanah al-Khāmisa 1974/التراث الشعبي : مجلة فولكلورية تصدرها شهريا وزارة الثقافة والاعلام في الجمهورية العراقية، العدد الاول، السنة الخامسة 1974",,,1974,2026-02-06 22:29:46,,,Dār al-Ḥurriyya li-l-Ṭibāʿa/دار الحرية للطباعة,Baghdād/بغداد,ara,Rif'at al-Sa'id Library,"Range 2, Shelf D", ,,,OCLC: 1026517602
3638,book,"Munīf/منيف, ʿAbd al-Raḥman/عبدالرحمن",Al-Naft wa-l-Tanmiyya: Majalla Tuʿnā bi-Shuʾūn al-Naft wa-l-Tanmiyya fī al-Waṭan al-ʿArabī wa-l-ʿĀlam/النفط والتنمية: مجلة تعنى بشؤون النفط والتنمية في الوطن العربي والعالم، العدد الاول، السنة الثانية 1976,,,1976,2026-02-06 22:33:19,,,OAPEC منظمة الأقطار العربية المصدرة للنفط,,ara,Rif'at al-Sa'id Library,"Range 2, Shelf D", ,,,
3640,book,"Munīf/منيف, ʿAbd al-Raḥman/عبدالرحمن",Al-Naft wa-l-Tanmiyya: Majalla Tuʿnā bi-Shuʾūn al-Naft wa-l-Tanmiyya fī al-Waṭan al-ʿArabī wa-l-ʿĀlam/النفط والتنمية: مجلة تعنى بشؤون النفط والتنمية في الوطن العربي والعالم، العدد السادس، السنة الثالثة 1978,,,1978,2026-02-06 22:34:40,,,OAPEC منظمة الأقطار العربية المصدرة للنفط,,ara,Rif'at al-Sa'id Library,"Range 2, Shelf D", ,,,
3642,book,"Munīf/منيف, ʿAbd al-Raḥman/عبدالرحمن",Al-Naft wa-l-Tanmiyya: Majalla Tuʿnā bi-Shuʾūn al-Naft wa-l-Tanmiyya fī al-Waṭan al-ʿArabī wa-l-ʿĀlam/النفط والتنمية: مجلة تعنى بشؤون النفط والتنمية في الوطن العربي والعالم، العدد الثاني عشر، السنة الثالثة 1978,,,1978,2026-02-06 22:39:30,,,OAPEC منظمة الأقطار العربية المصدرة للنفط,,ara,Rif'at al-Sa'id Library,"Range 2, Shelf D", ,,,
3644,book,"Al-Khūrī/الخوري, Luṭfī/لطفي","Al-Turāth al-Shaʿbī: Majalla Fūlklūriyya Tuṣdiruhā Shahrīyan Wizārat al-Thaqāfa wa-l-Iʿlām fī al-Jumhūriyya al-ʿIrāqiyya, al-ʿAdad al-Tāsiʿ, al-Sanah al-Khāmisa 1974/التراث الشعبي : مجلة فولكلورية تصدرها شهريا وزارة الثقافة والاعلام في الجمهورية العراقية، العدد التاسع، السنة الخامسة 1974",,,1974,2026-02-07 2:18:34,,,Dār al-Ḥurriyya li-l-Ṭibāʿa/دار الحرية للطباعة,Baghdād/بغداد,ara,Rif'at al-Sa'id Library,"Range 2, Shelf D", ,,,OCLC: 1026517602
3646,book,"Munīf/منيف, ʿAbd al-Raḥman/عبدالرحمن",Al-Naft wa-l-Tanmiyya: Majalla Tuʿnā bi-Shuʾūn al-Naft wa-l-Tanmiyya fī al-Waṭan al-ʿArabī wa-l-ʿĀlam/النفط والتنمية: مجلة تعنى بشؤون النفط والتنمية في الوطن العربي والعالم، العدد الحادي عشر، السنة الثانية 1977,,,1977,2026-02-07 2:20:39,,,OAPEC منظمة الأقطار العربية المصدرة للنفط,,ara,Rif'at al-Sa'id Library,"Range 2, Shelf D", ,,,
3648,book,"Munīf/منيف, ʿAbd al-Raḥman/عبدالرحمن",Al-Naft wa-l-Tanmiyya: Majalla Tuʿnā bi-Shuʾūn al-Naft wa-l-Tanmiyya fī al-Waṭan al-ʿArabī wa-l-ʿĀlam/النفط والتنمية: مجلة تعنى بشؤون النفط والتنمية في الوطن العربي والعالم، العدد الحادي عشر، السنة الثالثة 1978,,,1978,2026-02-07 2:21:35,,,OAPEC منظمة الأقطار العربية المصدرة للنفط,,ara,Rif'at al-Sa'id Library,"Range 2, Shelf D", ,,,
3650,book,"Al-Khūrī/الخوري, Luṭfī/لطفي","Al-Turāth al-Shaʿbī: Majalla Fūlklūriyya Tuṣdiruhā Shahrīyan Wizārat al-Thaqāfa wa-l-Iʿlām fī al-Jumhūriyya al-ʿIrāqiyya, al-ʿAdad al-Ḥādī ʿAshar wa-l-Thānī ʿAshar 1971/التراث الشعبي : مجلة فولكلورية تصدرها شهريا وزارة الثقافة والاعلام في الجمهورية العراقية، العدد الحادي عشر و الثاني عشر، 1971",,,1971,2026-02-07 2:22:26,,,Dār al-Ḥurriyya li-l-Ṭibāʿa/دار الحرية للطباعة,Baghdād/بغداد,ara,Rif'at al-Sa'id Library,"Range 2, Shelf D", ,,,OCLC: 1026517602
3652,book,"Al-Khūrī/الخوري, Luṭfī/لطفي","Al-Turāth al-Shaʿbī: Majalla Fūlklūriyya Tuṣdiruhā Shahrīyan Wizārat al-Thaqāfa wa-l-Iʿlām fī al-Jumhūriyya al-ʿIrāqiyya, al-ʿAdad al-Sādis wa-l-Sābiʿ, al-Sanah al-Khāmisa 1974/التراث الشعبي : مجلة فولكلورية تصدرها شهريا وزارة الثقافة والاعلام في الجمهورية العراقية، العدد السادس و السابع، السنة الخامسة 1974",,,1974,2026-02-07 2:25:37,,,Dār al-Ḥurriyya li-l-Ṭibāʿa/دار الحرية للطباعة,Baghdād/بغداد,ara,Rif'at al-Sa'id Library,"Range 2, Shelf D", ,,,OCLC: 1026517602
3654,book,"Al-Khūrī/الخوري, Luṭfī/لطفي","Al-Turāth al-Shaʿbī: Majalla Fūlklūriyya Tuṣdiruhā Shahrīyan Wizārat al-Thaqāfa wa-l-Iʿlām fī al-Jumhūriyya al-ʿIrāqiyya, al-ʿAdad al-Thālith, al-Sanah al-Thālitha 1971/التراث الشعبي : مجلة فولكلورية تصدرها شهريا وزارة الثقافة والاعلام في الجمهورية العراقية، العدد الثالث، السنة الثالثة 1971",,,1971,2026-02-07 2:27:12,,,Dār al-Ḥurriyya li-l-Ṭibāʿa/دار الحرية للطباعة,Baghdād/بغداد,ara,Rif'at al-Sa'id Library,"Range 2, Shelf D", ,,,OCLC: 1026517602
3656,book,"Al-Khūrī/الخوري, Luṭfī/لطفي","Al-Turāth al-Shaʿbī: Majalla Fūlklūriyya Tuṣdiruhā Shahrīyan Wizārat al-Thaqāfa wa-l-Iʿlām fī al-Jumhūriyya al-ʿIrāqiyya, al-ʿAdad al-Thānī, al-Sanah al-Thālitha 1971/التراث الشعبي : مجلة فولكلورية تصدرها شهريا وزارة الثقافة والاعلام في الجمهورية العراقية، العدد الثاني، السنة الثالثة 1971",,,1971,2026-02-07 2:29:25,,,Dār al-Ḥurriyya li-l-Ṭibāʿa/دار الحرية للطباعة,Baghdād/بغداد,ara,Rif'at al-Sa'id Library,"Range 2, Shelf D", ,,,OCLC: 1026517602
3658,book,"Al-Khūrī/الخوري, Luṭfī/لطفي","Al-Turāth al-Shaʿbī: Majalla Fūlklūriyya Tuṣdiruhā Shahrīyan Wizārat al-Thaqāfa wa-l-Iʿlām fī al-Jumhūriyya al-ʿIrāqiyya, al-ʿAdad al-Awwal, al-Sanah al-Thālitha 1971/التراث الشعبي : مجلة فولكلورية تصدرها شهريا وزارة الثقافة والاعلام في الجمهورية العراقية، العدد الاول، السنة الثالثة 1971",,,1971,2026-02-07 2:31:10,,,Dār al-Ḥurriyya li-l-Ṭibāʿa/دار الحرية للطباعة,Baghdād/بغداد,ara,Rif'at al-Sa'id Library,"Range 2, Shelf D", ,,,OCLC: 1026517602
3660,book,"Al-Khūrī/الخوري, Luṭfī/لطفي","Al-Turāth al-Shaʿbī: Majalla Fūlklūriyya Tuṣdiruhā Shahrīyan Wizārat al-Thaqāfa wa-l-Iʿlām fī al-Jumhūriyya al-ʿIrāqiyya, al-ʿAdad al-Rābiʿ 1969/التراث الشعبي : مجلة فولكلورية تصدرها شهريا وزارة الثقافة والاعلام في الجمهورية العراقية، العدد الرابع، 1969",,,1969,2026-02-07 2:32:03,,,Dār al-Ḥurriyya li-l-Ṭibāʿa/دار الحرية للطباعة,Baghdād/بغداد,ara,Rif'at al-Sa'id Library,"Range 2, Shelf D", ,,,OCLC: 1026517602
3662,book,,The economy of Iraq development and perspectives 1958-1976-1980,978-84-399-7792-6,,1977,2026-02-07 2:37:24,191,,Ministry of Information,Baghdad,eng,Rif'at al-Sa'id Library,"Range 2, Shelf D", Economía; Iraq,,,OCLC: 432254623
3664,book,"ʿAlī/علي, ʿAlī Muḥammad/على محمد","Al-Waʿd al-Bāṭil: “Waʿd Balfūr”/ الوعد الباطل: ""وعد بلفور""",,,1960,2026-02-07 2:39:16,,,Al-Dār al-Qawmiyya li-l-Ṭibāʿa wa-l-Nashr/الدار القومية للطباعة والنشر,Al-Qāhira/ القاهرة,ara,Rif'at al-Sa'id Library,"Range 2, Shelf C", 1897-1948; 1897-1948. Zionism; History; Zionism,,,OCLC: 236015138
3666,book,"Al-Khūrī/الخوري, Luṭfī/لطفي","Al-Turāth al-Shaʿbī: Majalla Fūlklūriyya Tuṣdiruhā Shahrīyan Wizārat al-Thaqāfa wa-l-Iʿlām fī al-Jumhūriyya al-ʿIrāqiyya, al-ʿAdad al-Thālith 1969/التراث الشعبي : مجلة فولكلورية تصدرها شهريا وزارة الثقافة والاعلام في الجمهورية العراقية، العدد الثالث،1969",,,1969,2026-02-07 2:45:04,,,Dār al-Ḥurriyya li-l-Ṭibāʿa/دار الحرية للطباعة,Baghdād/بغداد,ara,Rif'at al-Sa'id Library,"Range 2, Shelf D", ,,,OCLC: 1026517602
3668,book,"Al-Khūrī/الخوري, Luṭfī/لطفي","Al-Turāth al-Shaʿbī: Majalla Fūlklūriyya Tuṣdiruhā Shahrīyan Wizārat al-Thaqāfa wa-l-Iʿlām fī al-Jumhūriyya al-ʿIrāqiyya, al-ʿAdad al-Thānī ʿAshar، 1970/التراث الشعبي : مجلة فولكلورية تصدرها شهريا وزارة الثقافة والاعلام في الجمهورية العراقية، العدد الثاني عشر،1970",,,1970,2026-02-07 2:46:33,,,Dār al-Ḥurriyya li-l-Ṭibāʿa/دار الحرية للطباعة,Baghdād/بغداد,ara,Rif'at al-Sa'id Library,"Range 2, Shelf D", ,,,OCLC: 1026517602
3670,book,"Al-Khūrī/الخوري, Luṭfī/لطفي","Al-Turāth al-Shaʿbī: Majalla Fūlklūriyya Tuṣdiruhā Shahrīyan Wizārat al-Thaqāfa wa-l-Iʿlām fī al-Jumhūriyya al-ʿIrāqiyya, al-ʿAdad al-Tāsiʿ, al-Sanah al-Rābiʿa 1973/التراث الشعبي : مجلة فولكلورية تصدرها شهريا وزارة الثقافة والاعلام في الجمهورية العراقية، العدد التاسع، السنة الرابعة 1973",,,1973,2026-02-07 2:49:10,,,Dār al-Ḥurriyya li-l-Ṭibāʿa/دار الحرية للطباعة,Baghdād/بغداد,ara,Rif'at al-Sa'id Library,"Range 2, Shelf D", ,,,OCLC: 1026517602
3672,book,"Al-Khūrī/الخوري, Luṭfī/لطفي","Al-Turāth al-Shaʿbī: Majalla Fūlklūriyya Tuṣdiruhā Shahrīyan Wizārat al-Thaqāfa wa-l-Iʿlām fī al-Jumhūriyya al-ʿIrāqiyya, al-ʿAdad al-Ḥādī ʿAshar, al-Sanah al-Rābiʿa 1973/التراث الشعبي : مجلة فولكلورية تصدرها شهريا وزارة الثقافة والاعلام في الجمهورية العراقية، العدد الحادي عشر، السنة الرابعة 1973",,,1973,2026-02-07 2:53:24,,,Dār al-Ḥurriyya li-l-Ṭibāʿa/دار الحرية للطباعة,Baghdād/بغداد,ara,Rif'at al-Sa'id Library,"Range 2, Shelf D", ,,,OCLC: 1026517602
3674,book,"Al-Khūrī/الخوري, Luṭfī/لطفي","Al-Turāth al-Shaʿbī: Majalla Fūlklūriyya Tuṣdiruhā Shahrīyan Wizārat al-Thaqāfa wa-l-Iʿlām fī al-Jumhūriyya al-ʿIrāqiyya, al-ʿAdad al-Awwal, al-Sanah al-Thālitha 1971/التراث الشعبي : مجلة فولكلورية تصدرها شهريا وزارة الثقافة والاعلام في الجمهورية العراقية، العدد الاول، السنة الثالثة 1971",,,1971,2026-02-07 2:55:01,,,Dār al-Ḥurriyya li-l-Ṭibāʿa/دار الحرية للطباعة,Baghdād/بغداد,ara,Rif'at al-Sa'id Library,"Range 2, Shelf D", ,,,OCLC: 1026517602
3676,book,"Al-Khūrī/الخوري, Luṭfī/لطفي","Al-Turāth al-Shaʿbī: Majalla Fūlklūriyya Tuṣdiruhā Shahrīyan Wizārat al-Thaqāfa wa-l-Iʿlām fī al-Jumhūriyya al-ʿIrāqiyya, al-ʿAdad al-Tāsiʿ, al-Sanah al-Thālitha 1972/التراث الشعبي : مجلة فولكلورية تصدرها شهريا وزارة الثقافة والاعلام في الجمهورية العراقية، العدد التاسع، السنة الثالثة 1972",,,1972,2026-02-07 2:57:16,,,Dār al-Ḥurriyya li-l-Ṭibāʿa/دار الحرية للطباعة,Baghdād/بغداد,ara,Rif'at al-Sa'id Library,"Range 2, Shelf D", ,,,OCLC: 1026517602
3678,book,"Mušarrafa/مشرفة, ʻAṭīya Muṣṭafā/عطية مصطفى",al-Qaḍāʼ fī l-Islām/القضاء في الإسلام,,,1966,2026-02-07 3:03:25,224,,شركة الشرق الأوسط,القاهرة,ara,Rif'at al-Sa'id Library,"Range 2, Shelf E", ,,,
3680,book,"Bisyawī/بسيوي, ʻAlī ibn Muḥammad/علي محمد","Jāmiʿ Abī al-Ḥasan al-Basīwī, al-Juzʾ al-Thālith/جامع ابي الحسن البسيوي الجزء الثالث",,,1984,2026-02-07 19:32:42,,,"Salṭanat ʻUmān, Wizārat al-Turāth al-Qawmī wa-al-Thaqāfah/سلطنة عمان، وزارة التراث القومي والثقافي",Muscat/مسقط,ara,Rif'at al-Sa'id Library,"Range 2, Shelf E", Doctrines; Islam; Islamic law,,,OCLC: 20932721
3682,book,"Kindī/كندي, Aḥmad ibn ʻAbd Allāh/ أحمد بن عبد الله; Kāshif/كاشف, Sayyidah Ismāʻīl/سيدة اسماعيل",Kitāb al-ihtidāʼ; wa-al-Muntakhab min siyar al-Rasūl wa-aʼimmat ʻulamāʼ ʻUmān/كتاب الاهتداء والمنتخب من سير الرسول وأئمة وعلماء عمان,,,1985,2026-02-07 19:36:32,277,,"Salṭanat ʻUmān, Wizārat al-Turāth al-Qawmī wa-al-Thaqāfah/سلطنة عمان، وزارة التراث القومي والثقافي",Muscat/مسقط,ara,Rif'at al-Sa'id Library,"Range 2, Shelf E"," Early works to 1800; Ibadites$$QIbadites; Imamate$$QImamate; Imams (Shiites); Muḥammad, Prophet, -632$$QMuḥammad, Prophet, -632; Oman; Oman$$QImams (Shiites); Oman$$QUlama; Ulama",,"Kāshif/كاشف, Sayyidah Ismāʻīl/سيدة اسماعيل",OCLC: 41404841
3684,book,"Bārūnī/ الباروني, Sulaymān/سليمان; Ṣulaybī/الصليبي, Muḥammad ʻAlī/محمّد علي",al-Azhār al-riyāḍīyah fī aʼimmat wa-mulūk al-Ibāḍīyah/الأزهار الرياضية في أئمة وملوك الاباضية,,,1987,2026-02-07 19:39:52,,,"Salṭanat ʻUmān, Wizārat al-Turāth al-Qawmī wa-al-Thaqāfah/سلطنة عمان، وزارة التراث القومي والثقافي",Muscat/مسقط,ara,Rif'at al-Sa'id Library,"Range 2, Shelf E", 647-1516; History; Ibadites; Morocco,,"Ṣulaybī/الصليبي, Muḥammad ʻAlī/محمّد علي",OCLC: 20392751
3686,book,"Bisyawī/بسيوي, ʻAlī ibn Muḥammad/علي محمد","Jāmiʿ Abī al-Ḥasan al-Basīwī, al-Juzʾ al-Rābiʿ/جامع ابي الحسن البسيوي الجزء الرابع",,,1984,2026-02-07 19:41:42,,,"Salṭanat ʻUmān, Wizārat al-Turāth al-Qawmī wa-al-Thaqāfah/سلطنة عمان، وزارة التراث القومي والثقافي",Muscat/مسقط,ara,Rif'at al-Sa'id Library,"Range 2, Shelf E", Doctrines; Islam; Islamic law,,,OCLC: 20932721
3688,book,"Qandī/قندي, Samar/سمر; Ḥadīthī/حديثي, Muḥammad Jāsim/محمد جاسم",Kitāb al-Shurūṭ wa-ʿUlūm al-Ṣukūk/كتاب الشروط و علوم الصكوك,,,1987,2026-02-07 19:52:43,620,,Dār al-Shuʾūn al-Thaqāfiyya al-ʿĀmma/دار الشؤون الثقافية العامة,Baghdād/بغداد,ara,Rif'at al-Sa'id Library,"Range 2, Shelf E", ,,,OCLC: 1158687771
3690,book,"Khūlī, Samḥah Amīn",The function of music in Islamic culture in the period up to 1100 A.D.,978-977-01-0353-1,,1984,2026-02-07 20:01:56,162,,General Egyptian Book Organization,Cairo,eng,Rif'at al-Sa'id Library,"Range 2, Shelf E", History and criticism; Islamic music,,,OCLC: 21335522
3692,book,"Ḥusayn/حسين, Muḥammad al-Khaḍir/محمد الخضر",Ṭāʾifat al-Qādiyāniyya/طائفة القاديانية,,,1932,2026-02-07 20:03:34,,,Al-Maṭbaʿa al-Salafiyya wa-Maktabatuhā/ المطبعة السلفية ومكتبتها,Al-Qāhira/ القاهرة,ara,Rif'at al-Sa'id Library,"Range 2, Shelf E", Badawiyah. Badawiyah,,,OCLC: 235993581
3694,book,"Khayr/خير, Muḥammad Aḥmad Ḥāmid Muḥadd/محمد احمد حامد محد",Iḥdharū Hādhihi al-Daʿwa: Naqṣ Dīnī li-Daʿwat al-Turābī al-Tajdīdiyya/ احذروا هذه الدعوة نقص ديني لدعوة الترابي التجديدية,,,,2026-02-07 20:10:43,,,,,ara,Rif'at al-Sa'id Library,"Range 2, Shelf E", ,,,
3696,book,Al-Ikhwān al-Jumhūriyyūn/الإخوان الجمهوريون,Ḥaythiyyāt al-Maḥkama al-ʿUlyā fī Qaḍiyyat al-Ustādh Maḥmūd Muḥammad Ṭāhā: Intiṣār li-l-Ḥaqq wa-Daḥḍ li-l-Ḥukm al-Muhzila/حيثيات المحكمة العليا في قضية الأستاذ محمود محمد طه: إنتصار للحق ودحض للحكم المهزلة,,,1986,2026-02-07 20:20:32,,,,,ara,Rif'at al-Sa'id Library,"Range 2, Shelf E", 20e siècle; Procès politiques; Soudan,,,OCLC: 1227708718
3698,book,"Bayūmī/بيومي, Zakariyā Sulaymān/زكريا سليمان",Al-Tayyārāt al-Siyāsiyya wa-l-Ijtimāʿiyya bayna al-Mujaddidīn wa-l-Muḥāfiẓīn: Dirāsa Tārīkhiyya fī Fikr al-Shaykh Muḥammad ʿAbduh/التيارات السياسية والاجتماعية بين المجددين والمحافظين: دراسة تاريخية في فكر الشيخ محمد عبده,,,1983,2026-02-07 20:32:27,,,Al-Hayʾa al-Miṣriyya al-ʿĀmma li-l-Kitāb/الهيئة المصرية العامة للكتاب,Al-Qāhira/ القاهرة,ara,Rif'at al-Sa'id Library,"Range 2, Shelf E", ,,,OCLC: 774059675
3700,book,"Zakī/زكي, ʻAbd al-Qādir/عبد القادر",Kitāb al-Nafḥah al-ʻalīyah fī awrād al-Shādhilī-yah/كتاب النفحة العلية في اوراد الشاذليية,,,1903,2026-02-07 20:41:55,266,,Maṭbaʻat al-Nīl/مطبعة النيل,,ara,Rif'at al-Sa'id Library,"Range 2, Shelf E", Liturgie. Shādhilīyah; Liturgy; Liturgy. Chādhilīyya; Shādhilīyah,,,OCLC: 1028998677
3702,book,Markaz Ibn Khaldūn lil-Dirāsāt al-Inmāʼīyah/مركز ابن خلدون للدراسات الإنمائية,Mujtamaʻ al-madanī wa-al-taḥawwul al-dīmuqrāṭī fī al-Waṭan al-ʻArabī/المجتمع المدني والتحول الديمقراطي في الوطن العربي : التقرير السنوي.,,1110-2667,1995,2026-02-08 2:16:38,,,Markaz Ibn Khaldūn/مركز ابن خلدون,al-Qāhirah/القاهرة,ara,Rif'at al-Sa'id Library,"Range 2, Shelf E", 1945-; 1945-$$QArab countries; Arab countries; Periodicals; Politics and government,,,OCLC: 28356116
3704,book,"Al-ʿAnānī/العناني, Ḥasan/حسن",Al-Masʾūliyya fī al-Islām wa-l-Tanmiya al-Dhātiyya/المسئولية في الإسلام و التنمية الذاتية,,,1980,2026-02-08 2:18:44,,,Al-Ittiḥād al-Duwalī li-l-Bunūk al-Islāmiyya/الاتحاد الدولي للبنوك الإسلامية,,ara,Rif'at al-Sa'id Library,"Range 2, Shelf E", ,,,OCLC: 1103741973
3706,book,United Arab Republic; Maṣlaḥatal-Istiʻlāmāt,The River Jordan and the Zionist conspiracy,,,1965,2026-02-08 2:25:42,,,Information Dept,Cairo,eng,Rif'at al-Sa'id Library,"Range 2, Shelf E", Jordan River Valley; Water resources development,,,OCLC: 8989130
3708,book,,Bayān al-ḥādī ʻashar min Ādhār ḥawla ḥall al-masʼalah al-Kurdīyah fī al-ʻIrāq/بيان الحادي عشر من آذار حول حل المسألة الكردية في العراق,,,1974,2026-02-08 2:29:27,18,Silsilah al-wathāʼiqīyah/سلسلة الوثائقية,Manshūrāt Wizārat al-Iʻlām/منشورات وزارة الإعلام,Baghdād/بغداد,ara,Rif'at al-Sa'id Library,"Range 2, Shelf E", Iraq; Kurdistān (Iraq); Kurds; Politics and government,,,OCLC: 298694439
3710,book,United Arab Republic State Information Service,World public opinion and the current aggression in the Middle East 2,,,1969,2026-02-08 2:32:29,,,,Cairo,eng,Rif'at al-Sa'id Library,"Range 2, Shelf E", Jewish-Arab relations,,,OCLC: 38605535
3712,book,United Arab Republic State Information Service,World public opinion and the current aggression in the Middle East 2,,,1969,2026-02-08 2:33:35,,,,Cairo,eng,Rif'at al-Sa'id Library,"Range 2, Shelf E", Jewish-Arab relations,,,OCLC: 38605535
3714,book,United Arab Republic,"Israeli air raid on the Bahr El-Backar primary school Sharkia Governorate, U.A.R., April 8, 1970.",,,1970,2026-02-08 2:35:41,,,"United Arab Republic, Ministry of National Guidance, State Information Service.",Cairo,eng,Rif'at al-Sa'id Library,"Range 2, Shelf E", ,,,OCLC: 150986858
3716,book,Wizārat al-Iʿlām/وزارة الاعلام,Al-Dustūr al-Muʾaqqat wa-Taʿdīluh/الدستور المؤقت و تعديله,,,1973,2026-02-08 2:40:43,,,Mudīriyyat al-Iʿlām al-ʿĀmma/مديرة الاعلام العامة,Al-Qāhira/ القاهرة,ara,Rif'at al-Sa'id Library,"Range 2, Shelf E", ,,,
3718,book,Secrétariat d'Etat à l'Information,Constitution of the Tunisian Republic,,,1958,2026-02-08 2:46:27,,,Offset Printing Works,Tunis,French,Rif'at al-Sa'id Library,"Range 2, Shelf E", ,,,OCLC: 255814293
3720,book,Maṣlaḥat al-Istiʿlāmāt/مصلحة الاستعلامات,Al-Ṣināʿa/الصناعة,,,,2026-02-08 2:49:12,,,Al-Dār al-Qawmiyya li-l-Ṭibāʿa wa-l-Nashr/الدار القومية للطباعة و النشر,,,Rif'at al-Sa'id Library,"Range 2, Shelf E", ,,,
3722,book,"Jazīlān/جزيلان, ʿAbd Allāh/ عبدالله",Al-Tārīkh al-Sirrī li-l-Thawra al-Yamaniyya min Sanat 1956 ilā Sanat 1962/ التاريخ السري للثورة اليمنية من سنة 1956 إلى سنة 1962,,,1979,2026-02-08 2:54:52,,,Maktabat Madbūlī/مكتبة مدبولي,Al-Qāhira/ القاهرة,ara,Rif'at al-Sa'id Library,"Range 2, Shelf E", ,,,OCLC: 1044615476
3724,book,United Arab Republic,The iron and steel industry,,,,2026-02-09 1:49:41,,,Information Department,Cairo,,Rif'at al-Sa'id Library,"Range 2, Shelf E", ,,,
3726,book,"ʻAqqād/عقاد, ʻAbbās Maḥmūd",ʻAbqarīyat Muḥammad/عبقرية محمد,,,1966,2026-02-09 1:53:01,158,,Dār al-Hilāl/ دار الهلال,al-Qāhirah/القاهرة,ara,Rif'at al-Sa'id Library,"Range 2, Shelf E"," Muḥammad, Prophet, -632",,,OCLC: 34684159
3728,book,"Maʻrūf/معروف, Nājī/ناجي",ʻUrūbat al-ʻulamāʼ al-mansūbīn ilá al-buldān al-aʻjamīyah fī Khurāsān/عروبة العلماء المنسوبين الى البلدان الاعجمية في خرسان,,,1976,2026-02-09 1:55:30,,Silsilat Kutub al-turāth/سلسلة كتب التراث,"Wizārat al-Iʻlām, al-Jumhūrīyah al-ʻIrāqīyah/ وزارة الاعلام الجمهورية العراقية،",Baghdād/بغداد,ara,Rif'at al-Sa'id Library,"Range 2, Shelf E", Arabs; Iran; Khurāsān; Khurāsān (Iran); Scholars,,,OCLC: 12661019
3730,book,"Dallū/ دلو, Burhān al-Dīn/برهان الدين",Musāhamah fī iʻādat kitābat al-tārīkh al-ʻArabī al-Islāmī/مساهمة في اعادة كتابة التاريخ العربي الاسلامي,,,1985,2026-02-09 2:02:19,,,al-Fārābī/ الفارابي,Bayrūt/بيروت,ara,Rif'at al-Sa'id Library,"Range 2, Shelf E", History; Islamic Empire,,,OCLC: 30476845
3732,book,"Al-Faruqi, Ismail R.",Islam,978-0-89505-022-9,,1979,2026-02-09 2:05:00,xii+83,Major world religions series,Argus Communications,Niles,eng,Rif'at al-Sa'id Library,"Range 2, Shelf E", Islam,,,OCLC: 5222222
3734,book,"Taylor, Alan R.",The Islamic question in Middle East politics,978-0-8133-7500-7,,1988,2026-02-09 2:06:59,ix+150,,Westview Press,"Boulder, Colo",eng,Rif'at al-Sa'id Library,"Range 2, Shelf E", 1945-; Islam and politics; Islamic fundamentalism; Middle East; Politics and government,,,
3736,book,"al-Maʻarrī/المعري, Abū al-ʻAlāʼ/أبو العلاء",Risālat al-ghufrān/رسالة الغفران,,,1984,2026-02-09 2:10:11,,,al-Markaz al-ʻArabī lil-Baḥth wa-al-Nashr/المركز العربي للبحث والنشر,Al-Qāhira/ القاهرة,ara,Rif'at al-Sa'id Library,"Range 2, Shelf E", ,,,OCLC: 11324815
3738,book,"ʻAzzām, ʻAbd al-Raḥmān",The eternal message of Muhammad,,,1964,2026-02-09 2:14:49,xxi+297,,Devin-Adair Co.,New York,eng,Rif'at al-Sa'id Library,"Range 2, Shelf E"," Islam; Muḥammad, Prophet, -632",,,
3740,book,"Hitti, Philip K.","Islam and the West, a historical cultural survey.",,0078-3587,1962,2026-02-09 2:17:19,192,Anvil original,Van Nostrand,"Princeton, N.J",eng,Rif'at al-Sa'id Library,"Range 2, Shelf E", East and West; Islam; Relations,,,OCLC: 783587
3742,book,"Ḥilmī/حلمي, Maḥmūd/محمود",Niẓām al-ḥukm al-Islāmī muqāranan bi-al-naẓm al-muʻāṣirah/نظام الحكم الاسلامي مقارنا بالنظم المعاصرة,,,1973,2026-02-09 2:21:41,399,,Dār al-Fikr al-ʻArabī/دار الفكر العربي,al-Qāhirah/القاهرة,ara,Rif'at al-Sa'id Library,"Range 2, Shelf E"," Islam and state; State, The",,,OCLC: 21456934
3744,book,,"Islamic thought, vol. 10, no. 1 and 2, April 1964",,4446070,1964,2026-02-09 18:29:52,,,Islamic Research Circle,Aligarh [India],eng,Rif'at al-Sa'id Library,"Range 2, Shelf E", ,,,OCLC: 1774509
3746,book,"Farrūkh/فروخ, ʿUmar/عمر",Ikhwān al-Ṣafāʾ: Dars - ʿArḍ – Taḥlīl/اخوان الصفا: درس - عرض - تحليل,,,1981,2026-02-09 18:33:34,,,دار الكتاب العربي,Bairūt/بيروت,ara,Rif'at al-Sa'id Library,"Range 2, Shelf E", ,,,OCLC: 762463109
3748,book,"Mughniyya/مغنية, Muḥammad Jawād/محمد جواد",Al-Islām wa-l-ʿAql/الاسلام و العقل,,,1967,2026-02-09 18:43:36,,,Dār al-ʿIlm li-l-Malāyīn/دار العلم للملايين,Bairūt/بيروت,ara,Rif'at al-Sa'id Library,"Range 2, Shelf E", ,,,OCLC: 784233854
3750,book,"Kawtharānī/كوثراني, Wajīh/وجيه",Al-Faqīh wa-l-Sulṭān/الفقيه و السلطان,,,1989,2026-02-09 18:51:24,,,Dār al-Rāshid/دار الراشد,Bairūt/بيروت,ara,Rif'at al-Sa'id Library,"Range 2, Shelf E", ,,,
3752,book,"Wardī/ وردي, ʻAlī/علي",Manṭiq Ibn Khaldūn fī ḍawʾ ḥaḍāratihi wa-shakhṣīyatihi/منطق ابن خلدون في ضوء حضارته وشخصيته,,,1977,2026-02-09 19:09:55,,,al-Sharikah al-Tūnisīyah lil-Tawzīʻ/الشركة التونسية للتوزيع,Tūnis/تونس,ara,Rif'at al-Sa'id Library,"Range 2, Shelf E"," History; Ibn Khaldūn, 1332-1406; Islamic Empire; Logic; Logic, Medieval",,,OCLC: 16894572
3754,book,"al-Aṣmaʻī/الاصمعي, Muḥammad ʻAbd al-Jawwād/محمد عبد الجواد",Taṣwīr wa-tajmīl al-kutub al-ʻArabīyah fī al-Islām: wa-nawābigh al-muṣawwirīm wa-al-rassāmīn min al-ʻArab fī al-ʻuṣūr al-Islāmīyah/تصوير وتجميل الكتب العربية في الاسلام : ونوابغ المصوريم والرسامين من العرب في العصور الاسلامية,,,1971,2026-02-09 19:13:06,,,Dār al-Maʻārif/دار المعارف,Miṣr/مصر,ara,Rif'at al-Sa'id Library,"Range 2, Shelf E"," Enluminure arabe; Enluminure islamique; Illumination of books and manuscripts, Arab; Islamic illumination of books and manuscripts",,,OCLC: 16139492
3756,book,"Al-Shaykh/الشيخ, Tawfīq/توفيق",ʿAn al-ʿIrāq wa-l-Ḥaraka al-Islāmiyya: Ḥiwārāt maʿa al-ʿAllāma Muḥammad Taqī al-Mudarrisī/عن العراق والحركة الاسلامية: حوارات مع العلامة محمد تقي المدرسي,,,1988,2026-02-09 19:16:19,199,,Al-Ṣafā li-l-Nashr wa-l-Tawzīʿ/الصفا للنشر و التوزيع,لندن,ara,Rif'at al-Sa'id Library,"Range 2, Shelf E", 1980. Guerre Irak-Iran (1980-1988),,,OCLC: 1035743901
3758,book,"Tibawi, Abd-al-Latif","The islamic pious foundations in Jerusalem Origins, history and usurpation by Israel",,,1978,2026-02-09 19:27:23,,,The Islamic Cultural Centre,London,English,Rif'at al-Sa'id Library,"Range 2, Shelf E", ,,,OCLC: 255652559
3760,book,"Ṣāghiyya/صاغية, Ḥāzim/حازم",Ṣirāʿ al-Islām wa-l-Butrūl fī Īrān/صراع الاسلام و البترول في ايران,,,1978,2026-02-09 19:30:44,,,دار الطليعة,Bairūt/بيروت,ara,Rif'at al-Sa'id Library,"Range 2, Shelf E", ,,,OCLC: 784459527
3762,book,"ʿImāra/عمارة, Muḥammad/محمد",Al-Islām wa-l-ʿUrūba wa-l-ʿIlmāniyya/الاسلام و العروبة و العلمانية,,,1981,2026-02-09 19:40:25,,,دار الوحدة,Bairūt/بيروت,ara,Rif'at al-Sa'id Library,"Range 2, Shelf E", ,,,OCLC: 784252414
3764,book,"Al-Sharbāṣī/الشرباصي, Aḥmad/احمد",Al-Dīn wa-l-Mīthāq/الدين و الميثاق,,,1965,2026-02-09 19:48:55,,Min al-Sharq wa-l-Gharb 140/من الشرق و الغرب 140,الدار القومية للطباعة و النشر,Al-Qāhira/ القاهرة,ara,Rif'at al-Sa'id Library,"Range 2, Shelf E", ,,,OCLC: 863066531
3766,book,"Lane, Arthur","Early Islamic pottery, Mesopotamia, Egypt and Persia.",,,1948,2026-02-09 19:57:06,,The Faber-Van Nostrand monographs on pottery and porelain.,D. Van Nostrand Co.,New York,eng,Rif'at al-Sa'id Library,"Range 2, Shelf E", Islamic pottery,,,OCLC: 1358362
3768,book,,"New outlook, vol. II, No. 8, May 1959",,0028-6427,1959,2026-02-09 20:01:10,,,Tatzpiot,Tel Aviv,eng,Rif'at al-Sa'id Library,"Range 2, Shelf F", Israel; Jewish-Arab relations; Middle East,,,OCLC: 1587013
3770,book,"State University College at Potsdam, N. Y.","Agora, Vol. 1, No. 1, Fall 1969",,0002-1016,1969,2026-02-09 20:04:26,,,State University of New York,Potsdam,eng,Rif'at al-Sa'id Library,"Range 2, Shelf F", Humanities$$QHumanities; Periodicals; Social sciences$$QSocial sciences,,,OCLC: 2094304
3772,book,"Muller, Herbert J.",Freedom in the ancient world.,,0038-7894,1961,2026-02-09 20:09:01,360,,Harper,New York,eng,Rif'at al-Sa'id Library,"Range 2, Shelf F"," Civilization, Ancient; History, Ancient; Liberty",,,OCLC: 387894
3774,book,"Humphrey, Don D.",The United States and the Common Market; a background study.,,,1963,2026-02-09 20:10:44,176,Books that matter,Praeger,New York,eng,Rif'at al-Sa'id Library,"Range 2, Shelf F", Europe; European Economic Community; Foreign economic relations; United States,,,OCLC: 505947
3776,book,"Bruce, J. Campbell",The golden door; the irony of our immigration policy.,,,1954,2026-02-09 20:12:55,244,,Random House,New York,eng,Rif'at al-Sa'id Library,"Range 2, Shelf F", Emigration and immigration; Emigration and immigration law; United States,,,OCLC: 282315
3778,book,Woodrow Wilson School of Public and International Affairs Center of International Studies,Linkage politics; essays on the convergence of national and international systems,,,1969,2026-02-09 20:15:59,,,Free Press,New York,eng,Rif'at al-Sa'id Library,"Range 2, Shelf F", International relations,"Rosenau, James N.",,OCLC: 3812
3780,book,"Sorauf, Frank J.",Political parties in the American system.,,0027-3163,1964,2026-02-09 20:19:09,xii+194,Basic studies in politics,"Little, Brown",Boston,eng,Rif'at al-Sa'id Library,"Range 2, Shelf F", Political parties; United States,,,OCLC: 273163
3782,book,"Hagopian, Mark N.",The phenomenon of revolution,978-0-396-06938-6,,1974,2026-02-09 20:21:13,,,"Dodd, Mead",New York,eng,Rif'at al-Sa'id Library,"Range 2, Shelf F", Revolutions,,,OCLC: 940316
3784,book,,Political power in Latin America: seven confrontations.,978-0-13-684977-3,,1970,2026-02-09 20:23:39,,,Prentice-Hall,"Englewood Cliffs, N.J",eng,Rif'at al-Sa'id Library,"Range 2, Shelf F", 1948-1980; Latin America; Politics and government,"Fagen, Richard R.; Cornelius, Wayne A.",,OCLC: 58746
3786,book,"Beegle, Dewey M.",Prophecy and prediction,,,1978,2026-02-09 20:26:15,,,P. Pettengill,"Ann Arbor, Mich",eng,Rif'at al-Sa'id Library,"Range 2, Shelf F", Bible; Biblical teaching; Eschatology; Prophecies,,,OCLC: 10194664
3788,book,,The Mind of modern Russia: historical and political thought of Russia's great age,,,1962,2026-02-09 20:29:36,,Harper torchbooks,Harper & Row,New York,eng,Rif'at al-Sa'id Library,"Range 2, Shelf F", 1917-; Intellectual life; Soviet Union,"Kohn, Hans",,OCLC: 18402384
3790,book,"Perham, Margery; Robinson, Kenneth; Madden, A. F.",Essays in imperial government: presented to Margery Perham,,,1963,2026-02-09 20:35:28,viii+293,,B. Blackwell,Oxford,eng,Rif'at al-Sa'id Library,"Range 2, Shelf F", Administration; Colonies; Great Britain,,,OCLC: 11723579
3792,book,"Brodie, Bernard; Rand Corporation",Strategy in the missile age,,,1959,2026-02-09 20:38:40,,,Princeton University Press,"Princeton, N.J",eng,Rif'at al-Sa'id Library,"Range 2, Shelf F", Military policy; Nuclear warfare; Strategy; United States,,Rand Corporation,OCLC: 568757
3794,book,"Wilber, Charles K.",The political economy of development and underdevelopment,978-0-394-32230-8,,1979,2026-02-12 18:56:50,x+469,,Random House,New York,eng,Rif'at al-Sa'id Library,"Range 2, Shelf F", Economic development,,,OCLC: 4036552
3796,book,"Fisher, Roger; American Academy of Arts and Sciences",International conflict and behavioral science; the Craigville papers,,,1964,2026-02-12 19:03:33,xii+290,,Basic Books,New York,eng,Rif'at al-Sa'id Library,"Range 2, Shelf F", 1955-1965; International relations; World politics,,American Academy of Arts and Sciences,OCLC: 245667
3798,book,"Rustum/رستم, Asad/أسد",al-Rūm fī siyāsatihim wa-ḥaḍāratihim wa-dīnihim wa-thaqāfatihim wa-ṣalātihim bi-al-ʻArab/الروم في سياستهم وحضارتهم ودينهم وثقافتهم وصلاتهم بالعرب,,,1965,2026-02-12 19:05:46,,,Dār al-Makshūf/دار المكشوف,Bairūt/بيروت,ara,Rif'at al-Sa'id Library,"Range 2, Shelf F", ,,,
3800,book,"Siddiqi, Amir Hassan",Studies in Islamic History,,,1967,2026-02-12 19:13:46,,,Jamiyat-ul-Falah Publications,Karachi,eng,Rif'at al-Sa'id Library,"Range 2, Shelf F", ,,,
3802,book,"Esposito, John L.",Islam and politics,978-0-8156-2322-9,,1984,2026-02-12 19:16:44,xviii+273,Contemporary issues in the Middle East,Syracuse University Press,"Syracuse, N.Y",eng,Rif'at al-Sa'id Library,"Range 2, Shelf F"," Africa, North; History; Islam and politics; Middle East; Political science; Politics and government",,,OCLC: 11090969
3804,book,"Faḍl Allāh/فضل الله, Mahdī/مهدي",Maʻa Sayyid Quṭb fī fikrihi al-sīyāsī wa-al-dīnī/مع سيد قطب في فكره السياسي والديني,,,1978,2026-02-12 19:18:51,222,,Muʼassasat al-Risālah/مؤسسة الرسالة,Bayrūt/بيروت,ara,Rif'at al-Sa'id Library,"Range 2, Shelf F"," 1900-1999; Egypt; History; Islam; Quṭb, Sayyid",,,OCLC: 19857065
3806,book,"ʿImārah/عمارة, Muḥammad/محمد",Tayyārāt al-Fikr al-Islāmī/تيارات الفكر الاسلامي,,,1983,2026-02-12 19:26:05,392,,دار المستقبل العربي,Al-Qāhira/ القاهرة,ara,Rif'at al-Sa'id Library,, Islam; Relations,,,OCLC: 1227709975
3808,book,"Shāmūq/شاموق, Aḥmad Muḥammad/ٱحمد محمد",Kayfa yufakkir al-Ikhwān al-Muslimūn?/كيف يفكر الاخوان المسلمون؟,,,1981,2026-02-13 1:58:44,,,Dār al-Jīl/دار الجيل,Bayrūt/بيروت,ara,Rif'at al-Sa'id Library,"Range 2, Shelf F", Jamʻīyat al-Ikhwān al-Muslimīn (Egypt),,,OCLC: 14085009
3810,book,"Qumayr/قمير, Yūḥannā/يوحنا",al-Falsafah al-ʿArabīyah fī kubrá qaḍāyāhā/الفلسفة العربية في كبرى قضاياها,,,1978,2026-02-13 2:03:29,,,al-Maktabah al-Sharqīyah/المكتبة الشرقية,بيروت,ara,Rif'at al-Sa'id Library,"Range 2, Shelf F", الفلسفة العربية,,,OCLC: 784204327
3812,book,"ʿImāra/عمارة, Muḥammad/محمد",al- Islām wa-qaḍāya 'l-ʿasr/الاسلام و قضايا العصر,,,1980,2026-02-13 2:06:47,159,,Dār al-Waḥda/دار الوحدة,Bairūt/بيروت,ara,Rif'at al-Sa'id Library,"Range 2, Shelf F", Islam,,,OCLC: 815900763
3814,book,"Ḥammūdah/حمودة, ʻĀdil/عادل",Ightiyāl raʼīs bi-al-wathāʼiq: asrār ightiyāl Anwar al-Sādāt/إغتيال رئيس : بالوثائق، أسرار إغتيال أنور السادات,,,1985,2026-02-13 2:09:54,351,,Sīnā lil-Nashr/سينا للنشر,al-Qāhirah/القاهرة,ara,Rif'at al-Sa'id Library,"Range 2, Shelf F"," 1970-1981; Assassination; Egypt; Politics and government; Sadat, Anwar, 1918-1981",,,OCLC: 15793738
3816,book,"Riḍā/رضا, Muḥammad Rashīd/محمد رشيد; Ībish/ايبش, Yūsuf/يوسف",Riḥlāt al-Imām Muḥammad Rashīd Riḍā/ رحلات الامام محمد رشيد رضا,,,1971,2026-02-13 2:13:53,,,al-Mūʼassasah al-ʻArabīyah lil-Dirāsāt wa-al-Nashr/ الموئسسة العربية للدراسات والنشر,Bayrūt/بيروت,ara,Rif'at al-Sa'id Library,"Range 2, Shelf F", Description and travel; Middle East; Muḥammad Rashīd Riḍā; Travel,,"Ībish/ايبش, Yūsuf/يوسف",OCLC: 56816131
3818,book,"Basyūnī/بسيوني, Ibrāhīm/ابراهيم",Nashʼat al-taṣawwuf al-Islāmī/نشأة التصوف الإسلامي,,,1969,2026-02-13 2:17:35,299,,Dār al-Maʻārif/دار المعارف,Miṣr/مصر,ara,Rif'at al-Sa'id Library,"Range 2, Shelf F", History; Sufism,,,OCLC: 21682489
3820,book,"Rustum/رستم, Asad/أسد",al-Rūm fī siyāsatihim wa-ḥaḍāratihim wa-dīnihim wa-thaqāfatihim wa-ṣalātihim bi-al-ʻArab/الروم في سياستهم وحضارتهم ودينهم وثقافتهم وصلاتهم بالعرب,,,1955,2026-02-13 2:19:33,,,Dār al-Makshūf/دار المكشوف,Bairūt/بيروت,ara,Rif'at al-Sa'id Library,"Range 2, Shelf F", ,,,
3822,book,"Muir, William","The Caliphate, its rise, decline, and fall, from original sources",,,1924,2026-02-13 2:21:10,,,J. Grant,Scotland,eng,Rif'at al-Sa'id Library,"Range 2, Shelf G", ,,,OCLC: 42762567
3824,book,"Ibrāhīm/ابراهيم, Ṭāhā/طه",Hādhā.. aw.. al-takhalluf/هذا.. أو.. التخلف,,,1986,2026-02-13 2:24:30,228,,al-Markaz al-Ṭibāʿī/المركز الطباعي,al-Kharṭūm/الخرطوم,ara,Rif'at al-Sa'id Library,"Range 2, Shelf G","Theology, Doctrinal; Twentieth century ",,,OCLC: 1180871515
3826,book,"Zakariyyā/زكريا, Fūʾād/فؤاد",al-Ḥaqīqah wa-al-wahm fī al-Ḥarakah al-Islāmīyah al-Muʿāṣirah/الحقيقة والوهم في الحركة الاسلامية المعاصرة,,,1988,2026-02-13 2:29:13,181,,Dar al-Fikr/دار الفكر,al-Qahirah/القاهرة,ara,Rif'at al-Sa'id Library,"Range 2, Shelf G", 20th century. Islam; Egypt. Islam; Egypt. Islamic fundamentalism; Islam and politics,,,OCLC: 957038522
3828,book,"Sulūm/سلوم, Tawfīq/توفيق",Naḥwa ruʼyah Mārksīyah lil-turāth al-ʻArabī/نحو رؤية ماركسية للتراث العربي,,,1988,2026-02-13 2:34:02,,,Dār al-Fikr al-Jadīd,Bayrūt/بيروت,ara,Rif'at al-Sa'id Library,"Range 2, Shelf G"," Civilization, Arab; Historical materialism; Marxian historiography; Philosophy, Arab",,,OCLC: 20489417
3830,book,"Gibb, H. A. R.",Studies on the civilization of Islam. Edited by Stanford J. Shaw and William R. Polk.,,,1962,2026-02-13 2:41:13,369,Beacon books on world affairs,Beacon Press,Boston,eng,Rif'at al-Sa'id Library,"Range 2, Shelf G", Islamic civilization,,,OCLC: 392188
3832,book,"Nuṣār/نصار, Nāṣīf/ناصيف",Mafhūm al-Ummah bayna al-dīn wa-al-tārīkh: dirāsah fī madlūl al-Ummah fī al-turāth al-ʿArabī al-Islāmī/مفهوم الأمة بين الدين و التاريخ دراسة في مدلول الأمة في التراث العربي الإسلامي,,,1978,2026-02-13 2:44:46,,,دار الطليعة,Bayrūt/بيروت,ara,Rif'at al-Sa'id Library,"Range 2, Shelf G", ,,,OCLC: 949449212
3834,book,"ʿImārah/عمارة, Muḥammad/محمد",al-Islām wa-al-sulṭah al-dīnīyah/الاسلام و السلطة الدينية,,,1980,2026-02-13 2:49:40,,,al-Muʾassasah al-ʿArabīyah li-al-dirāsāt wa-al-nashr/المؤسسة العربية للدراسات والنشر,Bayrūt/بيروت,ara,Rif'at al-Sa'id Library,"Range 2, Shelf G", ,,,OCLC: 784252429
3836,book,"al-Shanqīṭī/الشنقيطي, Muḥammad Ḥabīb Allāh/محمد حبيب الله",Ḥayāt ʿAlī ibn Abī Ṭālib/حياة علي بن أبي طالب,,,1936,2026-02-13 2:55:32,132,,Maṭbaʿah al-Istiqlāmah/مطبعة الاستقامة,,ara,Rif'at al-Sa'id Library,"Range 2, Shelf G", Imams; Islam,,,OCLC: 1227665246
3838,book,"Gibb, H. A. R.",Wither Islam?: a survey of modern movements in the Moslem world,,,1931,2026-02-13 2:59:09,384,,V. Gollancz,London,English,Rif'at al-Sa'id Library,"Range 2, Shelf G", Historia; Panislamismo. Islam; S. XX. Islam; S.XX. Panislamismo,,,OCLC: 912579860
3840,book,"Khalīl/خليل, ʿImād al-Dīn/عماد الدين",Malāmiḥ al-inqilāb al-Islāmī fī khilāfat ʿUmar ibn ʿAbd al-ʿAzīz/ ملامح الانقلاب الاسلامي في خلافة عمر بن عبد العزيز,,,1970,2026-02-13 18:39:34,,,al-Dār al-ʿIlmīyah li-al-ṭibāʿah wa-al-nashr wa-al-tawzīʿ/الدار العلمية للطباعة والنشر والتوزيع,Bayrūt/بيروت,ara,Rif'at al-Sa'id Library,"Range 2, Shelf G", إبن عبدالعزيز، عمر، الخليفة,,,OCLC: 784206933
3842,book,"al-Jumhūrīyah al-ʿIrāqīyah Wizārat al-Iʿlām/الجمهورية العراقية وزارة الاعلام; ʿAwwād/عواد, Kūrkīs/كوركيس; ʿAwwād/عواد, Mīkhāʾīl/ميخائيل; al-ʿAṭīyah/العطية, Jalīl/جليل",al-Rasāʾil al-mutabādalah bayna al-Karmalī wa-Taymūr/الرسائل المتبادلة بين الكرملي وتيمور,,,1974,2026-02-13 18:44:38,,,Dār al-Ḥurrīyah li-al-ṭibāʿah/دار الحرية للطباعة,Baghdād/بغداد,ara,Rif'at al-Sa'id Library,"Range 2, Shelf G", ,,,OCLC: 929725693
3844,book,"Riḍā/رضا, Muḥammad Rashīd/محمد رشيد; Ībish/ايبش, Yūsuf/يوسف",Riḥlāt al-Imām Muḥammad Rashīd Riḍā/ رحلات الامام محمد رشيد رضا,,,1971,2026-02-13 18:50:04,,,al-Mūʼassasah al-ʻArabīyah lil-Dirāsāt wa-al-Nashr/ الموئسسة العربية للدراسات والنشر,Bayrūt/بيروت,ara,Rif'at al-Sa'id Library,"Range 2, Shelf F", Description and travel; Middle East; Muḥammad Rashīd Riḍā; Travel,,"Ībish/ايبش, Yūsuf/يوسف",OCLC: 56816131
3846,book,"Ṣāliḥ/صالح, Qaḥṭān Rashīd/قحطان رشيد",Lubāb al-ādāb/لباب الاداب,,,1988,2026-02-13 18:51:54,,,Dār al-Shuʾūn al-Thaqāfīyah al-ʿĀmmah/دار الشؤون الثقافية العامة,Baghdād/بغداد,ara,Rif'at al-Sa'id Library,"Range 2, Shelf G"," Arabic poetry. Poets, Arab. Arabic language; Dictionaries. Genre/Form: Dictionaries; Dictionaries. Poésie arabe. Poètes arabes. Arabic language. Arabic poetry. Poets, Arab. Arabic poetry. Poets, Arab. Arabic language",,,OCLC: 713735434
3848,book,"al-Fayyāḍ/الفياض, Muḥammad Jābir/محمد جابر",al-Amthāl fī al-Qurʾān al-karīm/الأمثال في القران الكريم,,,1988,2026-02-13 18:56:32,,,Dār al-Shuʾūn al-Thaqāfīyah al-ʿĀmmah/دار الشؤون الثقافية العامة,Baghdād/بغداد,ara,Rif'at al-Sa'id Library,"Range 2, Shelf G", ,,,
3850,book,"Bin-Saʿīd/بنسعيد, Saʿīd/سعيد",Dawlat al-khilāfah: dirāsah fī al-tafkīr al-siyāsī ʻind al-Māwardī/دولة الخلافة: دراسة في التفكير السياسي عند الماوردي,,,1980,2026-02-13 19:02:25,183,,Dār al-Nashr al-Maghribī/ دار النشر المغربي,Al-Dār al-Bayḍāʼ/الدار البيضاء,ara,Rif'at al-Sa'id Library,"Range 2, Shelf G", Califato,,,OCLC: 1025561808
3852,book,"Ḥammūd/حمود, Hādī Ḥasan/هادي حسن",Manhaj al-Masʿūdī fī baḥth al-ʿaqāʾid wa-al-firaq al-dīnīyah/منهج المسعودي في بحث العقائد و الفرق الدينية,,,1984,2026-02-13 19:05:46,,,al-Maktabah al-Waṭanīyah/المكتبة الوطنية,Baghdād/بغداد,ara,Rif'at al-Sa'id Library,"range 2, shelf G", ,,,OCLC: 949517542
3854,book,"Bisyawī/بسيوي, ʻAlī ibn Muḥammad/علي محمد","Jāmiʿ Abī al-Ḥasan al-Basīwī, al-Juzʾ al-Thālith/جامع ابي الحسن البسيوي الجزء الثالث",,,1984,2026-02-13 19:09:57,,,"Salṭanat ʻUmān, Wizārat al-Turāth al-Qawmī wa-al-Thaqāfah/سلطنة عمان، وزارة التراث القومي والثقافي",Muscat/مسقط,ara,Rif'at al-Sa'id Library,"Range 2, Shelf E", Doctrines; Islam; Islamic law,,,OCLC: 20932721
3856,book,"Tīzīnī/تيزيني, Ṭayyib/طيب",Min al-turāth ilá al-thawrah: ḥawla naẓarīyah muqtaraḥah fī al-turāth al-ʻArabī/من التراث الى الثورة : حول نظرية مقترحة في التراث العرب,,,1978,2026-02-13 19:11:55,,,Dār Ibn Khaldūn/دار ابن خلدون,Bayrūt/بيروت,ara,Rif'at al-Sa'id Library,"Range 2, Shelf G", Arab countries; États arabes; Intellectual life; Vie intellectuelle,,,OCLC: 22263948
3858,book,"Khuḍūr/خضور, Adīb/أديب","al-Ṣiḥāfah al-Sūrīyah: nashʾatuhā, taṭawwuruhā, wāqiʿuhā al-rāhin/الصحافة السورية: نشأتها، تطورها، واقعها الراهن",,,,2026-02-13 19:14:37,,,Dār al-Baʿth li-al-Ṣiḥāfah/دار البعث للصحافة,Sūrīyah/سوريا,ara,Rif'at al-Sa'id Library,"Range 2, Shelf G", ,,,OCLC: 929695344
3860,book,Jāmiʿat al-Kuwayt/جامعة الكويت,"Majallat al-ʿUlūm al-Ijtimāʿiyya, al-Mujallad 25, al-ʿAdad 3, Kharīf 1997/ مجلة العلوم الاجتماعية، المجلد 25 العدد 3 خريف 1997",,,1997,2026-02-13 19:21:34,,,Majlis al-Nashr al-ʿIlmī/مجلس النشر العلمي,Al-Kuwayt/الكويت,,Rif'at al-Sa'id Library,"Range 2, Shelf G", ,,,
3862,book,American University of Beirut Alumni Association,"Middle East forum, Vol. XLV, No. 4",,,1969,2026-02-13 19:24:04,,,Alumni Association of the American University of Beirut,Beirut,eng,Rif'at al-Sa'id Library,"Range 2, Shelf G", Middle East,,,OCLC: 7936377
3864,book,American University of Beirut Alumni Association,"Middle East forum, Vol. XLV, No. 3",,,1969,2026-02-13 19:24:50,,,Alumni Association of the American University of Beirut,Beirut,eng,Rif'at al-Sa'id Library,"Range 2, Shelf G", Middle East,,,OCLC: 7936377
3866,book,American University of Beirut Alumni Association,"Middle East forum, Vol. XLIV, No. 4",,,1968,2026-02-13 19:24:57,,,Alumni Association of the American University of Beirut,Beirut,eng,Rif'at al-Sa'id Library,"Range 2, Shelf G", Middle East,,,OCLC: 7936377
3868,book,Middle East Studies Association of North America,"Middle East Studies Association bulletin, Volume XV, No. 2, December 1981",,0026-3184,1981,2026-02-13 19:26:08,,,Middle East Studies Association of North America.,New York,eng,Rif'at al-Sa'id Library,"Range 2, Shelf G", Middle East; Study and teaching,,,OCLC: 1645603
3870,book,"Ḥusūnah/حسونة, Muḥammad Aḥmad/محمد احمد",al-Jughrāfiyā al-Tārīkhīyah al-Islāmīyah/الجغرافيا التاريخية الاسلامية,,,,2026-02-13 19:30:05,,,مطبعة لجنة البيان العربي,,ara,Rif'at al-Sa'id Library,"Range 2, Shelf G", ,,,OCLC: 929686920
3872,book,"Khalīl/خليل, Muḥsin/محسن",Fī al-fikr al-iqtiṣādī al-ʿArabī al-Islāmī: dirāsah li-maqūlatay al-ʿamal wa-al-milkīyah/فى الفكر الاقتصادى العربى الاسلامى: دراسة لمقولتى العمل والملكية,,,1986,2026-02-13 19:33:51,,,دار الشؤون الثقافية العامة,Baghdād/بغداد,ara,Rif'at al-Sa'id Library,"Range 2, Shelf G", Aspect religieux; Economics; Islam; Islam. Economics; Islam. Économie politique; Religious aspects,,,OCLC: 495752678
3874,book,"al-Jābirī/الجابري, Muḥammad ʿĀbid/محمد عابد",Fikr Ibn Khaldūn al-ʿAṣabīyah wa-al-Dawlah: Maʿālim Naẓariyyah Khaldūniyyah fī al-Tārīkh al-Islāmī/فكر ابن خلدون العصبية و الدولة: معالم نظرية خلدونية في التاريخ الاسلامي,,,1992,2026-02-13 19:38:35,,,مركز دراسات الوحدة العربية,Bayrūt/بيروت,ara,Rif'at al-Sa'id Library,"Range 2, Shelf G", ,,,OCLC: 784423370
3876,book,"Johansen, Baber",The Islamic law on land tax and rent : the peasants' loss of property rights as interpreted in the Hanafite legal literature of the Mamluk and Ottoman periods,978-0-7099-1496-9,,1988,2026-02-13 19:44:21,,,"Croom Helm, Methuen",London,eng,Rif'at al-Sa'id Library,"Range 2, Shelf G",Hanafites; Islam; Real property tax (Islamic law) -- History. ,,,OCLC: 16950582
3878,book,"Surūr/سرور, Ṭāhā ʻAbd al-Bāqī/طه عبد الباقي","Khadījah, zawjat al-Rasūl/خديجة، زوجة الرسول",,,1957,2026-02-13 19:47:11,,,Dār al-Sharq al-Jadīd/دار الشرق الجديد,Al-Qāhira/ القاهرة,ara,Rif'at al-Sa'id Library,"Range 2, Shelf G"," Khadījah, -approximately 619; خديجة.",,,OCLC: 39817927
3880,book,"al-Bahī/البهي, Muḥammad/محمد",al-Fikr al-Islāmī al-Ḥadīth wa-ṣilātuh bi-al-Istiʿmār al-Gharbī/الفكر الاسلامي الحديث و صلته بالاستعمار الغربي,,,1973,2026-02-13 19:50:15,,,Dār al-Fikr/دار الفكر,Bairūt/بيروت,ara,Rif'at al-Sa'id Library,"Range 2, Shelf G", ,,,OCLC: 836575664
3882,book,Munaẓẓamah al-ʻArabīyah li-Ḥuqūq al-Insān/المنظمة العربية لحقوق الانسان,Ḥuqūq al-insān fī al-waṭan al-ʻArabī 2003/حقوق الانسان في الوطن العربي,,,2003,2026-02-13 20:00:44,,,al-Munaẓẓamah/المنظمة,al-Qāhirah/القاهرة,ara,Rif'at al-Sa'id Library,"Range 2, Shelf H", Arab countries; Civil rights; Droits de l'homme (Droit international); États arabes; Human rights,,,OCLC: 39835357
3884,book,Munaẓẓamah al-Miṣrīyah li-Ḥuqūq al-Insān/منظمة المصرية لحقوق الانسان; Markaz al-Ḥaḍārah al-ʻArabīyah lil-Iʻlām wa-al-Nashr/ مركز الحضارة العربية للإعلام والنشر,"Radd al-Munaẓẓamah al-Miṣrīyah li-Ḥūqūq al-Insān ʻalá taqrīr al-ḥūkūmah al-Miṣrīyah al-muqaddam ilá al-lajnah al-maʻnīyah bi- ḥuqūq al-insān bi-al-Umam al-Muttaḥidah: dawrat ijtimāʻāt Yūliyū 1993, Zhinīf/رد المنظمة المصرية لحقوق الإنسان على تقرير الحكومة المصرية المقدم إلى اللجنة المعنية بحقوق الانسان بالأمم المتحدة : دورة إجتماعات يوليو ٣٩٩١، چنيف.",978-977-5121-38-7,,1993,2026-02-13 20:03:14,143,,al-Munaẓẓamah/المنظمة,Al-Qāhira/ القاهرة,ara,Rif'at al-Sa'id Library,"Range 2, Shelf G", Egypt; Human rights,,,OCLC: 30336838
3886,book,"Zartūqah/زرتوقة, Ṣalāḥ Sālim/صالح سليم","Anmāṭ al-istīlāʾ ʻalá al-sulṭah fī al-duwal al-ʻArabīyah : dirāsah fī al-asālīb : al-namaṭ al-wirāthī, al-namaṭ al-inqilābī, anmāṭ ukhrá 1950-1985/أنماط الاستيلاء على السلطة في الدول العربية : دراسة في الأساليب : النمط الوراثي، النمط الانقلابي، أنماط أخرى 1950-1985",,,1992,2026-02-13 20:06:36,,,Maktabat Madbūlī/مكتبة مدبولي,al-Qāhirah/القاهرة,ara,Rif'at al-Sa'id Library,"Range 2, Shelf H", Arab countries; Politics and government,,,OCLC: 32157364
3888,book,"Ibrahim/ابراهيم, Saad Eddin/سعد الدين; Shafīq/شفيق, Sulaymān/سليمان; Markaz Ibn Khaldūn lil-Dirāsāt al-Inmāʼīyah/مركز ابن خلدون للدراسات الإنمائية",al-Milal wa-al-niḥal wa-al-aʻrāq fi al-waṭan al-ʻArabī: al-taqrīr al-sanawī al-thānī/الملل والنحل والأعراق في الوطن العربي : التقرير السنوي الثاني,978-977-279-001-2,,1995,2026-02-13 20:10:37,,,Iṣdārāt Ibn Khaldūn/إصدارات ابن خلدون,al-Qāhirah/القاهرة,ara;eng,Rif'at al-Sa'id Library,"Range 2, Shelf H", Arab countries; Congresses; Ethnic relations; Islamic sects; Minorities,,,OCLC: 54162381
3890,book,"Almond, Gabriel A.; Powell, G. Bingham",Comparative politics today: a world view,978-0-316-03488-3,,1984,2026-02-13 20:15:51,xii+563,,"Little, Brown",Boston,eng,Rif'at al-Sa'id Library,"Range 2, Shelf H", Comparative government,,,OCLC: 10072949
3892,book,Middle East Studies Association of North America,"Middle East Studies Association bulletin, Volume X No. 3, October 1, 1976",,0026-3184,1976,2026-02-13 20:17:35,,,Middle East Studies Association of North America.,New York,eng,Rif'at al-Sa'id Library,"Range 2, Shelf H", Middle East; Study and teaching,,,OCLC: 1645603
3894,book,United States Congress Senate Committee on Foreign Relations Subcommittee on Foreign Assistance,"Proposed sale of C-130's to Egypt: hearings before the Subcommittee on Foreign Assistance of the Committee on Foreign Relations, United States Senate, Ninety-fourth Congress, second session, on proposed cash sale to Egypt of six C-130 aircraft and training of Egyptian personnel, March 31, and April 2, 1976.",,,1976,2026-02-13 22:34:18,,,U.S. Govt. Print. Off.,Washington,eng,Rif'at al-Sa'id Library,"Range 2, Shelf H"," Egypt; Military assistance, American; Military policy",,,OCLC: 2455273
3896,book,"Middle East Studies Association of North America; Eikelman, Christine; Pollock, James W.","Middle East Studies Association bulletin, Volume X, 1976, Special Issue",,0026-3184,1976,2026-02-13 22:36:28,,,Middle East Studies Association of North America.,New York,eng,Rif'at al-Sa'id Library,"Range 2, Shelf H", Middle East; Study and teaching,,,OCLC: 1645603
3898,book,,Funk & Wagnalls new encyclopedia 1988 Yearbook,978-0-8343-0025-5,,1988,2026-02-13 22:39:58,27,,Funk & Wagnalls,New York,eng,Rif'at al-Sa'id Library,"Range 2, Shelf H", Encyclopedias and dictionaries,"Dickey, Norma H.; Phillips, Robert; Bram, Leon L.",,OCLC: 31821642
3900,book,"Khayāṭah/خياطة, Salīm/سليم; al-Khaṭīb/الخطيب, Muhammad Kamil/محمد كامل",al-Aʿmāl al-Kāmilah/الاعمال الكاملة,,,1990,2026-02-13 22:44:12,,,Dar al-Anwar li-al-Tiba‘ah/دار الأنوار للطباعة,Dimashq/دمشق,ara,Rif'at al-Sa'id Library,"Range 2, Shelf H", ,,,OCLC: 1014033246
3902,book,"Ḥasanī/حسني, ʻAbd al-Razzāq/عبد الرزاق",Tārīkh al-ṣiḥāfah al-ʻIrāqīyah/تاريخ الصحافة العراقية,,,1957,2026-02-13 22:50:58,,,Maṭbaʻat al-Zahrāʼ/مطبعة الزهراء,Baghdād/بغداد,ara,Rif'at al-Sa'id Library,"Range 2, Shelf H", ,,,OCLC: 23496812
3904,book,"ʿAbd al-Raḥman/عبدالرحمن, ʿAwāṭif/عواطف",Miṣr wa-Filasṭīn/مصر و فلسطين,,,1979,2026-02-13 22:54:15,,,العربي للنشر و التوزيع,Al-Qāhira/ القاهرة,ara,Rif'at al-Sa'id Library,"Range 2, Shelf H", ,,,
3906,book,"al-Gharīb/الغريب, Mīshāl/ميشال",al-Ṣiḥāfah: Tārīkhān wa-Ḥāḍiran/الصحافة: تاريخا وحاضرا,,,1978,2026-02-13 22:58:53,,,Maṭābiʿ al-Kifāḥ/مطابع الكفاح,Bayrūt/بيروت,ara,Rif'at al-Sa'id Library,"Range 2, Shelf H",Journalism ,,,OCLC: 1153481003
3908,book,"Fahīm/فهيم, ʻIzzat/عزة; Ketchum/كتشام, Richard/رتشارد",Hādhihi hiya al-shuyūʻīyah/هذه هي الشيوعية,,,1960,2026-02-14 1:19:21,150,,Dār al-Kitāb al-Miṣrī/دار الكتاب المصري,Al-Qāhira/ القاهرة,ara,Rif'at al-Sa'id Library,"Range 2, Shelf H", Communism. Socialism. Communism. Socialism,,,OCLC: 1051461757
3910,book,"Al-Jundī/الجندي, Anwar/انور",al-Ṣiḥāfah al-Siyāsīyah fī Miṣr mundhu nashʾatihā ilá al-Ḥarb al-ʿĀlamīyah al-Thāniyah/الصحافة السياسية في مصر منذ نشأتها الى الحرب العالمية الثانية,,,1962,2026-02-14 1:22:52,,,مطبعة الرسالة,Miṣr/مصر,ara,Rif'at al-Sa'id Library,"Range 2, Shelf H",Journalism ,,,OCLC: 404137613
3912,book,"Rugh, William A.",The Arab press: news media and the political process in the Arab world,978-0-8156-2191-1,,1979,2026-02-14 1:26:27,xviii+205,Contemporary issues in the Middle East,Syracuse University Press,"Syracuse, N.Y",eng,Rif'at al-Sa'id Library,"Range 2, Shelf H", Arab countries; Journalism; Political aspects; Press,,,OCLC: 5007286
3914,book,"Dajani, Nabil H.",Disoriented media in a fragmented society: the Lebanese experience,,,1992,2026-02-14 1:28:21,191,,American University of Beirut,Beirut,eng,Rif'at al-Sa'id Library,"Range 2, Shelf H", Lebanon; Mass media; Social aspects,,,OCLC: 28284921
3916,book,"Dasūqī/دسوقي, Yūsūf Muḥammad/يوسف محمد; Dasūqī/دسوقي, Muḥammad Kāmil/محمد كامل",Fī al-ṣiḥāfah/في الصحافة,,,1929,2026-02-14 1:31:10,,,s.n.,Cairo,ara,Rif'at al-Sa'id Library,"Range 2, Shelf H", Egypt; Journalism,,"Dasūqī/دسوقي, Muḥammad Kāmil/محمد كامل",OCLC: 63514531
3918,book,Mudīrīyat al-Iʻlām al-ʻĀmmah/مديرية الإعلام العامة,Dalīl al-ṣiḥāfah al-ʻIrāqīyah/دليل الصحافة العراقية,,,1971,2026-02-14 1:37:21,,,Mudīrīyat al-Iʻlām al-ʻĀmmah/مديرية الإعلام العامة,Baghdād/بغداد,ara,Rif'at al-Sa'id Library,"Range 2, Shelf H",Iraq; Journalism ,,,OCLC: 45084181
3920,book,"Haykal/هيكل, Muḥammad Ḥasanayn/محمد حسنين",Bayna al-siḥāfah wa-al-siyāsah: qiṣṣat (wa-wathāʼiq) maʻrakah gharībah fī al-ḥarb al-khafīyah/بين الصحافة والسياسة : قصة (ووثائق) معركة غريبة في الحرب الخفية,,1309-2200,1984,2026-02-14 1:40:30,452,,Sharikat al-Maṭbūʻāt/شركة المطبوعات,Bayrūt/بيروت,ara,Rif'at al-Sa'id Library,"Range 2, Shelf H","Journalism;1952-1970; Egypt; Haykal, Muḥammad Ḥasanayn; Politics and government; Press and politics",,,OCLC: 13092200
3922,book,"ʻAskar/عسكر, Iḥsān/إحسان",Taṭawwur al-siḥāfah al-Sūrīyah ; ʻarḍ lil-qawmīyah fī ṭawr al-taṭawwur min al-ʻahd al-Faransī ḥattá qiyām dawlat al-waḥdah/تطور الصحافة السورية : عرض للقومية في طور التطور من العهد الفرنسي حتى قيام دولة الوحدة,,,1973,2026-02-14 1:44:17,342,,Dār al-Nahḍah al-ʻArabīyah/دار النهضة العربية,al-Qāhirah/القاهرة,ara,Rif'at al-Sa'id Library,"Range 2, Shelf H",Journalism;Middle East; Nationalism; Press; Syria,,,OCLC: 32365712
3924,book,"Ḥamzah/حمزة, ʻAbd al-Laṭīf/عبد اللطيف",Qiṣṣat al-Ṣaḥāfah al-ʻArabīyah fī Miṣr mundh nashʼatihā ilá muntaṣaf al-qarn al-ʻishrīn/قصة الصحافة العربية في مصر منذ نشأتها الى منتصف القرن العشرين,,,1967,2026-02-14 1:46:37,228,,Maṭbaʻat al-maʻārif/مطبعة المعارف,Baghdād/بغداد,ara,Rif'at al-Sa'id Library,"Range 2, Shelf H",Journalism Egypt; History; Press,,,OCLC: 8616521
3926,book,"Abū al-Isʿād/أبو الإسعاد, Muḥammad/محمد",al-Ṣiḥāfah al-Miṣrīyah wa-tazyīf al-waʿy/الصحافة المصرية و تزييف الوعي,,,1988,2026-02-14 1:49:49,,,Dār al-Thaqāfah al-Jadīdah/دار الثقافة الجديدة,Al-Qāhira/ القاهرة,ara,Rif'at al-Sa'id Library,"Range 2, Shelf H",Journalism ,,,OCLC: 1107146935
3928,book,"Nuʻaymī/النعيمي, Ḥāzim/حازم",al-Ḥurrīyah wa-al-ṣiḥāfah fī Lubnān/الحرية والصحافة في لبنان,978-977-460-011-1,,1989,2026-02-14 1:55:14,317,Dirāsāt fī al-iʻlām/دراسات في الاعلام,al-ʻArabī lil-Nashr wa-al-Tawzīʻ/ العربي للنشر و التوزيع,al-Qāhirah/القاهرة,ara,Rif'at al-Sa'id Library,"Range 2, Shelf H",Journalism Freedom of the press; Lebanon; Press; Press law,,,OCLC: 20841653
3930,book,"Ḥamzah/حمزة, ʻAbd al-Laṭīf/عبد اللطيف",Qiṣṣat al-Ṣaḥāfah al-ʻArabīyah fī Miṣr mundh nashʼatihā ilá muntaṣaf al-qarn al-ʻishrīn/قصة الصحافة العربية في مصر منذ نشأتها الى منتصف القرن العشرين,,,1967,2026-02-14 1:57:10,228,,Maṭbaʻat al-maʻārif/مطبعة المعارف,Baghdād/بغداد,ara,Rif'at al-Sa'id Library,"Range 2, Shelf H",Journalism Egypt; History; Press,,,OCLC: 8616521
3932,book,"Qazānjī/قزانجي, Fuʼād/ فؤاد; ʻAwwād/عواد, Kūrkīs/كركيس",Marājiʻ al-kutub wa-al-maktabāt fī al-ʻIrāq: thabt bi-mā nasharahu al-ʻIrāqīyūn ʻan al-kutub wa-al-maktabāt wa-al-fahāris wa-al-makhṭūṭāt wa-al-bibliyūghrāfiyāt wa-al-khaṭṭ wa-al-ṭibāʻah/مراجع الكتب والمكتبات في العراق : ثبت بما نشره العراقييون عن الكتب والمكتبات والفهارس والمخطوطات والببليوغرافيات والخط والطباعة,,,1975,2026-02-14 1:59:41,5+146,,"al-Jumhūrīyah al-ʻIrāqīyah, Wizārat al-Iʻlām/الجمهورية العراقية، وزارة الاعلا",Baghdād/بغداد,ara,Rif'at al-Sa'id Library,"Range 2, Shelf H", History; Iraq; Libraries,,"ʻAwwād/عواد, Kūrkīs/كركيس",OCLC: 27401706
3934,book,"Rāwī/راوي, Khālid Ḥabīb/خالد حبيب",Min taʼrīkh al-ṣaḥāfah al-ʻIraqīyah /من تأريخ الصحافة العرقية,,,1978,2026-02-14 2:06:01,,,al-Jumhūrīyah al-ʻIrāqīyah Wizārat al-Thaqāfah wa-al-Funūn/الجمهورية العراقية وزارة الثقافة والفنون,Baghdād/بغداد,Arabic,Rif'at al-Sa'id Library,"Range 2, Shelf H", ,,,OCLC: 11264707
3936,book,"Ḥasan/حسن, Razzāq Ibrāhīm/رزاق ابراهيم",al-Ṣaḥīfah al-Jidārīyah al-ʿUmmālīyah/الصحيفة الجدارية العمالية,,,1976,2026-02-14 2:08:53,,,Maṭbaʿat al-Gharī al-Ḥadīthah/مطبعة الغري الحديثة,ʿIrāq/عراق,ara,Rif'at al-Sa'id Library,"Range 2, Shelf H",Iraq; Journalism ,,,
3938,book,"Sayf al-Islām/سيف الإسلام, al-Zubayr/الزبير",Tārīkh al-ṣiḥāfah fī al-Jazāʼir/تاريخ الصحافة في الجزائر,,,1971,2026-02-14 21:56:05,,,al-Sharikah al-Waṭanīyah lil-Nashr wa-al-Tawzīʻ/ الشركة الوطنية للنشر والتوزيع,al-Jazāʼir/الجزائر,ara,Rif'at al-Sa'id Library,"Range 2, Shelf H",Journalism Algeria; History; Press,,,OCLC: 16130250
3940,book,"Ḥāfiẓ/حافظ, Ṣalāḥ al-Dīn/صلاح الدين","al-Dirāsāt al-Iʿlāmīyah lil-sukkān wa-al-tanmiyah wa-al-taʿmīr, al-ʿadad al-arbaʿūn/الدراسات الأعلامية للسكان و التنمية و التعمير، العدد الأربعون",,,1985,2026-02-14 22:02:38,,,al-Markaz al-ʿArabī lil-Dirāsāt al-Iʿlāmīyah/المركز العربي للدراسات الإعلامية,Al-Qāhira/ القاهرة,ara,Rif'at al-Sa'id Library,"Range 2, Shelf H",Journalism ,,,
3942,book,"Bakr/بكر, Munīr/منير",Asālīb al-maqālah wa-taṭawwuruhā fī al-adab al-ʿIrāqī al-ḥadīth wa-al-Ṣiḥāfah al-ʿIrāqīyah/أساليب المقالة و تطورها في الأدب العراقي الحديث و الصحافة العراقية,,,1976,2026-02-14 22:09:57,,,Maṭbaʿat al-Irshād/مطبعة الارشاد,Baghdād/بغداد,ara,Rif'at al-Sa'id Library,"Range 2, Shelf H",Iraq; Journalism ,,,OCLC: 1569749688
3944,book,"Buṭṭī/بطي, Fāʼiq/فائق",al-Mawsūʻah al-ṣuḥufīyah al-ʻIrāqīyah/‏الموسوعة الصحفية العراقية,,,1976,2026-02-14 22:16:07,494,,Maṭbaʻat al-Adīb al-Baghdādīyah/‏مطبعة الأديب البغدادية,Baghdād/بغداد,ara,Rif'at al-Sa'id Library,"Range 2, Shelf H",Journalism History. Iraqi newspapers. Genre/Form: History; Iraqi newspapers,,,OCLC: 123494384
3946,book,"Yāsirī/ياسري, Qays ʿAbd al-Ḥusayn/قيس عبد الحسين",al-Ṣiḥāfah al-ʿIrāqīyah wa-al-Ḥarakah al-Waṭanīyah min nihāyat al-Ḥarb al-ʿĀlamīyah al-Thāniyah ḥattá Thawrat 14 Tammūz 1958/الصحافة العراقية و الحركة الوطنية من نهاية الحرب العالمية الثانية حتى ثورة 14 تموز 1958,,,1978,2026-02-14 22:19:54,,,Wizārat al-Thaqāfah wa-al-Funūn/وزارة الثقافة و الفنون,Baghdād/بغداد,ara,Rif'at al-Sa'id Library,"Range 2, Shelf H",Iraq; Journalism; Nationalism ,,,OCLC: 1569738522
3948,book,"Buṭṭī/بطي, Fāʼiq/فائق",al-Ṣiḥāfah al-ʻIrāqīyah fī al-manfá/الصحافة العراقية في المنفى,978-2-84305-838-7,,2006,2026-02-14 22:24:11,,,Dār al-Madá lil-Thaqāfah wa-al-Nashr/دار المدى للثقافة والنشر,Dimashq/دمشق,ara,Rif'at al-Sa'id Library,"Range 2, Shelf H"," Authors, Iraqi; Emigration and immigration; Europe; Foreign countries; Intellectual life; Iraq; Iraqi newspapers; Iraqi periodicals; Iraqis; Journalism; Journalists, Arab; North America; Press; Press coverage",,,OCLC: 156851295
3950,book,"al-Nimr/النمر, ʿAbd al-Munʿim/عبد المنعم",al-Shīʿah – al-Mahdī – al-Durūz: Tārīkh wa-wathāʾiq/الشيعة - المهدى - الدروز: تاريخ ووثائق,,,1988,2026-02-16 2:07:42,,,Maktabat al-Turāth al-Islāmī/مكتبة التثراث الاسلامى,Al-Qāhira/ القاهرة,ara,Rif'at al-Sa'id Library,"Range 3, Shelf E",Caliphate; Druzes; Imamate; Shīʻah ,,,OCLC: 236035457
3952,book,"al-Māniʿ/المانع, Samīrah/سميرة",al-Thunāʾīyah al-Landanīyah/الثنائية اللندنية,,,1979,2026-02-16 2:14:04,110,,Ithaca Press,London,ara,Rif'at al-Sa'id Library,"Range 3, Shelf E", ,,,OCLC: 762895914
3954,book,"Ḥāmid/حامد, Raʾūf ʻAbbās/رؤوف عباس",Jamāʻat al-Nahḍah al-Qawmīyah/جماعة النهضة القومية,,,1986,2026-02-16 2:19:34,,,Dār al-Fikr/دار الفكر,al-Qāhirah/القاهرة,ara,Rif'at al-Sa'id Library,"Range 3, Shelf E", Egypt; Jamāʻat al-Nahḍah al-Qawmīyah; Social conditions,,,OCLC: 22176080
3956,book,"Iskandar/اسكندر, Suhayr/سهير","Jarīdat al-Miṣrī wa-al-qaḍāyā al-waṭanīyah, 1936-1946/جريدة المصري والقضايا الوطنية، 1936-1946",,,1986,2026-02-16 18:01:16,15+438,,Muʼassasat Sijill al-ʻArab/مؤسسة سجل العرب,Cairo,ara,Rif'at al-Sa'id Library,"Range 3, Shelf E", Egypt; History; Journalism; Miṣrī; Politics and government,,,OCLC: 21364640
3958,book,"ʿAbbās/عباس, Iḥsān/إحسان",al-Mujtama‘ al-Arabi/المجتمع العربي,,,1989,2026-02-16 18:05:50,,,Jāmiʿat al-Imārāt al-ʿArabīyah al-Muttaḥidah/جامعة الإمارات العربية المتحدة,al-ʿAyn/العين,ara,Rif'at al-Sa'id Library,"Range 3, Shelf E", ,,,OCLC: 1103826745
3960,book,"Yūzbakī/يوزبكي, Tawfīq Sulṭān/توفيق سلطان",Dirāsāt fī al-Waṭan al-ʻArabī : al-ḥarakāt al-thawrīyah wa-al-siyāsīyah/دراسات في الوطن العربي : الحركات الثورية والسياسية,,,1975,2026-02-16 18:11:22,,,Jāmiʻat al-Mawṣil/جامعة الموصل,al-Mawṣil/جامعة الموصل,ara,Rif'at al-Sa'id Library,"Range 3, Shelf E", Arab countries; History,,,OCLC: 21393405
3962,book,"Ḥannā/حنا, ʿAbd Allāh/عبد الله","al-Ḥarakah al-ʿUmmālīyah fī Sūrīyah wa-Lubnān, 1900–1945/الحركة العمالية في سورية و لبنان 1900-1945",,,1973,2026-02-16 18:15:38,,,Dār Dimashq/دار دمشق,Dimashq/دمشق,ara,Rif'at al-Sa'id Library,"Range 3, Shelf E", ,,,OCLC: 784539378
3964,book,"al-Ruhaymī/الرهيمي, ʿAbd al-Ḥalīm/عبد الحليم","Taʾrīkh al-Ḥarakah al-Islāmīyah fī al-ʿIrāq: al-Judhūr al-Fikrīyah wa-al-Wāqiʿ al-Tārīkhī, 1900–1924/تأريخ الحركة الاسلامية في العراق الجذور الفكرية و الواقع التاريخي 1900-1924",,,1985,2026-02-16 18:23:46,,,al-Dār al-ʿĀlamīyah li-al-Ṭibāʿah wa-al-Nashr/الدار العالمية للطباعة والنشر,Bayrūt/بيروت,ara,Rif'at al-Sa'id Library,"Range 3, Shelf E", ,,,OCLC: 784466533
3966,book,"Ḥuṣrī/حصرى, Abū Khaldūn Sāṭiʻ/بو خلدون ساطع",Mā hiya al-qawmīyah? : abḥāth wa-dirāsāt ʻalá dawʼ al-aḥdāth wa-al-naẓarīyāt/ما هي القومية؟ : أبحاث و دراسات على ضوء الأحداث و النظريات,,,1959,2026-02-16 18:28:07,,,Dār al-ʻIlm lil-Malāyīn/دار العلم للملايين,Bayrūt/بيروت,ara,Rif'at al-Sa'id Library,"Range 3, Shelf E", ,,,OCLC: 60498321
3968,book,"Ben Shitrit, Lihi",Righteous transgressions: women's activism on the Israeli and Palestinian religious right,978-0-691-16456-4,,2016,2026-02-16 18:30:30,,Princeton studies in Muslim politics,Princeton University Press,Princeton ;,eng,Rif'at al-Sa'id Library,"Range 3, Shelf E", Gaza Strip; Islam and politics; Israel; Judaism and politics; Political activity; Religious right; West Bank; Women,,,OCLC: 908084015
3970,book,"Ibrāhīm/إبراهيم, Zāhidah/زاهدة",Kashshāf bi-al-jarāʾid wa-al-majallāt al-ʿIrāqīyah/كشاف بالجرائد و المجلات العراقية,,,1976,2026-02-16 18:35:03,,,Wizārat al-Iʿlām/وزارة الاعلام,Baghdād/بغداد,ara,Rif'at al-Sa'id Library,"Range 3, Shelf E",Iraq; Press; Press coverage ,,,OCLC: 784512043
3972,book,"Saʿīd/سعيد, Amīn/أمين",al-Waṭan al-ʿArabī/الوطن العربي,,,,2026-02-16 18:39:40,,,Dār al-Hilāl/دار الهلال,Al-Qāhira/ القاهرة,ara,Rif'at al-Sa'id Library,"Range 3, Shelf E", ,,,OCLC: 929705077
3974,book,"al-Sayyid/السيد, Jalāl/جلال",Ḥaqīqat al-Ummah al-ʿArabīyah wa-ʿAwāmil Ḥifẓihā wa-Tamazzaquhā/حقيقة الأمة العربية وعوامل حفظها وتمزقها,,,,2026-02-16 18:42:46,,,Dār al-Yaqẓah al-ʿArabīyah/دار اليقضة العربية,Bayrūt/بيروت,ara,Rif'at al-Sa'id Library,"Range 3, Shelf E", ,,,OCLC: 1044647946
3976,book,"Kāmil/كامل, Maḥmūd/محمود",al-Qānūn al-Dawlī al-ʿArabī/القانون الدولى العربى,,,1965,2026-02-16 18:46:24,,,Dār al-ʿIlm lil-Malāyīn/دار العلم للملايين,بيروت,ara,Rif'at al-Sa'id Library,"Range 3, Shelf E", Arab countries. Panarabism; Constitutional history; Histoire. Constitutional history. International law. Panarabism. Panislamism. Constitutional history; Histoire. Panislamisme; History. Genre/Form: History; History. Histoire constitutionnelle; History. Panislamism; Islamic countries. International law; Pays musulmans. Panarabisme,,,OCLC: 236021494
3978,book,"Makhzūm/مخزوم, Muḥammad/محمد",Azmat al-Fikr wa-Mushkilāt al-Sulṭah al-Siyāsīyah fī al-Mashriq al-ʿArabī fī ʿAṣr al-Nahḍah/أزمة الفكر و مشكلات السلطة السياسية في المشرق العربي في عصر النهضة,,,1986,2026-02-16 18:50:21,,,Maʿhad al-Inmāʾ al-ʿArabī/معهد الإنماء العربي,Bayrūt/بيروت,ara,Rif'at al-Sa'id Library,"Range 3, Shelf E", ,,,OCLC: 1107141195
3980,book,"Ḥusaynī/حسيني, Amīn/أمين",Ḥaqāʼiq ʻan qaḍīyat Filasṭīn/حقائق عن قضية فلسطين,,,1954,2026-02-16 18:55:48,,,Maktab al-Hayʼah al-ʻArabīyah al-ʻUlyā li-Filasṭīn/مكتب الهيئة العربية العليا لفلسطين,al-Qāhirah/القاهرة,ara,Rif'at al-Sa'id Library,"Range 3, Shelf E", 1917-1948; History; Jewish-Arab relations; Palestine; Palestine question (To 1948); Palestinian Arabs; Politics and government,,,OCLC: 16204972
3982,book,"al-Khūlī/الخولي, Luṭfī/لطفي",al-Maʾzaq al-ʿArabī/المأزق العربى,,,1986,2026-02-16 18:58:28,,,Markaz al-Ahrām lil-Tarjamah wa-al-Nashr/مركز الاهرام للترجمة والنشر,Al-Qāhira/ القاهرة,ara,Rif'at al-Sa'id Library,"Range 3, Shelf E", Arab countries; Arab countries. Political parties. Politics and government. Political parties; Political parties,,,OCLC: 236039815
3984,book,"al-Rīmāwī/الريماوى, ʿAbd Allāh Muḥammad/عبد الله محمد",al-Manṭiq al-Thawrī: li-al-Ḥarakah al-Qawmīyah al-ʿArabīyah al-Ḥadīthah/ المنطق الثورى: للحركة القومية العربية الحديثة,,,1961,2026-02-16 19:13:04,,,Dār al-Maʿrifah/دار المعرفة,Al-Qāhira/ القاهرة,ara,Rif'at al-Sa'id Library,"Range 3, Shelf E", Arab countries. Panarabism; Arab countries. Panarabism. Nationalisme; États arabes. Panarabisme. Nationalism. Panarabism. Nationalism; Nationalism,,,OCLC: 235998982
3986,book,"Buṭṭī/بطي, Fāʼiq/فائق","al-Ṣiḥāfah al-Yasārīyah fī al-ʿIrāq, 1924–1958/الصحافة اليسارية في العراق 1924-1958",,,1985,2026-02-16 19:21:04,,,,London/لندن,ara,Rif'at al-Sa'id Library,"Range 3, Shelf F",Iraq; Journalism ,,,
3988,book,"ʿAbd al-Karīm/عبد الكريم, Aḥmad/احمد",al-Ṣiḥāfah al-ʾĪrānīyah/الصحافة الايرانية,,,1973,2026-02-16 19:26:24,,,Wizārat al-Iʿlām/ وزارة الاعلام,Baghdād/بغداد,ara,Rif'at al-Sa'id Library,"Range 3, Shelf F",Iran; Journalism ,,,
3990,book,"Abū Zayd/أبو زيد, Fārūq/فاروق",Azmat al-dīmūqrāṭīyah fī al-ṣiḥāfah al-Miṣrīyah/أزمة الديموقراطية في الصحافة المصرية,,,1976,2026-02-16 19:31:47,6,,Maktabat Madbūlī,al-Qāhirah/القاهرة,ara,Rif'at al-Sa'id Library,"Range 3, Shelf F",Journalism 1882-1952; Democracy; Egypt; Politics and government; Press and politics,,,OCLC: 21474878
3992,book,"ʿAbdu/عبده, Ibrāhīm/إبراهيم","Tārīkh al-Ṭibāʿah wa-al-Ṣiḥāfah fī Miṣr khilāl al-Ḥamlah al-Faransīyah, 1798–1801/تاريخ الطباعة و الصحافة في مصر خلال الحملة الفرنسية 1798-1801",,,1949,2026-02-16 19:34:24,,,Maktabat al-Ādāb/مكتبة الآداب,Al-ʿAbbāsiyya/العباسية,ara,Rif'at al-Sa'id Library,"Range 3, Shelf F",Egypt; Journalism; Press and politics ,,,OCLC: 1103741293
3994,book,"Rosenthal, Erwin I. J.","Islam in the modern national state, by Erwin I.J. Rosenthal.",,,1965,2026-02-16 19:39:01,xxi+416,,University Press,Cambridge [Eng,eng,Rif'at al-Sa'id Library,"Range 3, Shelf F", Islam and state; Islamic countries; Politics and government,,,OCLC: 307272
3996,book,"Ṭahṭāwī/طهطاوي, Rifāʻah Rāfiʻ/رفاعة رافع",Tārīkh Miṣr wa-al-ʻArab qabla al-Islām : [Anwār tawfīq al-Jalīl fī akhbār Miṣr wa-tawthīq Banī Ismāʻīl] /تاريخ مصر والعرب قبل الاسلام : [انوار توفيق الجليل في اخبار مصر وتوثيق بني اسماعيل],,,1974,2026-02-16 19:44:07,,,al-Muʼassassah al-ʻArabīyah lil-Dirāsāt wa-al-Nashr/ المؤسسة العربية للدراسات والنشر,Bayrūt/بيروت,ara,Rif'at al-Sa'id Library,"Range 3, Shelf F", ,,,OCLC: 23514294
3998,book,"Jār Allāh/جار الله, Zuhdī/زهدي",al-Muʿtazilah/المعتزلة,,,1974,2026-02-16 19:47:20,,,al-Ahliyyah lil-Nashr wa-al-Tawzīʿ/الاهلية للنشر والتوزيع,Bayrūt/بيروت,ara,Rif'at al-Sa'id Library,"Range 3, Shelf F", ,,,OCLC: 1158706926
4000,book,"Ṣāliḥ/صالح, Aḥmad ʿAbbās/أحمد عباس",al-Yamīn wa-al-Yasār fī al-Islām/اليمين واليسار في الإسلام,,,1973,2026-02-16 19:52:00,,,al-Muʾassasah al-ʿArabīyah lil-Dirāsāt wa-al-Nashr/المؤسسة العربية للدراسات والنشر,Bayrūt/بيروت,ara,Rif'at al-Sa'id Library,"Range 3, Shelf F", ,,,OCLC: 1044686542
4002,book,"Daksan/دكسن, ʿAbd al-Amīr ʿAbd Ḥusayn/عبد الأمير عبد حسين","al-Khilāfah al-ʾUmawīyah, 65–86 H/684–705 M: Dirāsah Siyāsīyah/الخلافة الأموية، 65-86 هـ/684 م-705 م: دراسة سياسية",,,1973,2026-02-16 19:56:59,,,Dār al-Nahḍah al-ʿArabīyah/دار النهضة العربية,Bayrūt/بيروت,ara,Rif'at al-Sa'id Library,"Range 3, Shelf F", ,,,OCLC: 1557921778
4004,book,"Amīn/امين, Iḥmad/إحمد","Ẓuhr al-Islām, al-Juzʾ al-Rābiʿ/ظهر الأسلام الجرء الرابع",,,1964,2026-02-16 20:02:39,,,Maktabat al-Nahḍah al-Miṣrīyah/مكتبة النهضة المصرية,Al-Qāhira/ القاهرة,ara,Rif'at al-Sa'id Library,"Range 3, Shelf F", ,,,
4006,book,"Sherif, Mohamed Ahmed",Ghazali's theory of virtue.,978-0-87395-206-4,,1975,2026-02-16 20:07:05,xiii+205,,State University of New York Press,Albany,eng,Rif'at al-Sa'id Library,"Range 3, Shelf F"," Ghazzālī, 1058-1111; Virtue",,,OCLC: 698370
4008,book,"Riḍā/رضا, Muḥammad/محمد",al-Ḥasan wa-al-Ḥusayn: Subṭā Rasūl Allāh ṣallá Allāhu ʿalayhi wa-sallam/الحسن و الحسين: سبطا رسول الله صلى الله عليه و سلم,,,1964,2026-02-16 22:23:15,,,مطبعة عيسى البابى الحلبى,Al-Qāhira/ القاهرة,ara,Rif'at al-Sa'id Library,"Range 3, Shelf F", ,,,
4010,book,"Ghannūshī/غنوشي, Rāshid/راشد",Maqālāt/مقالات,,,1988,2026-02-16 22:29:30,,,,Tunis/تونس,ara,Rif'at al-Sa'id Library,"Range 3, Shelf F", ,,,OCLC: 24200844
4012,book,"Quṭb/قطب, Sayyid/سيد",al-'Adālah al-ijtimā'īyah fī al-Islām/العدالة الاجتماعية في الإسلام,,,1954,2026-02-16 22:33:28,,,,Al-Qāhira/ القاهرة,ara,Rif'at al-Sa'id Library,"Range 3, Shelf F",Islam and justice; Islamic sociology ,,,OCLC: 936117231
4014,book,"Muir, William","The caliphate: its rise, decline, and fall.",,,1898,2026-02-16 22:36:42,,Khayats oriental reprints ; number 5.,Khayats,Beirut,eng,Rif'at al-Sa'id Library,"Range 3, Shelf F", Caliphs; History; Islamic countries,,,OCLC: 1631606
4016,book,"Rāʼif/رائف, Aḥmad/أحمد",Sarādīb al-shayṭān: ṣafaḥāt min tārīkh al-Ikhwān al-Muslimīn/سراديب الشيطان : صفحات من تاريخ الإخوان المسلمين,978-977-14-7112-7,,1989,2026-02-16 22:39:15,,,"al-Zahrāʼ lil-Iʻlām al-ʻArabī, Qism al-Nashr/الزهراء للاعلام العربي، قسم النشر","Madīnat Naṣr, al-Qāhirah/مدينة نصر، القاهرة",ara,Rif'at al-Sa'id Library,"Range 3, Shelf F", 1952-1970; Egypt; Jamʻīyat al-Ikhwān al-Muslimīn (Egypt); Politics and government,,,OCLC: 20348382
4018,book,"Hitti, Philip K.","Islam and the West, a historical cultural survey.",,0078-3587,1962,2026-02-16 22:41:55,192,Anvil original,Van Nostrand,"Princeton, N.J",eng,Rif'at al-Sa'id Library,"Range 3, Shelf F", East and West; Islam; Relations,,,OCLC: 783587
4020,book,"ʿImārah/عمارة, Muḥammad/محمد",al-Islām wa-al-sulṭah al-dīnīyah/الاسلام و السلطة الدينية,,,1980,2026-02-16 22:44:02,,,al-Muʾassasah al-ʿArabīyah li-al-dirāsāt wa-al-nashr/المؤسسة العربية للدراسات والنشر,Bayrūt/بيروت,ara,Rif'at al-Sa'id Library,"Range 3, Shelf E", ,,,OCLC: 784252429
4022,book,"al-Bahnasāwī/البهنساوي, Sālim ʿAlī/سالم علي",al-Ḥukm wa-Qaḍīyat Takfīr al-Muslim/الحكم و قضية تكفير المسلم,,,1981,2026-02-16 22:46:20,,,دار البحوث العلمية,Al-Kuwayt/الكويت,ara,Rif'at al-Sa'id Library,"Range 3, Shelf F", ,,,OCLC: 784252466
4024,book,"Ṭūsī, Naṣīr al-Dīn Muḥammad ibn Muḥammad; Wickens, G. M.","The Nasirean ethics, by Nasir ad-Din Tusi. Translated from the Persian by G. M. Wickens.",,,1964,2026-02-16 22:50:22,352,UNESCO collection of representative works. Persian series,Allen & Unwin,London,eng,Rif'at al-Sa'id Library,"Range 3, Shelf F", Islamic ethics,,"Wickens, G. M.",OCLC: 15137555
4026,book,"Kawtharānī/كوثراني, Wajīh/وجيه","al-Ittijāhāt al-Ijtimāʿīyah al-Siyāsīyah fī Jabal Lubnān wa-al-Mashriq al-ʿArabī: 1860–1920, Musāhamah fī Dirāsah ʾUṣūl Takawwunihā al-Tārīkhī/الاتجاهات الاجتماعية السياسية في جبل لبنان والمشرق العربي: ١٨٦٠-١٩٢٠، مساهمة في دراسة أصول تكونها التاريخي",,,1976,2026-02-16 22:56:05,,,Maʿhad al-Inmāʾ al-ʿArabī/معهد الانماء العربى,Bayrūt/بيروت,ara,Rif'at al-Sa'id Library,"Range 3, Shelf F", Social conditions. Genre/Form: History,,,OCLC: 236022875
4028,book,"Shakʻah/شكعة, Muṣṭafá/مصطفى",Islām bi-lā madhāhib/اسلام بلا مذاهب,,,1973,2026-02-16 23:02:15,,,Dār al-Nahḍah al-ʻArabīyah/دار النهضة العربية,Bayrūt/بيروت,ara,Rif'at al-Sa'id Library,"Range 3, Shelf F", ,,,OCLC: 319714958
4030,book,"Yāsīn/ياسين, ʿAbd al-Salām/عبد السلام","al-Jamāʿah: Majallah Islāmīyah, al-ʿadad 8, Yūniyū 1981/الجماعة مجلة إسلامية، العدد 8, يونيو 1981",,,1981,2026-02-16 23:05:28,,,Maṭbaʿat al-Sāḥil/مطبعة الساحل,al-Ribāṭ/الرباط,ara,Rif'at al-Sa'id Library,"Range 3, Shelf F", ,,,OCLC: 945659810
4032,book,"Mubārak/مبارك, Muḥammad/محمد",Muḥāwalah fī fahm shakhṣīyat al-fard al-ʻIrāqī/محاولة فى فهم شخصية الفرد العراقي,,,1994,2026-02-16 23:11:32,,,Manshūrāt al-Bazzāz/منشورات البزاز,Landan/لندن,,Rif'at al-Sa'id Library,"Range 3, Shelf G"," Civilization; History; Iraq; National characteristics, Iraqi; Social life and customs",,,OCLC: 33250752
4034,book,Markaz Dirāsāt al-Waḥdah al-ʻArabīyah/مركز دراسات الوحدة العربية,"al-Mustaqbal al-ʻArabī, April 1993/المستقبل العربي ابريل 1993",,1024-9834,1993,2026-02-16 23:13:32,,,Markaz Dirāsāt al-Waḥdah al-ʻArabīyah/مركز دراسات الوحدة العربية,Bayrūt/بيروت,ara,Rif'at al-Sa'id Library,"Range 3, Shelf G", Arab countries; Panarabism; Periodicals,,,OCLC: 5521867
4036,book,,"Balsam: majallat Jamʻīyat al-Hilāl al-Aḥmar al-Filasṭīnī: ṣiḥḥīyah, Ijtimāʻīyah, thaqāfīyah/بلسم: مجلة جمعية الهلال الأحمر الفلسطيني: صحية، إجتماعية، ثقافية، المدرسة و صحة الطفل",,,,2026-02-16 23:16:42,,,Muʼassasat Sanābil lil-Nashr wa-al-Tawzīʻ/مؤسسة سنابل للنشر والتوزيع,,ara,Rif'at al-Sa'id Library,"Range 3, Shelf G", Histoire. Palestiniens; History. Palestinian Arabs; Lebanon; Liban; Medicine; Periodicals. History of Medicine Médecine; Périodiques. history of medicine. Medicine Palestinian Arabs Politics and government,,,OCLC: 1034547253
4038,book,"Maḥfūẓ/محفوظ, Najīb/نجيب",Al-Sarāb/السراب,,,197,2026-02-20 15:54:37,,,مكتبة مصر,Al-Qāhira/ القاهرة,ara,Rif'at al-Sa'id Library,"Range 3, Shelf G","Maḥfūẓ, Najīb, 1911-2006--Fiction ",,,
4040,book,"Maḥfūẓ/محفوظ, Najīb/نجيب",Qaṣr al-shawq/قصر الشوق,,,1957,2026-02-20 16:05:52,464,,Maktabat Miṣr/مكتبة مصر,al-Qāhirah/القاهرة,ara,Rif'at al-Sa'id Library,"Range 3, Shelf G","Maḥfūẓ, Najīb, 1911-2006--Fiction ",,,OCLC: 3229563
4042,book,"Maḥfūẓ/محفوظ, Najīb/نجيب",Tharthara fawqa al-Nīl/ثرثرة فوق النيل,,,1988,2026-02-20 16:08:22,,,Maktabat Miṣr/مكتبة مصر,Al-Qāhira/ القاهرة,ara,Rif'at al-Sa'id Library,"Range 3, Shelf G","Maḥfūẓ, Najīb, 1911-2006--Fiction ",,,OCLC: 30304066
4044,book,"Maḥfūẓ/محفوظ, Najīb/نجيب",al-Qāhirah al-jadīdah/ القاهرة الجديدة,,,1965,2026-02-20 16:14:15,217,,Maktabat Miṣr/مكتبة مصر,al-Qāhirah/القاهرة,ara,Rif'at al-Sa'id Library,"Range 3, Shelf G","Maḥfūẓ, Najīb, 1911-2006--Fiction ",,,OCLC: 18688999
4046,book,"Maḥfūẓ/محفوظ, Najīb/نجيب",Rādūbīs/رادوبيس,,,1964,2026-02-20 16:16:56,218,,Maktabat Miṣr/مكتبة مصر,Al-Qāhira/ القاهرة,ara,Rif'at al-Sa'id Library,"Range 3, Shelf G","Maḥfūẓ, Najīb, 1911-2006--Fiction ",,,OCLC: 3232629
4048,book,"Al-Māzinī/المازني, Ibrāhīm ʿAbd al-Qādir/ابراهيم عبد القادر",Khuyūṭ al-ʿAnkabūt/خيوط العنكبوت,,,1935,2026-02-20 16:19:28,,,Al-Dār al-Qawmiyya/الدار القومية,Al-Qāhira/ القاهرة,ara,Rif'at al-Sa'id Library,"Range 3, Shelf G", ,,,OCLC: 917029666
4050,book,"Maḥfūẓ/محفوظ, Najīb/نجيب",Khān al-Khalīlī/خان الخليلي,,,1952,2026-02-20 17:17:42,272,,Nādī al-Qiṣṣa/نادي القصة,Al-Qāhira/ القاهرة,ara,Rif'at al-Sa'id Library,"Range 3, Shelf G","Maḥfūẓ, Najīb, 1911-2006--Fiction ",,,OCLC: 774059651
4052,book,"Al-ʿAqqād/العقاد, ʿAbbās Maḥmūd/عباس محمود",Al-Ṣiddīqa bint al-Ṣiddīq/الصديقة بنت الصديق,,,1963,2026-02-20 17:31:25,,,Dār al-Maʿārif/دار المعارف,Al-Qāhira/ القاهرة,ara,Rif'at al-Sa'id Library,"Range 3, Shelf G", ,,,
4054,book,"Maḥfūẓ/محفوظ, Najīb/نجيب",Al-Shaḥḥādh/الشحاذ,,,1978,2026-02-20 17:41:41,,,Maktabat Miṣr/مكتبة مصر,al-Qāhirah/القاهرة,ara,Rif'at al-Sa'id Library,"Range 3, Shelf G","Maḥfūẓ, Najīb, 1911-2006--Fiction ",,,OCLC: 1350454012
4056,book,"Khuḍrī/خضري, Muḥmmad/محمد",Tārīkh al-tashrīʻ al-Islāmī/تاريخ التشريع الاسلامي,,,1954,2026-02-20 17:50:20,384,,Maṭbaʻat al-Saʻādah/مطبعة السعادة,al-Qāhirah/القاهرة,ara,Rif'at al-Sa'id Library,"Range 3, Shelf G", Islamic law,,,OCLC: 82026411
4058,book,"Sharabāṣī/شرباصي, Aḥmad/أحمد","Shakīb Arslān, dāʻiyat al-ʻUrūbah wa-al-Islām/شكيب ارسلان، داعية العروبة والاسلام",,,1963,2026-02-20 17:55:03,381,,al-Muʼassasah al-Miṣrīyah al-ʻĀmmah lil-Taʼlīf wa-al-Tarjamah wa-al-ʻTibāʻah wa-al-Nashr/المؤسسة المصرية العامة للتأليف و الترجمة و الطباعة و النشر,al-Qāhirah/القاهرة,ara,Rif'at al-Sa'id Library,"Range 3, Shelf G"," Arslān, Shakīb, Amīr, 1869-1946",,,OCLC: 20547477
4060,book,"ʿImāra/عمارة, Muḥammad/محمد",Naẓariyyat al-Khilāfa al-Islāmiyya/نظرية الخلافة الاسلامية,,,,2026-02-20 17:59:35,,,Dār al-Thaqāfa al-Jadīda/دار الثقافة الجديدة,Al-Qāhira/ القاهرة,ara,Rif'at al-Sa'id Library,"Range 3, Shelf G", ,,,
4062,book,"Abū Fāris/أبو فارس, Muḥammad ʿAbd al-Qādir/محمد عبدالقادر",Al-Niẓām al-Siyāsī fī al-Islām/النظام السياسي في الإسلام,,,1986,2026-02-20 18:09:46,,,Dār al-Furqān/دار الفرقان,Amman/عمان,ara,Rif'at al-Sa'id Library,"Range 3, Shelf G", ,,,
4064,book,"ʿUmar/عمر, Fārūq/فاروق",Al-Judhūr al-Taʾrīkhiyya li-l-Wizāra al-ʿAbbāsiyya/الجذور التأريخية للوزارة العباسية,,,1986,2026-02-20 18:19:48,,,Dār al-Shuʾūn al-Thaqāfiyya al-ʿĀmma/دار الشؤون الثقافية العامة,Baghdād/بغداد,ara,Rif'at al-Sa'id Library,"Range 3, Shelf G", ,,,
4066,book,"Al-ʿIshmāwī/العشماوي, Ḥasan/حسن",Al-Ikhwān wa-l-Thawra/الإخوان و الثورة,,,1977,2026-02-20 18:30:25,,,Al-Maktab al-Miṣrī al-Ḥadīth/المكتب المصري الحديث,Al-Qāhira/ القاهرة,ara,Rif'at al-Sa'id Library,"Range 3, Shelf G", ,,,
4068,book,"ʿAzīz/عزيز, ʿAbd al-Ghaffār/عبد الغفار",Al-Islām al-Siyāsī bayna al-Rāfiḍīn lahu wa-l-Mughāligīn fīh/الإسلام السياسي بين الرافضين له و المغالين فيه,,,1989,2026-02-20 18:40:15,,,Dār al-Ḥaqīqa li-l-Iʿlām al-Duwalī/ دار الحقيقة للإعلام الدولي,Al-Qāhira/ القاهرة,ara,Rif'at al-Sa'id Library,"Range 3, Shelf G", ,,,
4070,book,"Rahman, Fazlur",Islam & modernity: transformation of an intellectual tradition,978-0-226-70283-4,,1982,2026-02-20 18:52:39,vii+172,Publications of the Center for Middle Eastern Studies ; no. 15,University of Chicago Press,Chicago,eng,Rif'at al-Sa'id Library,"Range 3, Shelf G", Hermeneutics; History; Islam; Islamic education; Qurʼan,,,OCLC: 8282210
4072,book,"Grunebaum, Gustave E. von",Medieval Islam; a study in cultural orientation.,,,1954,2026-02-20 18:57:06,vii+378,,University of Chicago Press,Chicago,eng,Rif'at al-Sa'id Library,"Range 3, Shelf G", Islam; Islamic civilization,,,OCLC: 270503
4074,book,"Rāʾif/رائف, Aḥmad/احمد",Ṣafaḥāt min Tārīkh al-Ikhwān: al-Tārīkh al-Sirrī li-l-Muʿtaqal/ صفحات من تاريخ الاخوان: التاريخ السري للمعتقل,,,1978,2026-02-21 22:04:59,,,Al-Mukhtār al-Islāmī li-l-Ṭibāʿa wa-l-Nashr wa-l-Tawzīʿ/المختار الاسلامى للطباعة والنشر والتوزيع,Al-Qāhira/ القاهرة,ara,Rif'at al-Sa'id Library,"Range 3, Shelf G", Biographies. Political prisoners. Politics and government. Political prisoners; Biography; Biography. Prisonniers politiques; Egypt; Égypte; Political prisoners,,,OCLC: 713735430
4076,book,"Kīlānī/كيلاني, Najīb/نجيب",Aʻdāʼ al-Islāmīyah/أعداء الإسلامية,,,1977,2026-02-22 22:21:15,87,,Dār al-Anṣār,,ara,Rif'at al-Sa'id Library,"Range 3, Shelf G", History; Islam,,,OCLC: 54756259
4078,book,"Al-Faruqi, Ismaʼil R.",Islam,978-0-89505-022-9,,1979,2026-02-22 22:27:39,,Major world religions series,Argus Communications,Niles,eng,Rif'at al-Sa'id Library,"Range 3, Shelf G", Islam,,,OCLC: 5222222
4080,book,"Ṣaqr/صقر, Aḥmad Ḥusayn/أحمد حسين",Al-Khuṭab al-Islāmiyya/الخطب الإسلامية,,,1979,2026-02-22 22:31:29,,,,,ara,Rif'at al-Sa'id Library,"Range 3, Shelf G", ,,,
4082,book,"Yāzijī/يازجي, Kāmil/كامل",Al-Mūjaz fī Masāʾil al-Falsafa al-Islāmiyya/الموجز في مسائل الفلسفة الإسلامية,,,1975,2026-02-22 22:38:13,,,Al-Dār al-Muttaḥida li-l-Nashr/الدار المتحدة للنشر,Dimashq/دمشق,ara,Rif'at al-Sa'id Library,"Range 3, Shelf G", ,,,
4084,book,"Watt, W. Montgomery",Muhammad: prophet and statesman.,,,1964,2026-02-22 22:46:49,250,,Oxford University Press,London,eng,Rif'at al-Sa'id Library,"Range 3, Shelf G"," Muḥammad, Prophet, -632",,,OCLC: 2756451
4086,book,"Khumaynī/الخميني, Ayat Allāh/آية الله",al-Ḥukūma al-Islāmiyya/لحكومة الاسلامية,,,1979,2026-02-22 22:49:46,,,Dar al-Tali'ah lil-tiba'ah wu al-nashr/دار الطليعة للطباعة و النشر,Beirut/بيروت,ara,Rif'at al-Sa'id Library,"Range 3, Shelf G", History; Iran; Islam and politics; Islam and state,,,OCLC: 858914859
4088,book,"Disyāwī/دسياوي, Aḥmad Ḥusayn/أحمد حسين",al-Imām Abū al-ʻAbbās al-Mursī/ الإمام أبو العباس المرسي,,6600-1382,1965,2026-02-22 22:53:12,,,Dār al-Maʻārif/دار المعارف,Miṣr/مصر,ara,Rif'at al-Sa'id Library,"Range 3, Shelf G"," Mursī, Aḥmad ibn ʻUmar, -1287 or 1288",,,OCLC: 23196135
4090,book,"Quṭb/قطب, Sayyid/سيد",Ṭifl min al-qaryah/طفل من القرية,,,1973,2026-02-22 22:57:18,191,,Dār al-Shurūq/دار الشروق,Bayrūt/بيروت,ara,Rif'at al-Sa'id Library,"Range 3, Shelf G", ,,,OCLC: 5268379
4092,book,"Caponera, Dante Augusto; Food and Agriculture Organization of the United Nations",Water laws in Moslem countries,,,1954,2026-02-22 22:59:31,,,Food and Agriculture Organization of the United Nations,Rome,eng,Rif'at al-Sa'id Library,"Range 3, Shelf G"," Africa, North; Law and legislation; Laws and legislation; Middle East; Near East; Water; Water and water use",,Food and Agriculture Organization of the United Nations,OCLC: 5768722
4094,book,"Rahman, Fazlur",Islam,,,1968,2026-02-22 23:01:35,,,Doubleday,"Garden City, N.Y",eng,Rif'at al-Sa'id Library,"Range 3, Shelf G", Islam,,,OCLC: 21913245
4096,book,"ʿImāra/عمارة, Muḥammad/محمد",Al-Fikr al-Ijtimāʿī li-ʿAlī ibn Abī Ṭālib/الفكر الاجتماعي لعلي بن أبي طالب,,,1977,2026-02-22 23:03:16,,,Dār al-Thaqāfa al-Jadīda/دار الثقافة الجديدة,Al-Qāhira/ القاهرة,ara,Rif'at al-Sa'id Library,"Range 3, Shelf G", ,,,OCLC: 1044627955
4098,book,"Ismael, Tareq Y.",The Iraq-Iran conflict,,,1981,2026-02-22 23:09:32,,"Behind the headlines, v. 39, no. 3",Canadian Institute of International Affairs,Toronto,eng,Rif'at al-Sa'id Library,"Range 3, Shelf H"," 1979-1997; Conflicts; Diplomatic relations; Economic aspects; Foreign relations; History; Iran; Iran - Iraq War (1980-1988); Iran-Iraq War, 1980-1988; Iraq; War",,,OCLC: 7969366
4100,book,Middle East Studies Association of North America,"Middle East Studies Association bulletin, Volume XI, No. 3, October 1, 1977",,0026-3184,1977,2026-02-22 23:10:51,,,Middle East Studies Association of North America.,New York,eng,Rif'at al-Sa'id Library,"Range 3, Shelf H", Middle East; Study and teaching,,,OCLC: 1645603
4102,book,,"Al-Ḥaqq, Majalla Faṣliyya, al-Sana 15, al-ʿAdad al-Awwal wa-l-Thānī, 1984/ الحق مجلة فصلية, السنة 15, العدد الأول و الثاني، 1984",,,1984,2026-02-22 23:12:33,,,Ittiḥād al-Muḥāmīn al-ʿArab/اتحاد المحامين العرب,,ara,Rif'at al-Sa'id Library,"Range 3, Shelf H", ,,,OCLC: 949400248
4104,book,American-Arab Affairs Council; Middle East Policy Council,"American-Arab affairs, Winter 1983-84, No.7",,0731-6763,1984,2026-02-22 23:19:29,,,American-Arab Affairs Council,"Washington, D.C",eng,Rif'at al-Sa'id Library,"Range 3, Shelf H", Arab countries; Foreign relations; Politics and government; United States,,,OCLC: 8230947
4106,book,American-Arab Affairs Council; Middle East Policy Council,"American-Arab affairs, Summer 1982, No.1",,0731-6763,1982,2026-02-22 23:20:21,,,American-Arab Affairs Council,"Washington, D.C",eng,Rif'at al-Sa'id Library,"Range 3, Shelf H", Arab countries; Foreign relations; Politics and government; United States,,,OCLC: 8230947
4108,book,American-Arab Affairs Council; Middle East Policy Council,"American-Arab affairs, Fall 1983, No.6",,0731-6763,1983,2026-02-22 23:21:05,,,American-Arab Affairs Council,"Washington, D.C",eng,Rif'at al-Sa'id Library,"Range 3, Shelf H", Arab countries; Foreign relations; Politics and government; United States,,,OCLC: 8230947
4110,book,American University of Beirut Alumni Association,"Middle East forum, Vol. XLVIII, No 1",,,1972,2026-02-22 23:31:51,,,Alumni Association of the American University of Beirut,Beirut,English,Rif'at al-Sa'id Library,"Range 3, Shelf H", ,,,OCLC: 7936377
4112,book,American University of Beirut Alumni Association,"Middle East forum, Vol. XLVII, No 3 and 4",,,1971,2026-02-22 23:32:40,,,Alumni Association of the American University of Beirut,Beirut,English,Rif'at al-Sa'id Library,"Range 3, Shelf H", ,,,OCLC: 7936377
4114,book,American University of Beirut Alumni Association,"Middle East forum, Vol. XLVIII, No 2",,,1972,2026-02-22 23:33:33,,,Alumni Association of the American University of Beirut,Beirut,English,Rif'at al-Sa'id Library,"Range 3, Shelf H", ,,,OCLC: 7936377
4116,book,American University of Beirut Alumni Association,"Middle East forum, Vol. XLVIII, No 3 and 4",,,1972,2026-02-22 23:33:57,,,Alumni Association of the American University of Beirut,Beirut,English,Rif'at al-Sa'id Library,"Range 3, Shelf H", ,,,OCLC: 7936377
4118,book,American University of Beirut Alumni Association,"Middle East forum, Vol. XLVIII, No 1",,,1972,2026-02-22 23:34:20,,,Alumni Association of the American University of Beirut,Beirut,English,Rif'at al-Sa'id Library,"Range 3, Shelf H", ,,,OCLC: 7936377
4120,book,Hartford Seminary Foundation; Duncan Black Macdonald Center,"The Muslim world: a quarterly review of history, culture, religions & the Christian mission in Islamdom, vol. LXVII, No. 2, April 1977",,,1977,2026-02-22 23:37:02,,,Hartford Seminary Foundation,Hartford,eng,Rif'at al-Sa'id Library,"Range 3, Shelf H", Islam; Periodicals. Missions to Muslims,,,OCLC: 1758916
4122,book,Kuwait University,"Journal of the social sciences: a publication of Kuwait University, Vol. 28, No.2, Summer 2000",,,2000,2026-02-22 23:39:40,,,The University of Kuwait,Kuwait,eng,Rif'at al-Sa'id Library,"Range 3, Shelf H", Periodicals. Social sciences. Genre/Form: Electronic journals. Periodicals. Periodicals; Social sciences,,,OCLC: 10565043
4124,book,"Ghālī/غالي, Buṭrus/بطرس",Al-ʿAlāqāt al-Duwaliyya fī Iṭār Munaẓẓamat al-Waḥda al-Ifrīqiyya/ العلاقات الدولية في إطار منظمة الوحدة الإفريقية,,,1974,2026-02-22 23:42:24,,,مكتبة الأنجلو المصرية,Al-Qāhira/ القاهرة,ara,Rif'at al-Sa'id Library,"Range 3, Shelf H", ,,,OCLC: 929726073
4126,book,"Muḥammad/محمد, Ḥamāda Ḥusnī Aḥmad/حماده حسنى أحمد",Al-Tanẓīmāt al-Siyāsiyya li-Thawrat Yūliyū 1952/التنظيمات السياسية لثورة يوليو 1952,978-977-01-8196-6,,2002,2026-02-22 23:52:03,,,Al-Hayʾa al-Miṣriyya al-ʿĀmma li-l-Kitāb/الهيئة المصرية العامة للكتاب,Al-Qāhira/ القاهرة,ara,Rif'at al-Sa'id Library,"Range 3, Shelf H", Egypt. Genre/Form: History; Egypt. Political parties. Political parties; Political parties,,,OCLC: 875752333
4128,book,"Zahrān/زهران, Farīd/فريد",Al-Nashāṭ al-Ahliy: Aw al-Mujtamaʿ al-Madanī fī Miṣr/النشاط الأهلى: أو المجتمع المدنى فى مصر,978-977-5652-68-3,,1997,2026-02-22 23:59:50,,,مركز المحروسة للبحوث والتدريب والنشر,Al-Qāhira/ القاهرة,ara,Rif'at al-Sa'id Library,"Range 3, Shelf H", ,,,OCLC: 828609228
4130,book,"Bāsīl/باسيل, Bāsīl Yūsuf/باسيل يوسف",Siyādat al-Duwal fī Ḍawʾ al-Ḥimāya al-Duwaliyya li-Ḥuqūq al-Insān/سيادة الدول في ضوء الحماية الدولية لحقوق الانسان,,,2001,2026-02-23 0:08:05,,,Markaz al-Imārāt li-l-Dirāsāt wa-l-Buḥūth al-Istirātījiyya/مركز الامارات للدراسات والبحوث الاستراتيجية,Abū Ẓabī/أبو ظبي,ara,Rif'at al-Sa'id Library,"Range 3, Shelf H", ,,,OCLC: 1548638187
4132,book,"ʿAbd al-Munʿim/عبد المنعم, Aḥmad Fāris/أحمد فارس",Al-Sulṭa al-Siyāsiyya fī Miṣr wa-Qaḍiyya al-Dīmuqrāṭiyya 1805–1987/السلطة السياسية في مصر وقضية الديمقراطية 1805- 1987,,,1997,2026-02-23 0:16:59,,,الهيئة المصرية العامة للكتاب,Al-Qāhira/ القاهرة,ara,Rif'at al-Sa'id Library,"Range 3, Shelf H", ,,,OCLC: 1200807206
4134,book,"ʻUmar/عمر, Majdī/ مجدي",al-Taghayyurāt fī al-niẓām al-duwalī wa-atharuhā ʻalá minṭaqat al-Sharq al-Awsaṭ/‏التغيرات في النظام الدولي وأثرها على منطقة الشرق الأوسط,,,1995,2026-02-23 0:28:21,102,,Markaz Dirāsāt al-Sharq al-Awsaṭ/مركز دراسات الشرق الأوسط,ʻAmmān/‏عمان,ara,Rif'at al-Sa'id Library,"Range 3, Shelf H", 1979-; 1989-; Foreign relations; Middle East; Politics and government; World politics,,,OCLC: 34153956
4136,book,"Sālim/سالم, Ṣalāḥ/صلاح",Al-Tafkīr al-Siyāsī al-ʿArabī/التفكير السياسي العربي,978-977-437-122-6,,2006,2026-02-23 0:31:19,,,Al-Majlis al-Aʿlā li-l-Thaqāfa/المجلس الأعلى للثقافة,Al-Qāhira/ القاهرة,ara,Rif'at al-Sa'id Library,"Range 3, Shelf H", ,,,OCLC: 929545028
4138,book,,"The Middle East journal, vol. 10, no. 1, Winter 1956",,0026-3141,1956,2026-02-23 1:43:24,,,The Middle East Institute,"Washington, DC",eng,Rif'at al-Sa'id Library,"Range 3, Shelf H", ,"Hall, Harvey P.",,
4140,book,Adūnīs/ادونيس,"Mawāqif: li-l-Ḥurriyya wa-l-Ibdāʿ wa-l-Taghayyur, al-ʿAdad 11, al-Sana al-Thāniya/مواقف : للحرية و الابداع و التغير، العدد ١١ ، السنة الثانية",,,1970,2026-02-23 1:47:58,,,,Bayrūt/بيروت,ara,Rif'at al-Sa'id Library,"Range 3, Shelf H", ,,,
4142,book,"Milbrath, Lester W.",Political participation; how and why do people get involved in politics?,,,1965,2026-02-23 1:55:01,viii+195,Rand McNally political science series,Rand McNally,Chicago,eng,Rif'at al-Sa'id Library,"Range 3, Shelf H", Political participation; Political psychology,,,OCLC: 720358
4144,book,United Arab Republic,"Abu Simbel, Egypt.",,,1962,2026-02-23 2:06:26,37,,State Tourist Administration,Cairo,eng,Rif'at al-Sa'id Library,"Range 3, Shelf H", Abū Sunbul (Egypt); Antiquities; Egypt,,,OCLC: 18358314
4146,book,"Diyāb/دياب, Fūʾād/فؤاد",Al-Maghrib al-Aqṣā bayna al-Māḍī wa-l-Ḥāḍir/المغرب الأقصى بين الماضي الحاضر,,,1960,2026-02-23 2:09:25,,,الدار القومية,Al-Qāhira/ القاهرة,ara,Rif'at al-Sa'id Library,"Range 3, Shelf H", ,,,OCLC: 949422006
4148,book,"Bukhayt/بخيت, عبد الحميد","Al-Khilāfa al-Islāmiyya, J. 1: ʿAṣr al-Rāshidīn/الخلافة الاسلامية. ج. 1. عصر الراشدين",,,1947,2026-02-23 2:17:09,,,,,ara,Rif'at al-Sa'id Library,"Range 3, Shelf H", ,,,OCLC: 1408752675
4150,book,"Ṣawār/صوار, Aḥmad/أحمد",Al-Ṣūmāl al-Kabīr/الصومال الكبير,,,1959,2026-02-23 2:23:04,,,الدار القومية للطباعة و النشر,Al-Qāhira/ القاهرة,ara,Rif'at al-Sa'id Library,"Range 3, Shelf H", ,,,OCLC: 1557904477
4152,book,"Yaḥyā/يحيى, Jalāl/جلال",Al-Istiʿmār al-Muqannaʿ/الاستعمار المقنع,,,1960,2026-02-23 2:33:44,,,Al-Maktaba al-Ifriqiyya/المكتبة الافريقية,Iskandariyya/اسكندرية,ara,Rif'at al-Sa'id Library,"Range 3, Shelf H", ,,,OCLC: 741206006
4154,book,,Dustūr Ḥizb al-Baʿth al-ʿArabī al-Ishtirākī/دستور حزب البعث العربى الاشتراكي,,,1998,2026-02-23 2:43:12,,,حزب البعث الاشتراكي,,ara,Rif'at al-Sa'id Library,"Range 3, Shelf H", ,,,OCLC: 891688311
4156,book,"Mair, Lucy",Primitive government,,,1962,2026-02-23 2:48:18,288,,Penguin Books,Baltimore,eng,Rif'at al-Sa'id Library,"Range 3, Shelf H"," Africa, East; Tribal government",,,OCLC: 1672980
4158,book,"Boulding, Kenneth E.",Conflict and defense; a general theory.,,6101-4737,1962,2026-02-23 2:50:10,349,,Harper,New York,eng,Rif'at al-Sa'id Library,"Range 3, Shelf H", International relations; Social conflict,,,OCLC: 3046267
4160,book,Fatḥ Maktab al-Iʿlām wa-l-Tawjīh/فتح مكتب الاعلام والتوجيه,Al-Tajriba al-Ṣīniyya/التجربة الصينية,,,1967,2026-02-23 2:52:29,,,Ḥarakat al-Taḥrīr al-Waṭanī al-Filasṭīnī/حركة التحرير الوطني الفلسطيني,رام الله,ara,Rif'at al-Sa'id Library,"Range 3, Shelf H", ,,,OCLC: 952099390
4162,book,Fatḥ Maktab al-Iʿlām wa-l-Tawjīh/فتح مكتب الاعلام والتوجيه,Al-Thawra wa-l-ʿUnf: Ṭarīq al-Naṣr/الثورة و العنف طريق النصر,,,1967,2026-02-23 3:02:01,,,Ḥarakat al-Taḥrīr al-Waṭanī al-Filasṭīnī/حركة التحرير الوطني الفلسطيني,رام الله,ara,Rif'at al-Sa'id Library,"Range 3, Shelf H", ,,,
4164,book,"Segal, Ronald M.","Africa south in exile, Vol. 5, No. 2, Jan-March 1961",,5902-2175,1961,2026-02-23 3:07:11,,,Africa South Publications,London,eng,Rif'at al-Sa'id Library,"Range 3, Shelf H", South Africa,,,OCLC: 6402022
4166,book,"Sayyid/سيد, Muḥammad al-Muʿtaṣim/محمد المعتصم",Al-Qāhira wa-l-Ḥaḍāra wa-l-Islām fī Ifrīqiyā/القاهرة و الحضارة و الإسلام فى أفريقيا,,,1965,2026-02-23 16:19:02,79,Kutub Islāmīyah/كتب إسلامية,al-Majlis al-Aʿlá lil-Shuʾūn al-Islāmīyah/المجلس الأعلى للشئون الإسلامية,Al-Qāhira/ القاهرة,ara,Rif'at al-Sa'id Library,"Range 3, Shelf H", أفريقيا; الإسلام; الحضارة المصرية; المسلمون فى افريقيا; تاريخ,,,
4168,book,"Khafājī/خفاجى, Muḥammad ʿAbd al-Munʿim/محمد عبدالمنعم",al-Islām fī Qiyādat al-Mujtamaʿ al-ʿArabī fī Afrīqiyā/الإسلام في قيادة المجتمع العربيفى أفريقيا,,,1965,2026-02-23 16:27:14,,Kutub Islāmīyah/كتب إسلامية,al-Majlis al-Aʿlá lil-Shuʾūn al-Islāmīyah/المجلس الأعلى للشئون الإسلامية,Al-Qāhira/ القاهرة,ara,Rif'at al-Sa'id Library,"Range 3, Shelf H", ,,,
4170,book,"al-Bashbīshī/البشبيشي, Muḥammad/محمد",al-ʿAlāqāt al-Duwalīyah al-Islāmīyah/العلاقات الدولية الاسلامية,,,1965,2026-02-23 16:31:48,,Kutub Islāmīyah/كتب إسلامية,al-Majlis al-Aʿlá lil-Shuʾūn al-Islāmīyah/المجلس الأعلى للشئون الإسلامية,Al-Qāhira/ القاهرة,ara,Rif'at al-Sa'id Library,"Range 3, Shelf H", ,,,
4172,book,"Jābrīlī/جابريلي, Frānsiskū/فرانسسكو",al-Baʿth al-ʿArabī/البعث العربي,,,,2026-02-23 16:37:42,,Kutub Siyāsīyah/كتب سياسية,,,ara,Rif'at al-Sa'id Library,"Range 3, Shelf H", ,,,
4174,book,"Bourguiba, Habib",Value of historical studies ; speech given at Le Kef on 12th March 1964,,,1964,2026-02-23 16:41:41,,,Printed at the Secretariat of State for Cultural Affairs and Orientation,Tunis,eng,Rif'at al-Sa'id Library,"Range 3, Shelf H", ,,,OCLC: 21801415
4176,book,"Muḥammad/محمد, Suʻād Māhir/سعاد ماهر","al-Azhar, athar wa-thaqāfah/ الأزهر : أثر وثقافة",,,1962,2026-02-23 16:44:11,93,Dirāsāt fī al-Islām/دراسات في الإسلام,"al-Majlis al-ʻAlá lil-Shuʾūn al-Islāmīyah, Wizārat al-Awqāf",Al-Qāhira/ القاهرة,ara,Rif'at al-Sa'id Library,"Range 3, Shelf H", Jāmiʻ al-Azhar,,,OCLC: 78112909
4178,book,"Nasser, Gamal Abdel","Address by President Gamal Abdel Nasser at the historical meeting of the National Assembly, Cairo, January 20, 1965.",,,1966,2026-02-23 16:47:12,20,,National Publication House,Cairo,eng,Rif'at al-Sa'id Library,"Range 3, Shelf H", 1952-1970; Egypt; Politics and government,,,OCLC: 5036525
4180,book,,al-Taqrīr al-Siyāsī lil-Muʾtamar al-Qawmī al-ʿĀshir li-Ḥizb al-Baʿth al-ʿArabī al-Ishtirākī/التقرير السياسي للمؤتمر القومي العاشر لحزب البعث العربي الاشتراكي,,,,2026-02-23 16:52:18,,,المكتب الثقافي القومي,,ara,Rif'at al-Sa'id Library,"Range 3, Shelf H", ,,,
4182,book,"al-Shidyāq/الشدياق, Aḥmad Fāris/احمد فارس",Mukhtārāt min Aḥmad Fāris al-Shidyāq/مختارات من احمد فارس الشدياق,,,1950,2026-02-23 16:58:21,,,Maktabat Ṣādir/مكتبة صادر,Bayrūt/بيروت,ara,Rif'at al-Sa'id Library,"Range 3, Shelf H", ,,,OCLC: 741069520
4184,book,"al-Maʻarrī/المعري, Abū al-ʻAlāʼ/أبو العلاء; Ibn al-Qāriḥ/ابن القارح, ʻAlī ibn Manṣūr/علي بن منصور; Bint al-Shāṭiʼ/بنت الشاطئ",Risālat al-ghufrān/رسالة الغفران,,,1969,2026-02-23 17:04:57,663,Dhakhāʼir al-ʻArab/ذخائر العرب,Dār al-Maʻārif/دار المعارف,al-Qāhirah/القاهرة,ara,Rif'at al-Sa'id Library,"range 3, shelf I", ,,"Ibn al-Qāriḥ/ابن القارح, ʻAlī ibn Manṣūr/علي بن منصور; Bint al-Shāṭiʼ/بنت الشاطئ",OCLC: 30464865
4186,book,"Zayyāt/زيات, Aḥmad Ḥasan/أحمد حسن",Tārīkh al-adab al-ʻArabī lil-madāris al-thānawīyah wa-al-ʻulyā/تاريخ الأدب العربي : للمدارس الثانوية والعليا,978-977-727-927-7,,1981,2026-02-23 17:09:02,,,Dār Nahḍat Miṣr lil-Ṭabʻ wa-al-Nashr/ار نهضة مصر,al-Qāhirah/القاهرة,ara,Rif'at al-Sa'id Library,"range 3, shelf I", Arabic literature; Histoire et critique; History and criticism; Littérature arabe,,,OCLC: 17211470
4188,book,"Waqayyān/وقيان, Khalīfah/خليفة",Qaḍīyah al-ʻArabīyah fī al-shiʻr al-Kuwaytī/القضية العربية في الشعر الكويتي,,,1977,2026-02-23 17:11:18,173,,,Al-Kuwayt/الكويت,ara,Rif'at al-Sa'id Library,"range 3, shelf I"," 20th century; Arabic poetry; History and criticism; Kuwait; Political poetry, Arabic",,,OCLC: 11557900
4190,book,"Badr/بدر, ʻAbd al-Muḥsin Ṭāhā/عبد المحسن طه","Taṭawwur al-riwāyah al-ʻArabīyah al-ḥadīthah fī Miṣr, 1870-1938/ تطور الرواية العربية الحديثة في مصر، 1870-1938",,,1963,2026-02-23 17:14:01,432,Maktabat al-dirāsāt al-adabīyah/كتبة الدراسات الأدبية,Dār al-Maʻārif/دار المعارف,al-Qāhirah/القاهرة,ara,Rif'at al-Sa'id Library,"range 3, shelf I", Arabic prose literature; History and criticism,,,OCLC: 21439712
4192,book,"Hart, Parker T.",America and the Middle East.,,7207-8294,1972,2026-02-23 17:17:23,ix+239,"The Annals of the American Academy of Political and Social Science, v. 401",American Academy of Political and Social Science,Philadelphia,eng,Rif'at al-Sa'id Library,"range 3, shelf I", Foreign relations; Middle East; United States,,,OCLC: 332491
4194,book,University of Texas at Austin African and Afro-American Research Institute,"Research in African literatures, Vol. 1, No. 2",,1527-2044,1970,2026-02-23 18:11:51,,,"African and Afro-American Research Institute, University of Texas at Austin",Austin,eng,Rif'at al-Sa'id Library,"range 3, shelf I"," 6; African literature; Criticism, interpretation, etc; History and criticism; periodicals; Periodicals; Périodiques",,,OCLC: 42388134
4196,book,,Jusoor: Culture and Hegemonyl /جسور:الثقافة ومقاومة الموت,,1066-4955,1993,2026-02-23 18:14:17,,,,"Bethesda, Maryland",en/ara,Rif'at al-Sa'id Library,"range 3, shelf I", ,"Akash, Munir",,
4198,book,"Saʻīd/سعيد, Rifʻat/رفعت",Tārīkh al-ḥarakah al-shuyūʻīyah al-Miṣrīyah/تاريخ الحركة الشيوعية المصرية,,,1987,2026-02-23 18:16:58,,,s.n.,Cairo,ara,Rif'at al-Sa'id Library,"range 3, shelf I", Communism; Egypt; History,,,OCLC: 20455814
4200,book,"Clemens, Walter C.",Dynamics of international relations: conflict and mutual gain in an age of global interdependence,978-0-8476-8851-7,,1998,2026-02-23 18:19:30,xxxi+575,,Rowman & Littlefield,"Lanham, Md",eng,Rif'at al-Sa'id Library,"Range 3, Shelf J", International relations,,,OCLC: 38426219
4202,book,,Tigurisu-Yūfuratesu bunmeiten: Bagudaddo Hakubutsukan no hihō/Exhibition of Tigris-Euphrates civilization,,,1974,2026-02-23 18:21:53,150,,Tōkyō Shinbun,Japan,jpn/eng,Rif'at al-Sa'id Library,"Range 3, Shelf J"," Antiquities; Art; Art, Ancient; Exhibitions; Middle East",Tōkyō Kokuritsu Hakubutsukan; Matḥaf al-ʻIrāqī,,OCLC: 1404246
4204,book,,Jerusalem heritage and life: the old city revitalisation plan,,,2004,2026-02-23 18:24:21,193,,Welfare Association,Jerusalem,eng,Rif'at al-Sa'id Library,"Range 3, Shelf J", City planning; Conservation and restoration; Jerusalem; Historic sites; Jerusalem; Land use; Jerusalem; Yerushalayim ha-ʻatiḳah (Jerusalem),,,OCLC: 79426414
4206,book,"Ramzi, N.",Iraq: the land and the people,978-1-871339-00-0,,1989,2026-02-23 18:25:58,,,Artscan,London,eng,Rif'at al-Sa'id Library,"Range 3, Shelf J", Iraq$$QIraq; Pictorial works,,,OCLC: 40927375
4208,book,Arab Republic of Egypt/جمهورية مصر العربية,The statistical year book 1993-1999/ الكتاب الإحصائي السنوي,,,2000,2026-02-23 18:28:51,,,Central Agency for Public Mobilisation and Statistics/ الجهاز المركزي للتعبئة العامة و الإحصاء,Al-Qāhira/ القاهرة,ara,Rif'at al-Sa'id Library,"Range 3, Shelf J", ,,,
4210,book,Women Against Sanctions on Iraq,"Our life in pieces, our stories",,,,2026-02-23 18:33:11,,,,,eng,Rif'at al-Sa'id Library,"Range 3, Shelf J", ,,,
4212,book,"Denktaş, Rauf R.",Fotoğraflari i̇le Rauf R. Denktaş.,,,1997,2026-02-23 18:35:27,48,,Başak Sigirta,Kuzey Kibris Türk Cumhuri̇yeti̇,tur,Rif'at al-Sa'id Library,"Range 3, Shelf J", Cyprus$$QCyprus; Pictorial works,,,OCLC: 40155801
4214,book,"Saba, Marcel","Witness Iraq: a war journal, February-April 2003",978-1-57687-200-0,,2003,2026-02-23 18:36:40,,,powerHouse Books,"New York, NY",eng,Rif'at al-Sa'id Library,"Range 3, Shelf J"," Iraq War, 2003-2011; Pictorial works",,,OCLC: 52269624
4216,book,"Aytaç, Hamit; Alparslan, Ali; Karahan, Abdülkadir",Kırk hadis,978-975-17-1664-4,,1996,2026-02-23 18:38:50,,T.C. Kültür Bakanlığı yayınları ; 621. Sanat eserleri dizisi,T.C. Kültür Bakanlığı,Ankara,tur;eng;fre;ger,Rif'at al-Sa'id Library,"Range 3, Shelf J"," Alparslan, Ali; Aytaç, Hâmit; Hadith; Illustrations",,,OCLC: 80619621
4218,book,"García Gómez, Emilio; Bermúdez Pareja, Jesús; Bencini, Raffaello; Perugi, Liberto",The Alhambra: the Royal Palace,,,1966,2026-02-23 18:41:08,8,Form and colour,Albaicin/Sadea,Granada,eng,Rif'at al-Sa'id Library,"Range 3, Shelf J"," Alhambra (Granada, Spain)",,"Bermúdez Pareja, Jesús; Bencini, Raffaello; Perugi, Liberto",OCLC: 1197630
4220,book,Iraq Wizārat al-Iʻlām,"Mesopotamia yesterday, Iraq today.",,,1977,2026-02-23 18:43:11,148+21+24,,SARTEC,Lausanne,ara,Rif'at al-Sa'id Library,"Range 3, Shelf J", Antiquities; History; Iraq,,,OCLC: 4845268
4222,book,,"ʿĀlam al-Kitāb: Majallah Bibliyūjārāfīyah ʿĀmmah bi-Mafhūm Thaqāfī Nawʿī, al-ʿadad al-Thālith wa-al-Thalāthūn 1992/عالم الكتاب: مجلة ببليوجرافية عامة بمفهوم ثقافي نوعي، العدد الثالث و الثلاثون 1992",,,1992,2026-02-28 21:14:05,,,al-Hayʾah al-Miṣrīyah al-ʿĀmmah lil-Kitāb/الهيئة المصرية العامة للكتاب,Al-Qāhira/ القاهرة,ara,Rif'at al-Sa'id Library,"Range 3, Shelf K", Arabic literature; Bibliography. Arabic literature; Egypt; Egypt. Arabic literature; History and criticism. Arabic newspapers. Arabic periodicals. Arabic periodicals; Periodicals. Arabic literature,,,OCLC: 235960438
4224,book,"Markaz al-Abḥāth wa-al-Dirāsāt al-Sukkānīyah; Nawar, Laila",Infant & child mortality in Egypt,,,1986,2026-02-28 21:20:13,,,"Central Agency for Public Mobilization and Statistics, Population Studies and Research Centre,[1986]",Egypt,eng,Rif'at al-Sa'id Library,"Range 3, Shelf K",Children -- Mortality -- Egypt.; Infant Mortality; Infants -- Mortality -- Egypt. ,,,OCLC: 22910965
4226,book,"Egypt. Markaz al-Abḥāth wa-al-Dirāsāt al-Sukkānīyah; Nawar, Laila",Maternal health & infant mortality in Egypt,,,1987,2026-02-28 21:23:01,,,"Central Agency for Public Mobilization and Statistics, Population Studies and Research Centre",Egypt,eng,Rif'at al-Sa'id Library,"Range 3, Shelf K",Maternal health services; Maternal health services -- Egypt -- Statistics; Pregnant women -- Health and hygiene -- Egypt -- Statistics. ,,,OCLC: 22910967
4228,book,"Al-Tonsi, Abbas; Al-Sawi, Laila",An intensive course in Egyptian colloquial Arabic,,,1986,2026-02-28 21:26:14,,,American University in Cairo,Cairo,,Rif'at al-Sa'id Library,"Range 3, Shelf K", ,,,
4230,book,,"Rāyat al-Istiqlāl, al-ʿadad 28/ راية الاستقلال، العدد 28",,,1993,2026-02-28 21:30:08,,,Muʾassasat Naṣṣār lil-Nashr wa-al-Tawzīʿ/مؤسسة نصار للنشر والتوزيع,نيقوسيا,ara,Rif'at al-Sa'id Library,"Range 3, Shelf K", ,,,OCLC: 741213943
4232,book,,"Rāyat al-Istiqlāl, al-ʿadad 26/ راية الاستقلال، العدد 26",,,1993,2026-02-28 21:33:11,,,Muʾassasat Naṣṣār lil-Nashr wa-al-Tawzīʿ/مؤسسة نصار للنشر والتوزيع,نيقوسيا,ara,Rif'at al-Sa'id Library,"Range 3, Shelf K", ,,,OCLC: 741213943
4234,book,,"Middle east watch: A committee of human rights watch, February 6, 1992, Vol. 4, No. 1.",,,1992,2026-02-28 21:35:14,,,Middle East Watch,"New York, N.Y.",English,Rif'at al-Sa'id Library,"Range 3, Shelf K", Human rights; Middle East. Human rights,,,OCLC: 183435983
4236,book,"Hulet, Craig B.; Oceans United States Congress Senate Committee on Foreign Relations Subcommittee on Arms Control; Library of Congress Environment and Natural Resources Policy Division",Hussein's mythical nukes and Iraq's military power,,,1991,2026-02-28 21:39:20,,,KC & Associates,"Seattle, WA",eng,Rif'at al-Sa'id Library,"Range 3, Shelf K"," 1980-1988; Conflit irako-iranien, 1980-1988; Economic aspects; États-Unis; Hussein, Saddam, 1937-2006; Installations nucléaires; Irak; Iran-Iraq War (1980-1988); Iran-Iraq War, 1980-1988; Iraq; Military relations; Nuclear facilities; Persian Gulf Region; Persique, Région du golfe; Politics and government; Politique et gouvernement; Relations militaires; United States; War",,Oceans United States Congress Senate Committee on Foreign Relations Subcommittee on Arms Control; Library of Congress Environment and Natural Resources Policy Division,OCLC: 23072247
4238,book,"Louca, Iness Maurice",The culture of Bulaq as viewed by its children,,,1982,2026-02-28 21:41:55,,,,,eng,Rif'at al-Sa'id Library,"Range 3, Shelf K", Bulaq. Child rearing. Children. Social conditions Genre/Form: Academic Dissertation Academic theses. Academic theses. Thèses et écrits académiques; Bulaq. Children; Cairo; Child rearing; Egypt,,,OCLC: 60509163
4240,book,"al-Khūlī/الخولى, Luṭfī/لطفي","al-Ṭalīʿah, al-ʿadad al-Khāmis, al-Sanah al-Thāniyah, 1966/الطليعة، العدد الخامس، السنة الثانية 1966",,,1966,2026-02-28 21:47:49,,,,Al-Qāhira/ القاهرة,ara,Rif'at al-Sa'id Library,"Range 3, Shelf K", ,,,
4242,book,,"ʿĀlam al-Kitāb: Majallah Bibliyūjārāfīyah ʿĀmmah bi-Mafhūm Thaqāfī Nawʿī, al-ʿadad al-Sādis wa-al-Arbaʿūn 1995/عالم الكتاب: مجلة ببليوجرافية عامة بمفهوم ثقافي نوعي، العدد السادس و الاربعون 1995",,,1995,2026-02-28 21:55:15,,,al-Hayʾah al-Miṣrīyah al-ʿĀmmah lil-Kitāb/الهيئة المصرية العامة للكتاب,Al-Qāhira/ القاهرة,ara,Rif'at al-Sa'id Library,"Range 3, Shelf K", Arabic literature; Bibliography. Arabic literature; Egypt; Egypt. Arabic literature; History and criticism. Arabic newspapers. Arabic periodicals. Arabic periodicals; Periodicals. Arabic literature,,,OCLC: 235960438
4244,book,"al-Khūlī/الخولى, Luṭfī/لطفي","al-Ṭalīʿah, al-ʿadad al-ʿĀshir, al-Sanah al-Thāminah, 1972/الطليعة، العدد العاشر، السنة الثامنة 1972",,,1972,2026-02-28 21:56:37,,,,Al-Qāhira/ القاهرة,ara,Rif'at al-Sa'id Library,"Range 3, Shelf K", ,,,
4246,book,"al-Khūlī/الخولى, Luṭfī/لطفي","al-Ṭalīʿah, al-ʿadad al-ʿĀshir, al-Sanah al-Khāmis, 1972/الطليعة، العدد الخامس، السنة الثامنة 1972",,,1972,2026-02-28 21:58:21,,,,Al-Qāhira/ القاهرة,ara,Rif'at al-Sa'id Library,"Range 3, Shelf K", ,,,